zf_gene_id;zf11_gene;mouse_gene;zf10_gene
ENSDARG00000077004;aldh1l1;Aldh1l1;aldh1l1
ENSDARG00000100591;sox32;Sry;sox32
ENSDARG00000013921;frya;Fry;frya
ENSDARG00000094752;rpe65b;Rpe65;rpe65b
ENSDARG00000006399;ywhae1;Ywhae;ywhae1
ENSDARG00000005141;camkvb;Camkv;camkvb
ENSDARG00000019747;hsd3b2;Hsd3b4;hsd3b2
ENSDARG00000093235;mpst;Tst;TST
ENSDARG00000059616;hs3st2;Hs3st2;hs3st2
ENSDARG00000099149;hs3st3b1a;Hs3st3b1;hs3st3b1a
ENSDARG00000086645;hs3st3b1b;Hs3st3b1;hs3st3b1b
ENSDARG00000052648;hs3st4;Hs3st4;hs3st4
ENSDARG00000035578;hs3st1l2;Hs3st1;hs3st1l2
ENSDARG00000053058;rps11;Rps11;rps11
ENSDARG00000090728;tnfrsf9b;Tnfrsf9;tnfrsf9b
ENSDARG00000045605;ticrr;Ticrr;ticrr
ENSDARG00000019881;bsg;Bsg;bsg
ENSDARG00000058105;rpl36a;Rpl36a;rpl36a
ENSDARG00000058451;rpl6;Rpl6;rpl6
ENSDARG00000054754;hs6st1a;Hs6st1;hs6st1a
ENSDARG00000071501;hs6st1b;Hs6st1;hs6st1b
ENSDARG00000069500;hs6st3b;Hs6st3;hs6st3b
ENSDARG00000012021;kdsr;Kdsr;kdsr
ENSDARG00000104881;olfcg12;Vmn2r99;v2ra1
ENSDARG00000037276;map9;Map9;map9
ENSDARG00000104552;olfcg1;Vmn2r70;olfcg1
ENSDARG00000101083;olfcg2;Vmn2r121;olfcg2
ENSDARG00000104854;olfcg3;Vmn2r55;olfcg3
ENSDARG00000099773;olfcg4;Vmn2r94;olfcg4
ENSDARG00000102459;olfcg5;Vmn2r88;olfcg5
ENSDARG00000098546;olfcg6;Vmn2r17;olfcg6
ENSDARG00000033706;adora2aa;Adora2a;adora2aa
ENSDARG00000058488;adora2ab;Adora2a;adora2ab
ENSDARG00000014746;rbfox1;Rbfox1;rbfox1
ENSDARG00000041645;a2ml3;Mug1;ENSDARG00000041645
ENSDARG00000044061;adora3a.1;Adora3;ENSDARG00000044061
ENSDARG00000097011;hbaa1;Hba-a2;hbaa1
ENSDARG00000053502;cryaa;Cryaa;cryaa
ENSDARG00000077686;aak1b;Aak1;aak1b
ENSDARG00000079802;aanat2;Aanat;aanat2
ENSDARG00000036567;aanat1;Aanat;aanat1
ENSDARG00000069142;aars1;Aars1;aars
ENSDARG00000037350;rpl9;Rpl9;rpl9
ENSDARG00000074635;abca1a;Abca1;abca1a
ENSDARG00000100524;abca3b;Abca3;abca3b
ENSDARG00000021787;abcb5;Abcb5;abcb5
ENSDARG00000010936;abcb4;Abcb4;abcb4
ENSDARG00000079766;tap1;Tap1;tap1
ENSDARG00000033446;tap2t;Tap2;tap2t
ENSDARG00000036787;tap2a;Tap2;tap2a
ENSDARG00000063297;abcb6a;Abcb6;abcb6a
ENSDARG00000094901;abcc6b.2;Abcc6;abcc6b.2
ENSDARG00000041107;cftr;Cftr;cftr
ENSDARG00000038785;abcf2a;Abcf2;abcf2a
ENSDARG00000061047;abcg4a;Abcg4;abcg4a
ENSDARG00000076435;abhd10a;Abhd10;abhd10a
ENSDARG00000091433;abhd17aa;Abhd17a;abhd17aa
ENSDARG00000043084;abhd17ab;Abhd17a;abhd17ab
ENSDARG00000025797;abhd2a;Abhd2;abhd2a
ENSDARG00000099515;ephx4;Ephx4;ephx4
ENSDARG00000010155;abi1a;Abi1;abi1a
ENSDARG00000071095;abi3bpb;Abi3bp;abi3bpb
ENSDARG00000019207;gbgt1l5;Gbgt1;abo
ENSDARG00000061355;aoc1;Aoc1l1;aoc1
ENSDARG00000033854;abrab;Abra;abrab
ENSDARG00000043339;abraxas1;Abraxas1;abraxas2a
ENSDARG00000098907;abraxas2;Abraxas2;abraxas2b
ENSDARG00000091342;adcy5;Adcy5;adcy5
ENSDARG00000060783;acap2b;Acap2;acap2
ENSDARG00000059824;soat2;Soat2;soat2
ENSDARG00000020574;atp2a1;Atp2a1;atp2a1
ENSDARG00000078512;acaca;Acaca;acaca
ENSDARG00000006849;asic2;Asic2;asic2
ENSDARG00000101866;asic1b;Asic3;asic1b
ENSDARG00000008329;asic1a;Asic1;asic1a
ENSDARG00000098428;asic1c;Asic1;asic1c
ENSDARG00000025162;asic4a;Asic4;asic4a
ENSDARG00000004243;asic4b;Asic4;asic4b
ENSDARG00000003399;fgf8a;Fgf8;fgf8a
ENSDARG00000062909;furina;Furin;furina
ENSDARG00000005355;larp6a;Larp6;larp6
ENSDARG00000009021;chrna1;Chrna1;chrna1
ENSDARG00000022532;chrnb1l;Chrnb1;chrnb1l
ENSDARG00000069660;chrnb1;Chrnb1;chrnb1
ENSDARG00000034307;chrne;Chrne;chrne
ENSDARG00000086647;chrng;Chrng;chrng
ENSDARG00000060745;pgm5;Pgm5;pgm5
ENSDARG00000026842;acin1b;Acin1;acin1b
ENSDARG00000069433;tnk1;Tnk1;tnk1
ENSDARG00000104409;tnk2b;Tnk2;tnk2b
ENSDARG00000099079;aclya;Acly;aclya
ENSDARG00000036092;sdhaf3;Sdhaf3;sdhaf3
ENSDARG00000058229;acot11a;Acot11;acot11a
ENSDARG00000058352;acot9.1;Acot10;acot9.1
ENSDARG00000019763;acp5a;Acp5;acp5a
ENSDARG00000040644;pxylp1;Pxylp1;pxylp1
ENSDARG00000100086;adipoqb;Adipoq;adipoqb
ENSDARG00000030514;acsl1a;Acsl1;acsl1a
ENSDARG00000014674;acsl3b;Acsl3;acsl3b
ENSDARG00000004078;acsl4a;Acsl4;acsl4a
ENSDARG00000044142;acss1;Acss1;acss1
ENSDARG00000091734;traf3ip2l;Traf3ip2;traf3ip2l
ENSDARG00000099197;actc1b;Actc1;actc1b
ENSDARG00000012671;inhbaa;Inhba;inhbaa
ENSDARG00000040777;inhbb;Inhbb;inhbb
ENSDARG00000055618;acta1b;Acta1;acta1b
ENSDARG00000042535;actc1a;Actc1;actc1a
ENSDARG00000043135;pomca;Pomc;pomca
ENSDARG00000037746;actb1;Actg1;actb1
ENSDARG00000024759;inhbab;Inhba;inhbab
ENSDARG00000071090;actn2b;Actn2;actn2b
ENSDARG00000013755;actn3a;Actn3;actn3a
ENSDARG00000011611;actr1b;Actr1b;actr1
ENSDARG00000052438;actr2a;Actr2;actr2a
ENSDARG00000011188;acvr2aa;Acvr2a;acvr2aa
ENSDARG00000044422;acvr2ba;Acvr2b;acvr2b
ENSDARG00000014986;acvr1l;Acvr1;acvr1l
ENSDARG00000018968;acvr1ba;Acvr1b;acvr1ba
ENSDARG00000002487;noc3l;Noc3l;noc3l
ENSDARG00000003113;ada;Ada;ada
ENSDARG00000053468;adam10a;Adam10;adam10a
ENSDARG00000079068;adam12b;Adam12;adam12
ENSDARG00000093093;adam17b;Adam17;adam17b
ENSDARG00000001452;adam8a;Adam8;adam8a
ENSDARG00000010070;adam9a;Adam9;adam9
ENSDARG00000029124;adamts15a;Adamts15;adamts15a
ENSDARG00000075930;adamts2a;Adamts2;adamts2
ENSDARG00000038151;zgc:92360;Adap1;zgc:92360
ENSDARG00000041609;adarb1a;Adarb1;adarb1a
ENSDARG00000020123;coq8aa;Coq8a;adck3
ENSDARG00000101130;coq8b;Coq8b;adck4
ENSDARG00000031783;adcy8;Adcy8;adcy8
ENSDARG00000060070;adcy7;Adcy7;adcy7
ENSDARG00000061445;adcy6a;Adcy6;adcy6a
ENSDARG00000004015;adcyap1a;Adcyap1;adcyap1a
ENSDARG00000105201;adcyap1r1a;Adcyap1r1;adcyap1r1a
ENSDARG00000040874;add3a;Add3;add3a
ENSDARG00000042332;plin2;Plin2;plin2
ENSDARG00000054177;adgra1a;Adgra1;adgra1a
ENSDARG00000080010;adh5;Adh5;adh5
ENSDARG00000062228;adipoqa;Adipoq;adipoqa
ENSDARG00000002912;adipor1a;Adipor1;adipor1a
ENSDARG00000039429;adka;Adk;adka
ENSDARG00000045708;adm2a;Adm2;adm2a
ENSDARG00000036616;gpr182;Gpr182;gpr182
ENSDARG00000074293;adnpb;Adnp;adnpb
ENSDARG00000062002;adnpa;Adnp;adnpa
ENSDARG00000060937;adnp2a;Adnp2;adnp2a
ENSDARG00000075694;adora1b;Adora1;adora1b
ENSDARG00000019338;adprs;Adprs;adprhl2
ENSDARG00000026090;adprm;Adprm;adprm
ENSDARG00000079202;parp2;Parp2;parp2
ENSDARG00000008237;sars1;Sars1;sars
ENSDARG00000028725;adra1aa;Adra1a;adra1aa
ENSDARG00000104094;grk3;Grk3;adrbk2
ENSDARG00000058560;adrm1;Adrm1;adrm1
ENSDARG00000002071;adss2;Adss2;adss
ENSDARG00000099517;adss1;Adss1;adssl1
ENSDARG00000102394;ap1g1;Ap1g1;ap1g1
ENSDARG00000089475;hbae1.2;Hba-x;hbae1
ENSDARG00000012881;slc4a1a;Slc4a1;slc4a1a
ENSDARG00000088330;hbae1.3;Hba-x;HBZ
ENSDARG00000028173;slc4a2a;Slc4a2;slc4a2a
ENSDARG00000052330;slc4a2b;Slc4a2;slc4a2b
ENSDARG00000104005;slc4a3;Slc4a3;FQ790211.1
ENSDARG00000091726;aebp1a;Aebp1;aebp1
ENSDARG00000102441;ctnna1;Ctnna1;ctnna1
ENSDARG00000020219;dld;Dll1;dld
ENSDARG00000039150;lgmn;Lgmn;lgmn
ENSDARG00000021805;tle5;Tle5;aes
ENSDARG00000094451;cfp;Cfp;cfp
ENSDARG00000057210;has3;Has3;has3
ENSDARG00000009470;hnf1a;Hnf1a;hnf1a
ENSDARG00000025301;gfap;Gfap;gfap
ENSDARG00000089162;afap1l1a;Afap1l1;afap1l1a
ENSDARG00000019117;parvb;Parvb;parvb
ENSDARG00000095863;afp4;Apoa2;afp4
ENSDARG00000060682;agr1;Agr3;agr1
ENSDARG00000036239;gatm;Gatm;gatm
ENSDARG00000035891;acana;Acan;acana
ENSDARG00000030020;agfg1a;Agfg1;agfg1a
ENSDARG00000103811;agla;Agl;agla
ENSDARG00000104138;igfbp7;Igfbp7;igfbp7
ENSDARG00000092644;ago1;Ago1;ago1
ENSDARG00000061268;ago2;Ago2;ago2
ENSDARG00000059888;ago3a;Ago3;ENSDARG00000059888
ENSDARG00000063079;ago3b;Ago3;ago3b
ENSDARG00000100854;ago4;Ago4;ago4
ENSDARG00000019897;gpat4;Gpat4;gpat4
ENSDARG00000016048;gpat3;Gpat3;gpat3
ENSDARG00000079388;agrn;Agrn;agrn
ENSDARG00000069089;agrp;Agrp;agrp
ENSDARG00000018616;agtr1a;Agtr1a;agtr1a
ENSDARG00000002172;aplnra;Aplnr;aplnra
ENSDARG00000036670;aplnrb;Aplnr;aplnrb
ENSDARG00000018478;agxtb;Agxt;agxtb
ENSDARG00000035544;etnppl;Etnppl;etnppl
ENSDARG00000052099;agxta;Agxt;agxta
ENSDARG00000039343;ahcyl2b;Ahcyl2;ahcyl2
ENSDARG00000020046;ahr1a;Ahr;ahr1a
ENSDARG00000023537;ahr1b;Ahr;ahr1b
ENSDARG00000052618;ahrrb;Ahrr;ahrrb
ENSDARG00000099702;ahrra;Ahrr;CABZ01103755.1
ENSDARG00000028664;ahsa1a;Ahsa1;ahsa1a
ENSDARG00000100317;ahsa1b;Ahsa1;ahsa1b
ENSDARG00000026764;ahsg1;Ahsg;ahsg1
ENSDARG00000041502;tgfb1a;Tgfb1;tgfb1a
ENSDARG00000058806;naxe;Naxe;apoa1bp
ENSDARG00000061692;yjefn3;Yjefn3;yjefn3
ENSDARG00000015734;aicda;Aicda;aicda
ENSDARG00000058088;aifm1;Aifm1;aifm1
ENSDARG00000009336;aif1l;Aif1l;aif1l
ENSDARG00000002593;slc45a2;Slc45a2;slc45a2
ENSDARG00000031782;crybg1a;Crybg1;aim1a
ENSDARG00000060036;aimp1a;Aimp1;aimp1
ENSDARG00000075067;aipl1;Aipl1;aipl1
ENSDARG00000040730;wdr75;Wdr75;wdr75
ENSDARG00000007217;wdr55;Wdr55;wdr55
ENSDARG00000058226;ak3;Ak3;ak3
ENSDARG00000006546;ak4;Ak4;ak4
ENSDARG00000019001;ak7a;Ak7;ak7a
ENSDARG00000006062;akap1b;Akap1;akap1b
ENSDARG00000055678;akap12b;Akap12;akap12b
ENSDARG00000021913;ak9;Ak9;ak9
ENSDARG00000010478;hsp90aa1.1;Hsp90aa1;hsp90aa1.1
ENSDARG00000035257;akr1a1a;Akr1a1;akr1a1a
ENSDARG00000006215;akr1b1.1;Akr1b1;akr1b1
ENSDARG00000098625;efna5b;Efna5;efna5b
ENSDARG00000038643;alas2;Alas2;alas2
ENSDARG00000021059;alas1;Alas1;alas1
ENSDARG00000026531;alcama;Alcam;alcama
ENSDARG00000028087;aldh2.2;Aldh2;aldh2.2
ENSDARG00000089924;aldh2.1;Aldh2;aldh2.1
ENSDARG00000028259;aldh3a2a;Aldh3a2;aldh3a2a
ENSDARG00000013839;aldh3b1;Aldh3b1;aldh3b1
ENSDARG00000037061;aldh9a1b;Aldh9a1;aldh9a1b
ENSDARG00000069100;aldh9a1a.1;Aldh9a1;aldh9a1a.1
ENSDARG00000011665;aldoaa;Aldoart2;aldoaa
ENSDARG00000019702;aldocb;Aldoc;aldocb
ENSDARG00000057661;aldoca;Aldoc;aldoca
ENSDARG00000012390;kcnk5b;Kcnk5;kcnk5b
ENSDARG00000060282;rnf121;Rnf121;rnf121
ENSDARG00000004785;cops2;Cops2;cops2
ENSDARG00000018179;acvrl1;Acvrl1;acvrl1
ENSDARG00000019728;bmpr1aa;Bmpr1a;bmpr1aa
ENSDARG00000105045;bmpr1ab;Bmpr1a;bmpr1ab
ENSDARG00000017494;tgfbr1a;Tgfbr1;tgfbr1a
ENSDARG00000042259;tgfbr1b;Tgfbr1;tgfbr1b
ENSDARG00000104100;bmpr1ba;Bmpr1b;bmpr1ba
ENSDARG00000102742;bmpr1bb;Bmpr1b;bmpr1bb
ENSDARG00000098432;paf1;Paf1;paf1
ENSDARG00000068365;lmx1bb;Lmx1b;lmx1bb
ENSDARG00000069463;alox12;Alox12;alox12
ENSDARG00000016789;zgc:152891;Alox8;zgc:152891
ENSDARG00000057273;alox5a;Alox5;alox5a
ENSDARG00000014248;pdlim3b;Pdlim3;pdlim3b
ENSDARG00000015546;alpl;Alpl;alpl
ENSDARG00000068503;gbgt1l4;Gbgt1;gbgt1l4
ENSDARG00000012405;col1a1a;Col1a1;col1a1a
ENSDARG00000020007;col1a2;Col1a2;col1a2
ENSDARG00000019231;sptan1;Sptan1;spna2
ENSDARG00000035809;col1a1b;Col1a1;col1a1b
ENSDARG00000103702;si:busm1-194e12.8;H2-Aa;si:busm1-194e12.8
ENSDARG00000103716;mhc2dga;H2-Aa;si:busm1-48c11.3
ENSDARG00000101735;chn1;Chn1;chn1
ENSDARG00000020405;napab;Napa;napab
ENSDARG00000067605;napaa;Napa;napaa
ENSDARG00000045142;hbae5;Hba-x;hbae5
ENSDARG00000015273;alpi.1;Alpi;alpi.1
ENSDARG00000011023;pdlim3a;Pdlim3;pdlim3a
ENSDARG00000070061;gfer;Gfer;gfer
ENSDARG00000075111;als2a;Als2;als2a
ENSDARG00000041735;tmem237a;Tmem237;tmem237a
ENSDARG00000074248;tmem237b;Tmem237;tmem237b
ENSDARG00000019950;carf;Carf;carf
ENSDARG00000005574;vsx2;Vsx2;vsx2
ENSDARG00000088332;alx4a;Alx4;alx4a
ENSDARG00000075441;vwa2;Vwa2;vwa2
ENSDARG00000004296;ambp;Ambp;ambp
ENSDARG00000020218;amfra;Amfr;amfr
ENSDARG00000090637;myh6;Myh6;myh6
ENSDARG00000087646;runx1;Runx1;runx1
ENSDARG00000061923;amotl2a;Amotl2;amotl2a
ENSDARG00000029952;ampd2b;Ampd2;ampd2b
ENSDARG00000032469;ampd3b;Ampd3;ampd3b
ENSDARG00000060596;prkaa1;Prkaa1;prkaa1
ENSDARG00000060641;prkaa2;Prkaa2;prkaa2
ENSDARG00000054355;dcaf7;Dcaf7;dcaf7
ENSDARG00000015998;wdhd1;Wdhd1;wdhd1
ENSDARG00000052960;nppa;Nppa;nppa
ENSDARG00000030364;angpt1;Angpt1;angpt1
ENSDARG00000053906;angpt2b;Angpt2;angpt2b
ENSDARG00000062016;vps51;Vps51;vps51
ENSDARG00000012071;angptl1a;Angptl1;angptl1a
ENSDARG00000068369;angptl2b;Angptl2;angptl2b
ENSDARG00000059093;ank1a;Ank1;ENSDARG00000059093
ENSDARG00000092143;ank1a;Ank1;ank1a
ENSDARG00000043313;ank2b;Ank2;ank2b
ENSDARG00000014969;ankhb;Ank;ankhb
ENSDARG00000060768;ankib1a;Ankib1;ankib1a
ENSDARG00000037100;ankrd10a;Ankrd10;ankrd10a
ENSDARG00000061901;ankrd13a;Ankrd13a;ankrd13a
ENSDARG00000009023;ankrd28b;Ankrd28;ankrd28b
ENSDARG00000079125;sowahab;Sowaha;sowahab
ENSDARG00000015780;ankrd46b;Ankrd46;ankrd46b
ENSDARG00000036826;ankrd52a;Ankrd52;ankrd52a
ENSDARG00000087152;sowahd;Sowahd;sowahd
ENSDARG00000019135;ankef1a;Ankef1;ankef1a
ENSDARG00000029370;ankrd6b;Ankrd6;ankrd6b
ENSDARG00000002403;nusap1;Nusap1;nusap1
ENSDARG00000102335;ano1a;Ano1;ano1
ENSDARG00000057736;ano10a;Ano10;ano10a
ENSDARG00000101363;ano2b;Ano2;ano2
ENSDARG00000103878;anpepb.1;Anpep;anpepb
ENSDARG00000041083;anpeplb;Anpep;anpepa
ENSDARG00000042684;serpinc1;Serpinc1;serpinc1
ENSDARG00000019920;lft1;Lefty1;lft1
ENSDARG00000063612;antxr1c;Antxr1;antxr1c
ENSDARG00000076703;zfand4;Zfand4;zfand4
ENSDARG00000016470;anxa5b;Anxa5;anxa5b
ENSDARG00000009196;anxa3a;Anxa3;anxa3a
ENSDARG00000060679;kdm1a;Kdm1a;kdm1a
ENSDARG00000020054;aox6;Aox4;aox6
ENSDARG00000071475;aox5;Aox3;aox5
ENSDARG00000059279;tfap2a;Tfap2a;tfap2a
ENSDARG00000012667;tfap2b;Tfap2b;tfap2b
ENSDARG00000033899;ap2m1b;Ap2m1;ap2m1b
ENSDARG00000103923;tfap4;Tfap4;tfap4
ENSDARG00000013726;ap4b1;Ap4b1;ap4b1
ENSDARG00000074328;apba1b;Apba1;apba1b
ENSDARG00000060639;apba2b;Apba2;apba2b
ENSDARG00000039256;spega;Speg;spega
ENSDARG00000009350;atg3;Atg3;atg3
ENSDARG00000052104;atg4b;Atg4b;atg4b
ENSDARG00000044373;atg4c;Atg4c;atg4c
ENSDARG00000023396;atg5;Atg5;atg5
ENSDARG00000033597;api5;Api5;api5
ENSDARG00000070485;cenps;Cenps;apitd1
ENSDARG00000021225;prkci;Prkci;prkci
ENSDARG00000098368;aplp1;Aplp1;aplp1
ENSDARG00000018881;apobec2a;Apobec2;apobec2a
ENSDARG00000012076;apoa1a;Apoa1;apoa1a
ENSDARG00000040298;apoa4b.1;Apoa4;apoa4b.1
ENSDARG00000042780;apoba;Apob;apoba
ENSDARG00000022767;apobb.1;Apob;apobb.1
ENSDARG00000092170;apoc1;Apoc1;apoc1
ENSDARG00000060345;apoda.1;Apod;apoda.1
ENSDARG00000040295;apoeb;Apoe;apoeb
ENSDARG00000102004;apoea;Apoe;apoea
ENSDARG00000070074;lrp8;Lrp8;lrp8
ENSDARG00000026444;apoob;Apoo;apoob
ENSDARG00000092473;coa8;Coa8;apopt1
ENSDARG00000040076;pycard;Pycard;pycard
ENSDARG00000104279;appa;App;appa
ENSDARG00000011301;nae1;Nae1;nae1
ENSDARG00000091556;tnfsf13;Tnfsf13;tnfsf13
ENSDARG00000037285;mipa;Mip;mipa
ENSDARG00000013963;mipb;Mip;mipb
ENSDARG00000100555;aqp11;Aqp11;aqp11
ENSDARG00000023713;aqp1a.1;Aqp1;aqp1a.1
ENSDARG00000091027;aqp1a.2;Aqp1;aqp1a.2
ENSDARG00000069518;aqp3b;Aqp3;aqp3b
ENSDARG00000045141;aqp8a.1;Aqp8;aqp8a.1
ENSDARG00000071592;aqp8a.2;Aqp8;aqp8a.2
ENSDARG00000053480;aqp9b;Aqp9;aqp9b
ENSDARG00000041348;cyp19a1a;Cyp19a1;cyp19a1a
ENSDARG00000067976;ar;Ar;ar
ENSDARG00000043905;rnf14;Rnf14;rnf14
ENSDARG00000102362;slc25a12;Slc25a12;slc25a12
ENSDARG00000051783;rplp0;Rplp0;rplp0
ENSDARG00000002792;arcn1a;Arcn1;arcn1a
ENSDARG00000031214;arcn1b;Arcn1;arcn1b
ENSDARG00000071060;naa10;Naa11;naa10
ENSDARG00000056582;arf2b;Map3k14;map3k14b
ENSDARG00000016393;arf2b;Map3k14;arf2b
ENSDARG00000014763;arf2a;Arf2;arf2a
ENSDARG00000036998;arf3b;Arf3;arf3b
ENSDARG00000052928;arf6a;Arf6;arf6b
ENSDARG00000031848;pparg;Pparg;pparg
ENSDARG00000076801;arap3;Arap3;arap3
ENSDARG00000058567;avp;Avp;avp
ENSDARG00000019223;arglu1a;Arglu1;arglu1a
ENSDARG00000094673;rhoab;Rhoa;rhoab
ENSDARG00000007396;rnd3b;Rnd3;rnd3b
ENSDARG00000076799;rnd3a;Rnd3;rnd3a
ENSDARG00000026482;arhgap12b;Arhgap12;arhgap12b
ENSDARG00000026840;arhgap23b;Arhgap23;arhgap23b
ENSDARG00000017748;arhgap29b;Arhgap29;arhgap29b
ENSDARG00000062577;arhgap35a;Arhgap35;arhgap35a
ENSDARG00000060297;arhgap35b;Arhgap35;arhgap35b
ENSDARG00000059672;arhgap36;Arhgap36;arhgap6
ENSDARG00000011157;arhgef18a;Arhgef18;arhgef18a
ENSDARG00000060415;arhgef28a;Arhgef28;arhgef28
ENSDARG00000002463;arhgef37;Arhgef37;arhgef37
ENSDARG00000073848;arhgef7b;Arhgef7;arhgef7b
ENSDARG00000078624;arhgef9b;Arhgef9;arhgef9b
ENSDARG00000070735;rnd2;Rnd2;rnd2
ENSDARG00000030547;rnd1a;Rnd1;rnd1a
ENSDARG00000090656;tomm20a;Arid4b;tomm20a
ENSDARG00000103163;tomm20a;Arid4b;tomm20a
ENSDARG00000007406;phox2a;Phox2a;phox2a
ENSDARG00000006915;arl8ba;Arl8b;arl8ba
ENSDARG00000076040;arl15a;Arl15;arl15a
ENSDARG00000012763;arl13b;Arl13b;arl13b
ENSDARG00000071409;arl3b;Arl3;arl3
ENSDARG00000033182;arl4ab;Arl4a;arl4ab
ENSDARG00000099918;arl4aa;Arl4a;arl4aa
ENSDARG00000054578;arl6ip1;Arl6ip1;arl6ip1
ENSDARG00000057719;atl2;Atl2;atl2
ENSDARG00000077044;arl6ip5a;Arl6ip5;arl6ip5a
ENSDARG00000016238;arl6ip5b;Arl6ip5;arl6ip5b
ENSDARG00000094709;arl8;Arl5b;arl8
ENSDARG00000055128;odad2;Odad2;armc4
ENSDARG00000021855;arnt;Arnt;arnt
ENSDARG00000103697;arnt2;Arnt2;arnt2
ENSDARG00000006791;bmal1a;Bmal1;arntl1a
ENSDARG00000035732;bmal1b;Bmal1;arntl1b
ENSDARG00000041381;bmal2;Bmal2;arntl2
ENSDARG00000098360;cyp19a1b;Cyp19a1;cyp19a1b
ENSDARG00000016494;ddc;Ddc;ddc
ENSDARG00000039142;arpc5a;Arpc5;arpc5a
ENSDARG00000041720;arpc5la;Arpc5l;arpc5la
ENSDARG00000032532;arpp19a;Arpp19;arpp19a
ENSDARG00000098475;arr3b;Arr3;arr3b
ENSDARG00000056511;arr3a;Arr3;arr3a
ENSDARG00000011545;arrb2b;Arrb2;arrb2b
ENSDARG00000039215;arrb2a;Arrb2;arrb2a
ENSDARG00000043241;arrb1;Arrb1;arrb1
ENSDARG00000068148;arrdc1a;Arrdc1;arrdc1a
ENSDARG00000052690;arrdc3a;Arrdc3;arrdc3a
ENSDARG00000012610;saga;Sag;saga
ENSDARG00000038378;sagb;Sag;sagb
ENSDARG00000017762;srrt;Srrt;srrt
ENSDARG00000058011;arxa;Arx;arxa
ENSDARG00000037091;asah1a;Asah1;asah1a
ENSDARG00000039729;asap1b;Asap1;asap1b
ENSDARG00000017086;asb12a;Asb12;asb12a
ENSDARG00000079698;asb13a.1;Asb13;asb13a.1
ENSDARG00000087741;asb14b;Asb14;asb14b
ENSDARG00000043713;asf1bb;Asf1a;asf1bb
ENSDARG00000003797;asb2a.1;Asb2;asb2a.1
ENSDARG00000053222;asb5b;Asb5;asb5b
ENSDARG00000014916;slc10a2;Slc10a2;slc10a2
ENSDARG00000101037;asf1ba;Asf1a;asf1ba
ENSDARG00000095963;asgr1a;Asgr2;si:ch73-361h17.1
ENSDARG00000038386;ascl1a;Ascl1;ascl1a
ENSDARG00000101628;ascl1b;Ascl2;ascl1b
ENSDARG00000009702;ascl1b;Ascl2;ascl1b
ENSDARG00000010583;pard3ab;Pard3;pard3ab
ENSDARG00000077858;asip1;a;asip1
ENSDARG00000005416;map3k5;Map3k5;map3k5
ENSDARG00000045023;lhfpl5a;Lhfpl5;lhfpl5a
ENSDARG00000018190;get3;Get3;asna1
ENSDARG00000002192;aspn;Aspn;aspn
ENSDARG00000009136;tp53bp2a;Trp53bp2;tp53bp2a
ENSDARG00000054858;tp53bp2b;Trp53bp2;tp53bp2b
ENSDARG00000014891;robo2;Robo2;robo2
ENSDARG00000070132;aste1a;Aste1;aste1a
ENSDARG00000057728;slc17a8;Slc17a8;slc17a8
ENSDARG00000011764;ints13;Ints13;asun
ENSDARG00000056609;atad1b;Atad1;atad1b
ENSDARG00000086848;atad3;Atad3a;atad3
ENSDARG00000025615;prr15la;Prr15l;prr15la
ENSDARG00000029308;prr15lb;Prr15l;prr15lb
ENSDARG00000052975;ubqln4;Ubqln4;ubqln4
ENSDARG00000036775;dtd2;Dtd2;dtd2
ENSDARG00000023903;atf2;Atf2;atf2
ENSDARG00000038141;atf4b;Atf4;atf4b
ENSDARG00000089390;pnpla2;Pnpla2;pnpla2
ENSDARG00000055294;atoh1a;Atoh1;atoh1a
ENSDARG00000069552;atoh7;Atoh7;atoh7
ENSDARG00000014311;pgghg;Pgghg;pgghg
ENSDARG00000031015;dtna;Dtna;dtna
ENSDARG00000040008;neurod6a;Neurod6;neurod6a
ENSDARG00000020794;neurod6b;Neurod6;neurod6b
ENSDARG00000016951;neurog3;Neurog3;neurog3
ENSDARG00000029931;atp13a1;Atp13a1;atp13a1
ENSDARG00000002791;atp1a1a.1;Atp1a1;atp1a1a.2
ENSDARG00000099203;atp1b2a;Atp1b2;atp1b2a
ENSDARG00000015790;atp1b3a;Atp1b3;atp1b3a
ENSDARG00000029439;atp2a2a;Atp2a2;atp2a2a
ENSDARG00000043474;atp2b3a;Atp2b3;atp2b3a
ENSDARG00000010149;atp5fa1;Atp5f1a;atp5a1
ENSDARG00000070083;atp5f1b;Atp5f1b;atp5b
ENSDARG00000045514;atp5f1c;Atp5f1c;atp5c1
ENSDARG00000019404;atp5f1d;Atp5f1d;atp5d
ENSDARG00000095897;atp5f1e;Atp5f1e;atp5e
ENSDARG00000011553;atp5pb;Atp5pb;atp5f1
ENSDARG00000009447;atp5mc3b;Atp5mc3;atp5g3b
ENSDARG00000056008;atp5mc1;Atp5mc1;atp5g1
ENSDARG00000017775;atp5mc3a;Atp5mc3;atp5g3a
ENSDARG00000098355;atp5pd;Atp5pd;atp5h
ENSDARG00000068940;atp5meb;Atp5me;atp5ib
ENSDARG00000078113;atp5mea;Atp5me;atp5ia
ENSDARG00000014313;atp5pf;Atp5pf;atp5j
ENSDARG00000037867;atp5mf;Atp5mf;atp5j2
ENSDARG00000092873;atp5mj;Atp5mj;zgc:193541
ENSDARG00000001788;atp5po;Atp5po;atp5o
ENSDARG00000012072;dmac2l;Dmac2l;atp5s
ENSDARG00000063911;mt-atp6;mt-Atp6;mt-atp6
ENSDARG00000037153;atp6ap1b;Atp6ap1;atp6ap1b
ENSDARG00000091509;atp6ap1la;Atp6ap1l;atp6ap1la
ENSDARG00000030694;atp6v1e1b;Atp6v1e2;atp6v1e1b
ENSDARG00000057853;atp6v0ca;Atp6v0c;atp6v0ca
ENSDARG00000020847;atp6v0a1a;Atp6v0a1;atp6v0a1a
ENSDARG00000101794;atp6v0e1;Rpl26;atp6v0e1
ENSDARG00000076318;atp6v1ab;Atp6v1a;atp6v1ab
ENSDARG00000034534;atp6v1aa;Atp6v1a;atp6v1aa
ENSDARG00000043465;atp6v1b2;Atp6v1b2;atp6v1b2
ENSDARG00000023967;atp6v1c1a;Atp6v1c1;atp6v1c1a
ENSDARG00000035880;atp6v1c1b;Atp6v1c1;atp6v1c1b
ENSDARG00000001870;atp1a1a.4;Atp1a1;atp1a1a.4
ENSDARG00000039131;atp1a1a.3;Atp1a1;atp1a1a.3
ENSDARG00000007739;atp1a1a.2;Atp1a1;atp1a1a.2
ENSDARG00000019856;atp1a1b;Atp1a1;atp1a1b
ENSDARG00000010472;atp1a2a;Atp1a2;atp1a2a
ENSDARG00000104139;atp1a3b;Atp1a3;atp1a3b
ENSDARG00000018259;atp1a3a;Atp1a3;atp1a3a
ENSDARG00000103127;gpn2;Gpn2;gpn2
ENSDARG00000069525;gpn3;Gpn3;gpn3
ENSDARG00000042839;dph6;Dph6;dph6
ENSDARG00000067975;atp5if1a;Atp5if1;atpif1a
ENSDARG00000044092;atp5if1b;Atp5if1;atpif1b
ENSDARG00000041223;antkmt;Antkmt;fam173a
ENSDARG00000018426;aldh7a1;Aldh7a1;aldh7a1
ENSDARG00000104118;antxr2a;Antxr2;antxr2a
ENSDARG00000063011;antxr2b;Antxr2;antxr2b
ENSDARG00000006420;atrnl1b;Atrnl1;atrnl1b
ENSDARG00000040277;fbxo32;Fbxo32;fbxo32
ENSDARG00000077353;rerea;Rere;rerea
ENSDARG00000044059;lft2;Lefty1;lft2
ENSDARG00000011257;enpp2;Enpp2;enpp2
ENSDARG00000060862;atxn1b;Atxn1;atxn1b
ENSDARG00000061687;atxn1a;Atxn1;atxn1a
ENSDARG00000056268;atxn7l2b;Atxn7l2;atxn7l2b
ENSDARG00000029331;atxn7l3a;Atxn7l3;atxn7l3
ENSDARG00000042815;alkal2b;Alkal2;fam150bb
ENSDARG00000074387;alkal1;Alkal1;fam150a
ENSDARG00000037640;aurkb;Aurkb;aurkb
ENSDARG00000056427;auts2a;Auts2;auts2a
ENSDARG00000077083;avpr1aa;Avpr1a;avpr1aa
ENSDARG00000045788;avpr1ab;Avpr1a;avpr1ab
ENSDARG00000098443;zfand6;Zfand6;zfand6
ENSDARG00000003411;foxa2;Foxa2;foxa2
ENSDARG00000100149;axin2;Axin2;axin2
ENSDARG00000031426;csrnp1a;Csrnp1;csrnp1a
ENSDARG00000038429;csrnp1b;Csrnp1;csrnp1b
ENSDARG00000011506;lpcat1;Lpcat1;lpcat1
ENSDARG00000012019;glra1;Glra1;glra1
ENSDARG00000006865;glra4a;Glra4;glra4a
ENSDARG00000088984;cep131;Cep131;cep131
ENSDARG00000035869;azin1b;Azin1;azin1b
ENSDARG00000104782;oaz1b;Oaz1;oaz1b
ENSDARG00000059815;oaz2b;Oaz2;oaz2b
ENSDARG00000071403;oaz1a;Oaz1;oaz1a
ENSDARG00000100026;olfch1;Vmn2r104;olfch1
ENSDARG00000073917;b3glcta;B3glct;b3glcta
ENSDARG00000077740;b3glctb;B3glct;b3glctb
ENSDARG00000040547;b3gat1a;B3gat1;b3gat1a
ENSDARG00000077583;b4gat1;B4gat1;b4gat1
ENSDARG00000058100;b3gnt3.4;B3gnt3;b3gnt3
ENSDARG00000018971;b3gnt5a;B3gnt5;b3gnt5a
ENSDARG00000094579;b4galnt2.1;B4galnt2;b4galnt2.1
ENSDARG00000089087;hbba1;Hbb-y;hbba1
ENSDARG00000097238;ba1l;Hbb-y;hbba1
ENSDARG00000044781;bace2;Bace2;bace2
ENSDARG00000002196;bach1b;Bach1;bach1b
ENSDARG00000004074;bach2b;Bach2;bach2b
ENSDARG00000037870;actb2;Actb;actb2
ENSDARG00000054937;badb;Bad;badb
ENSDARG00000012824;itga3b;Itga3;itga3b
ENSDARG00000077946;smarcc2;Smarcc2;smarcc2
ENSDARG00000070828;actl6a;Actl6a;actl6a
ENSDARG00000016871;smarce1;Smarce1;smarce1
ENSDARG00000019004;smarcd1;Smarcd1;smarcd1
ENSDARG00000012945;tnfsf13b;Tnfsf13b;tnfsf13b
ENSDARG00000080009;bahcc1b;Bahcc1;bahcc1b
ENSDARG00000075133;adgrb1a;Adgrb1;adgrb1a
ENSDARG00000003169;magi1b;Magi1;magi1b
ENSDARG00000029305;baiap2l1a;Baiap2l1;baiap2l1a
ENSDARG00000060933;baiap2l2b;Baiap2l2;baiap2l2b
ENSDARG00000015854;chata;Chat;chata
ENSDARG00000102277;lama1;Lama1;lama1
ENSDARG00000055381;bambia;Bambi;bambia
ENSDARG00000003835;stom;Stom;stom
ENSDARG00000052769;glrbb;Glrb;glrbb
ENSDARG00000006963;cse1l;Cse1l;cse1l
ENSDARG00000099742;heatr1;Heatr1;heatr1
ENSDARG00000037639;nkx3-2;Nkx3-2;nkx3.2
ENSDARG00000013009;ubiad1;Ubiad1;ubiad1
ENSDARG00000019013;barhl1b;Barhl1;barhl1b
ENSDARG00000035508;barhl1a;Barhl1;barhl1a
ENSDARG00000017490;cel.1;Cel;cel.1
ENSDARG00000036069;ddx39b;Ddx39b;ddx39b
ENSDARG00000031494;prrc2a;Prrc2a;prrc2a
ENSDARG00000075892;bag6;Bag6;bag6
ENSDARG00000077531;bag6l;Bag6;bag6l
ENSDARG00000078929;abhd16a;Abhd16a;abhd16a
ENSDARG00000102325;ehmt2;Ehmt2;ehmt2
ENSDARG00000020623;baxa;Bax;baxa
ENSDARG00000043457;gapdh;Gapdh;gapdh
ENSDARG00000007320;rpl7;Rpl7;rpl7
ENSDARG00000071046;bbip1;Bbip1;bbip1
ENSDARG00000062924;bbof1b;Bbof1;ENSDARG00000062924
ENSDARG00000002552;mapkapk2a;Mapkapk2;mapkapk2a
ENSDARG00000032056;arl6;Arl6;arl6
ENSDARG00000016139;mkks;Mkks;mkks
ENSDARG00000052073;blcap;Blcap;blcap
ENSDARG00000053979;chmp2a;Chmp2a;bc2
ENSDARG00000045297;phb2a;Phb2;phb2a
ENSDARG00000059461;mepcea;Mepce;mepce
ENSDARG00000104256;bco1;Bco1;bco1
ENSDARG00000041715;bco2b;Bco2;bco2b
ENSDARG00000027620;bco2l;Bco2;bco2l
ENSDARG00000043257;ckbb;Ckb;ckbb
ENSDARG00000061352;bcl11aa;Bcl11a;bcl11aa
ENSDARG00000062510;bcl11ba;Bcl11b;bcl11ba
ENSDARG00000094704;bcl2a;Bcl2;bcl2a
ENSDARG00000008434;bcl2l1;Bcl2l1;bcl2l1
ENSDARG00000070864;bcl6aa;Bcl6;bcl6a
ENSDARG00000040396;bcl7bb;Bcl7b;bcl7bb
ENSDARG00000055054;bcl9l;Bcl9l;bcl9l
ENSDARG00000103659;bco1l;Bco1;bco1l
ENSDARG00000055722;bco2a;Bco2;bco2a
ENSDARG00000008243;cct8;Cct8;cct8
ENSDARG00000020744;bdkrb1;Bdkrb1;bdkrb1
ENSDARG00000087390;hbbe1.3;Hbb-y;hbbe1.3
ENSDARG00000002336;dlc;Dll3;dlc
ENSDARG00000006353;itga5;Itga5;itga5
ENSDARG00000031222;lhx2b;Lhx2;lhx2b
ENSDARG00000002240;psmb6;Psmb6;psmb6
ENSDARG00000071863;itgb1a;Itgb1;itgb1a
ENSDARG00000053232;itgb1b.1;Itgb1;itgb1b.1
ENSDARG00000001939;b3gat3;B3gat3;b3gat3
ENSDARG00000000656;psmb9a;Psmb9;psmb9a
ENSDARG00000022689;itgb1b.2;Itgb1;itgb1b.2
ENSDARG00000037962;psmb7;Psmb7;psmb7
ENSDARG00000043781;psmb10;Psmb10;psmb10
ENSDARG00000019566;neurod1;Neurod1;neurod1
ENSDARG00000058039;bhlhe22;Bhlhe22;bhlhe22
ENSDARG00000037588;bhlhe23;Bhlhe23;bhlhe23
ENSDARG00000075445;psmb5;Psmb5;psmb5
ENSDARG00000001303;psmb8a;Psmb8;psmb8a
ENSDARG00000108530;psmb11a;Psmb11;FP015916.2
ENSDARG00000068086;psmb11b;Psmb11;psmb11b
ENSDARG00000104635;mhc2dgb;H2-Eb1;si:busm1-194e12.12
ENSDARG00000074510;mhc2bl;H2-Eb1;si:busm1-104n07.3
ENSDARG00000104730;mhc2d8.35b2;H2-Eb1;si:dkey-33b17.3
ENSDARG00000038147;hbbe3;Hbb-y;hbbe3
ENSDARG00000069101;napbb;Napb;napbb
ENSDARG00000013669;napba;Napb;napba
ENSDARG00000055278;cfb;Cfb;cfb
ENSDARG00000070769;foxg1a;Foxg1;foxg1a
ENSDARG00000005616;bfb;Cfb;bfb
ENSDARG00000007697;fabp7a;Fabp7;fabp7a
ENSDARG00000054137;adgrg6;Adgrg6;adgrg6
ENSDARG00000017884;bgna;Bgn;bgna
ENSDARG00000058414;bglap;Bglap3;bglap
ENSDARG00000004060;bhlhe40;Bhlhe40;bhlhe40
ENSDARG00000041691;bhlhe41;Bhlhe41;bhlhe41
ENSDARG00000045166;bhlha15;Bhlha15;bhlha15
ENSDARG00000077934;tegt;Tmbim6;tegt
ENSDARG00000018693;cdh2;Cdh2;cdh2
ENSDARG00000069290;bida;Bid;bida
ENSDARG00000071586;tgfbi;Tgfbi;tgfbi
ENSDARG00000038792;klf17;Klf17;klf17
ENSDARG00000079144;bcl2l11;Bcl2l11;bcl2l11
ENSDARG00000058820;bin1b;Bin1;bin1b
ENSDARG00000003219;bin2a;Bin2;bin2a
ENSDARG00000010255;bin2b;Bin2;bin2b
ENSDARG00000003251;zbtb22b;Zbtb22;zbtb22b
ENSDARG00000099766;myl12.1;Myl9;myl12.1
ENSDARG00000095879;wdr46;Wdr46;wdr46
ENSDARG00000103846;hspa5;Hspa5;hspa5
ENSDARG00000044619;birc2;Birc3;birc2
ENSDARG00000016143;xiap;Xiap;xiap
ENSDARG00000076856;frem2a;Frem2;frem2a
ENSDARG00000023394;slc37a2;Slc37a2;slc37a2
ENSDARG00000002445;prdm1a;Prdm1;prdm1a
ENSDARG00000055026;ptch2;Ptch2;ptch2
ENSDARG00000032631;ltb4r;Ltb4r1;ltb4r
ENSDARG00000088615;ltb4r2a;Ltb4r2;ltb4r2a
ENSDARG00000054170;ltb4r2b;Ltb4r2;ltb4r2b
ENSDARG00000007783;blk;Blk;blk
ENSDARG00000041150;slc17a6b;Slc17a6;slc17a6b
ENSDARG00000018907;kat6a;Kat6a;kat6a
ENSDARG00000006010;bmi1a;Bmi1;bmi1a
ENSDARG00000061769;bmp10;Bmp10;bmp10
ENSDARG00000044924;gdf11;Gdf11;gdf11
ENSDARG00000053479;gdf6a;Gdf6;gdf6a
ENSDARG00000005510;gdf6b;Gdf6;gdf6b
ENSDARG00000002760;gdf5;Gdf5;gdf5
ENSDARG00000013409;bmp2a;Bmp2;bmp2a
ENSDARG00000041430;bmp2b;Bmp2;bmp2b
ENSDARG00000073891;gdf10b;Gdf10;gdf10b
ENSDARG00000019995;bmp4;Bmp4;bmp4
ENSDARG00000101701;bmp5;Bmp5;bmp5
ENSDARG00000018260;bmp7a;Bmp7;bmp7a
ENSDARG00000035677;bmp8a;Bmp8b;bmp8a
ENSDARG00000059173;gdf2;Gdf2;gdf2
ENSDARG00000054154;bms1;Bms1;bms1
ENSDARG00000032264;mybl2b;Mybl2;mybl2b
ENSDARG00000028067;bnip3lb;Bnip3l;bnip3lb
ENSDARG00000025468;bnip3la;Bnip3l;bnip3la
ENSDARG00000071678;atcaya;Atcay;atcaya
ENSDARG00000069989;bnc2;Bnc2;bnc2
ENSDARG00000052958;nppb;Nppb;nppb
ENSDARG00000052129;boka;Bok;boka
ENSDARG00000069252;mixl1;Mixl1;mixl1
ENSDARG00000105153;ifitm5;Ifitm5;ifitm5
ENSDARG00000026766;bcl2l10;Bcl2l10;bcl2l10
ENSDARG00000026811;extl3;Extl3;extl3
ENSDARG00000103515;vcana;Vcan;vcana
ENSDARG00000039806;tbxtb;T;tb
ENSDARG00000101576;tbxta;T;ta
ENSDARG00000077226;smarca4a;Smarca4;smarca4a
ENSDARG00000057249;zmynd11;Zmynd11;zmynd11
ENSDARG00000045797;uqcc6;Uqcc6;si:ch211-68a17.7
ENSDARG00000019362;ptbp1a;Ptbp1;ptbp1a
ENSDARG00000013596;brd1a;Brd1;brd1a
ENSDARG00000022280;brd2a;Brd2;brd2a
ENSDARG00000006527;brd3a;Brd3;brd3a
ENSDARG00000025071;brd8b;Brd8;brd8
ENSDARG00000038863;babam2;Babam2;babam2
ENSDARG00000001803;kcnh6a;Kcnh6;kcnh6a
ENSDARG00000017835;brf1a;Brf1;brf1a
ENSDARG00000061051;brinp3a.2;Brinp3;brinp3a.2
ENSDARG00000006235;brms1la;Brms1l;brms1la
ENSDARG00000042032;pou3f3a;Pou3f3;pou3f3a
ENSDARG00000070220;pou3f2a;Pou3f2;pou3f2a
ENSDARG00000005559;pou4f1;Pou4f1;pou4f1
ENSDARG00000006206;pou4f3;Pou4f3;pou4f3
ENSDARG00000069737;pou4f2;Pou4f2;pou4f2
ENSDARG00000041734;tbc1d32;Tbc1d32;tbc1d32
ENSDARG00000076495;vwc2;Vwc2;vwc2
ENSDARG00000069134;vwc2l;Vwc2l;vwc2l
ENSDARG00000101259;hgh1;Hgh1;hgh1
ENSDARG00000024478;mpc2b;Mpc2;mpc2
ENSDARG00000035559;tp53;Trp53;tp53
ENSDARG00000074238;brpf3b;Brpf3;brpf3b
ENSDARG00000034443;mpped2;Mpped2;mpped2
ENSDARG00000079105;mhc2dab;H2-Eb2;mhc2dab
ENSDARG00000005315;celf1;Celf1;celf1
ENSDARG00000071375;celf5a;Celf5;celf5a
ENSDARG00000017422;apmap;Apmap;apmap
ENSDARG00000030490;sptb;Sptb;sptb
ENSDARG00000061414;slx4;Slx4;slx4
ENSDARG00000042091;btbd2a;Btbd2;btbd2a
ENSDARG00000005544;btbd3a;Btbd3;btbd3a
ENSDARG00000032369;btbd6b;Btbd6;btbd6b
ENSDARG00000068194;klf9;Klf9;klf9
ENSDARG00000027249;btg1;Btg1;btg1
ENSDARG00000020298;btg2;Btg2;btg2
ENSDARG00000013020;dtnbb;Dtnb;dtnbb
ENSDARG00000105558;btr07;Trim58;btr07
ENSDARG00000017230;fbxw11b;Fbxw11;fbxw11b
ENSDARG00000076571;sp5a;Sp5;sp5a
ENSDARG00000019743;dctn1a;Dctn1;dctn1a
ENSDARG00000045946;sec24d;Sec24d;sec24d
ENSDARG00000053136;b2m;B2m;b2m
ENSDARG00000037804;phlda3;Phlda3;phlda3
ENSDARG00000076829;ankib1b;Ankib1;ankib1b
ENSDARG00000043960;rpf2;Rpf2;rpf2
ENSDARG00000005738;rpf1;Rpf1;rpf1
ENSDARG00000052782;glrba;Glrb;glrba
ENSDARG00000056023;hoxb9a;Hoxb9;hoxb9a
ENSDARG00000092809;hoxc9a;Hoxc9;hoxc9a
ENSDARG00000026655;tspo;Tspo2;tspo
ENSDARG00000010481;bzw1a;Bzw1;bzw1a
ENSDARG00000099148;bzw1b;Bzw1;bzw1b
ENSDARG00000035332;cfap298;Cfap298;c10h21orf59
ENSDARG00000057166;lrmda;Lrmda;c13h10orf11
ENSDARG00000055314;mcmbp;Mcmbp;mcmbp
ENSDARG00000053571;adob;Ado;adob
ENSDARG00000031248;enkur;Enkur;enkur
ENSDARG00000075025;cdc123;Cdc123;cdc123
ENSDARG00000078785;tmem258;Tmem258;tmem258
ENSDARG00000025693;tmem9b;Tmem9b;tmem9b
ENSDARG00000103957;aamdc;Aamdc;aamdc
ENSDARG00000045485;rassf8b;Rassf8;rassf8b
ENSDARG00000051749;tigara;Tigar;tigara
ENSDARG00000045858;tigarb;Tigar;tigarb
ENSDARG00000034825;uspl1;Uspl1;uspl1
ENSDARG00000074726;nrde2;Nrde2;nrde2
ENSDARG00000017272;eapp;Eapp;eapp
ENSDARG00000005179;dglucy;Dglucy;c17h14orf159
ENSDARG00000040439;rsl24d1;Rsl24d1;rsl24d1
ENSDARG00000076966;pagr1;Pagr1a;pagr1
ENSDARG00000018281;cfap161;Cfap161;cfap161
ENSDARG00000019195;vps9d1;Vps9d1;vps9d1
ENSDARG00000012113;airim;Airim;c19h1orf109
ENSDARG00000093423;swsap1;Swsap1;swsap1
ENSDARG00000055561;c1galt1lb;C1galt1;c1galt1b
ENSDARG00000055585;c1galt1la;C1galt1;c1galt1a
ENSDARG00000058053;serping1;Serping1;serping1
ENSDARG00000042671;odr4;Odr4;c2h1orf27
ENSDARG00000014180;ildr2;Ildr2;ildr2
ENSDARG00000058094;ciarta;Ciart;ciarta
ENSDARG00000020749;caprin2;Caprin2;caprin2
ENSDARG00000100476;si:dkeyp-110c7.4;Cbln3;si:dkeyp-110c7.4
ENSDARG00000070681;c1qtnf12;C1qtnf12;c1qtnf12
ENSDARG00000036483;c1ql3b;C1ql1;c1ql3b
ENSDARG00000006544;c1qtnf6b;C1qtnf6;CABZ01084570.1
ENSDARG00000055175;c1qtnf6a;C1qtnf6;c1qtnf6a
ENSDARG00000058318;c1qtnf9;C1qtnf9;c1qtnf9
ENSDARG00000057435;amacr;Amacr;amacr
ENSDARG00000087659;c1qtnf13;C1qtnf4;si:ch211-219a15.3
ENSDARG00000100599;c1s.1;C1s1;c1s
ENSDARG00000094112;slc22a21;Slc22a21;slc22a21
ENSDARG00000021997;cfap206;Cfap206;cfap206
ENSDARG00000037589;gid8b;Gid8;gid8b
ENSDARG00000063075;mtcl2;Mtcl2;soga1
ENSDARG00000091367;prpf6;Prpf6;prpf6
ENSDARG00000034568;fitm2;Fitm2;fitm2
ENSDARG00000007682;ppdpfa;Ppdpf;ppdpfa
ENSDARG00000031317;ppdpfb;Ppdpf;ppdpfb
ENSDARG00000007323;chmp4bb;Chmp4b;chmp4bb
ENSDARG00000028894;mrgbp;Mrgbp;mrgbp
ENSDARG00000074790;rab5if;Rab5if;c23h20orf24
ENSDARG00000009505;prelid3b;Prelid3b;prelid3b
ENSDARG00000061416;c2cd4a;C2cd4d;c2cd4a
ENSDARG00000035198;gcnt4a;Gcnt4;gcnt4a
ENSDARG00000027078;cnppd1;Cnppd1;cnppd1
ENSDARG00000074909;dcaf17;Dcaf17;dcaf17
ENSDARG00000102288;pcare1;Pcare;CABZ01056321.1
ENSDARG00000012694;c3a.1;C3;c3a.1
ENSDARG00000087359;c3a.2;C3;c3a.2
ENSDARG00000052207;c3a.3;C3;c3a.3
ENSDARG00000043719;c3a.6;C3;c3a.6
ENSDARG00000039051;hhatla;Hhatl;hhatla
ENSDARG00000005139;hhatlb;Hhatl;hhatlb
ENSDARG00000012816;dipk2aa;Dipk2a;dia1a
ENSDARG00000055629;dipk2ab;Dipk2a;dia1b
ENSDARG00000022853;eogt;Eogt;eogt
ENSDARG00000038424;c4b;C4b;si:dkey-8k3.2
ENSDARG00000004726;trappc11;Trappc11;trappc11
ENSDARG00000098859;nop14;Nop14;ENSDARG00000098859
ENSDARG00000034375;chst11;Chst11;chst11
ENSDARG00000028786;chst12a;Chst12;chst12a
ENSDARG00000097803;mtrfr;Mtrfr;si:ch211-275j6.5
ENSDARG00000026086;cfap20dc;Cfap20dc;zgc:162324
ENSDARG00000042876;abracl;Abracl;abracl
ENSDARG00000033450;nkap;Nkap;nkap
ENSDARG00000013732;vta1;Vta1;vta1
ENSDARG00000007362;sft2d1;Sft2d1;sft2d1
ENSDARG00000008490;ltv1;Ltv1;ltv1
ENSDARG00000057121;c7b;C7;ENSDARG00000057121
ENSDARG00000070131;rpp25l;Rpp25l;rpp25l
ENSDARG00000014488;ca2;Car13;ca2
ENSDARG00000011166;cahz;Car2;cahz
ENSDARG00000044512;ca4c;Car4;ca4c
ENSDARG00000042293;ca4b;Car4;ca4b
ENSDARG00000101778;ca5a;Car5a;ca5a
ENSDARG00000055565;cacnb2b;Cacnb2;cacnb2b
ENSDARG00000099045;cacnb2a;Cacnb2;cacnb2a
ENSDARG00000001881;cacnb3a;Cacnb3;cacnb3a
ENSDARG00000009738;cacnb4a;Cacnb4;cacnb4a
ENSDARG00000062174;cacnb4b;Cacnb4;cacnb4b
ENSDARG00000019990;cabp1a;Cabp1;cabp1a
ENSDARG00000033411;cabp1b;Cabp1;cabp1b
ENSDARG00000008866;cabp4;Cabp4;cabp4
ENSDARG00000060846;cabp7b;Cabp7;cabp7b
ENSDARG00000088898;caln1;Caln1;caln1
ENSDARG00000069766;caln2;Caln1;caln2
ENSDARG00000036304;dnaaf3l;Dnaaf3;dnaaf3l
ENSDARG00000021735;cacna1ba;Cacna1b;cacna1ba
ENSDARG00000102773;cacna1da;Cacna1d;cacna1da
ENSDARG00000023683;cacna1fb;Cacna1f;cacna1fb
ENSDARG00000070522;cacna1ia;Cacna1i;cacna1i
ENSDARG00000029457;cacna1sa;Cacna1s;cacna1sa
ENSDARG00000042552;cacna1sb;Cacna1s;cacna1sb
ENSDARG00000103390;cacna2d2a;Cacna2d2;cacna2d2a
ENSDARG00000008772;cacng1a;Cacng1;cacng1a
ENSDARG00000032565;cacng2a;Cacng2;cacng2a
ENSDARG00000076401;cacng3b;Cacng3;cacng3b
ENSDARG00000074669;cacng4b;Cacng4;cacng4b
ENSDARG00000009748;dffb;Dffb;dffb
ENSDARG00000086391;cald1b;Cald1;cald1b
ENSDARG00000036292;cdx4;Cdx4;cdx4
ENSDARG00000007561;cdh23;Cdh23;cdh23
ENSDARG00000075549;cdh5;Cdh5;cdh5
ENSDARG00000043661;cadpsa;Cadps;cadpsa
ENSDARG00000056473;chaf1b;Chaf1b;chaf1b
ENSDARG00000018491;pdia4;Pdia4;pdia4
ENSDARG00000003699;atp7a;Atp7a;atp7a
ENSDARG00000036344;calb2b;Calb2;calb2b
ENSDARG00000041062;calb2a;Calb2;calb2a
ENSDARG00000056590;calca;Calca;calca
ENSDARG00000036695;calcoco1a;Calcoco1;calcoco1a
ENSDARG00000011473;calcrla;Calcrl;calcrla
ENSDARG00000011571;calcrlb;Calcrl;calcrlb
ENSDARG00000070314;cald1a;Cald1;cald1a
ENSDARG00000077021;calhm1a;Calhm1;calhm1
ENSDARG00000039482;calhm2.1;Calhm2;calhm2
ENSDARG00000011247;rnpc3;Rnpc3;rnpc3
ENSDARG00000015050;calm2b;Calm2;calm3a
ENSDARG00000031427;calm2a;Calm3;calm2a
ENSDARG00000021811;calm3a;Calm1;calm1a
ENSDARG00000100825;calm3a;Calm1;calm3a
ENSDARG00000074057;calm3b;Calm1;calm3b
ENSDARG00000034187;calm1b;Calm2;calm1b
ENSDARG00000103979;calr3a;Calr3;calr3a
ENSDARG00000102808;calr3b;Calr3;calr3b
ENSDARG00000076290;calr;Calr;calr
ENSDARG00000045676;calua;Calu;calua
ENSDARG00000077881;chl1a;Chl1;chl1a
ENSDARG00000078991;nat8;Nat8f1;ENSDARG00000078991
ENSDARG00000077028;nat8l2;Nat8f1;si:ch211-81n22.1
ENSDARG00000099101;gch2;Gch1;gch2
ENSDARG00000017446;camk1db;Camk1d;camk1db
ENSDARG00000044526;camk1ga;Camk1g;camk1ga
ENSDARG00000053617;camk2a;Camk2a;camk2a
ENSDARG00000011065;camk2b1;Camk2b;camk2b1
ENSDARG00000014273;camk2d2;Camk2d;camk2d2
ENSDARG00000043010;camk2d1;Camk2d;camk2d1
ENSDARG00000056206;camk2g2;Camk2g;camk2g2
ENSDARG00000071395;camk2g1;Camk2g;camk2g1
ENSDARG00000025855;camk2n1a;Camk2n2;camk2n1a
ENSDARG00000074905;camk1da;Camk1d;camk1da
ENSDARG00000035452;camkk1a;Camkk1;camkk1a
ENSDARG00000005786;ppm1f;Ppm1f;ppm1f
ENSDARG00000026499;ppm1e;Ppm1e;ppm1e
ENSDARG00000019208;camsap1a;Camsap1;camsap1a
ENSDARG00000062173;camsap2a;Camsap2;camsap2a
ENSDARG00000070512;cnpy3;Cnpy3;tnrc5
ENSDARG00000012192;cant1a;Cant1;cant1a
ENSDARG00000009315;clgn;Clgn;clgn
ENSDARG00000005058;ncapd2;Ncapd2;ncapd2
ENSDARG00000099672;capgb;Capg;capgb
ENSDARG00000052702;capn1a;Capn1;capn1a
ENSDARG00000041864;capn3a;Capn3;capn3a
ENSDARG00000035329;capns1a;Capns1;capns1a
ENSDARG00000105071;nos1apa;Nos1ap;nos1apa
ENSDARG00000054272;caprin1b;Caprin1;caprin1b
ENSDARG00000036869;tcf21;Tcf21;tcf21
ENSDARG00000034240;capza1a;Capza2;capza1a
ENSDARG00000071735;prlh2;Prlh;prlh2
ENSDARG00000021339;cpa5;Cpa1;cpa5
ENSDARG00000010756;nod2;Nod2;nod2
ENSDARG00000076348;mylk3;Mylk3;mylk3
ENSDARG00000035853;cdkn2aip;Cdkn2aip;cdkn2aip
ENSDARG00000077119;naxd;Naxd;carkd
ENSDARG00000002355;shpk;Shpk;shpk
ENSDARG00000056639;carmil2;Carmil2;rltpr
ENSDARG00000086990;carmil3;Carmil3;lrrc16b
ENSDARG00000039098;ca8;Car8;ca8
ENSDARG00000036164;cars1;Cars1;cars
ENSDARG00000045832;cart2;Cartpt;cart2
ENSDARG00000016815;dnai7;Dnai7;casc1
ENSDARG00000074490;golm2;Golm2;casc4
ENSDARG00000059809;caska;Cask;caska
ENSDARG00000008165;caspa;Casp4;caspa
ENSDARG00000052039;caspb;Casp4;caspb
ENSDARG00000094433;caspbl;Casp4;caspbl
ENSDARG00000017905;casp3a;Casp3;casp3a
ENSDARG00000055045;casp3b;Casp3;casp3b
ENSDARG00000093405;casp6a;Casp6;casp6
ENSDARG00000025608;casp6b.1;Casp6;casp6l1
ENSDARG00000070368;casp6b.2;Casp6;casp6l2
ENSDARG00000091836;casp7;Casp7;casp7
ENSDARG00000058325;casp8;Casp8;casp8
ENSDARG00000074524;cntnap1;Cntnap1;cntnap1
ENSDARG00000013649;casr;Casr;casr
ENSDARG00000024904;stil;Stil;stil
ENSDARG00000074306;ctslb;BC051665;ctslb
ENSDARG00000039173;ctslb;BC051665;ctslb
ENSDARG00000038658;cavin4a;Cavin4;cavin4a
ENSDARG00000099663;cox5ab;Cox5a;cox5ab
ENSDARG00000069752;ckba;Ckb;ckba
ENSDARG00000010948;kif11;Kif11;kif11
ENSDARG00000009020;cnr1;Cnr1;cnr1
ENSDARG00000102249;pepd;Pepd;PEPD
ENSDARG00000101441;lima1a;Lima1;lima1a
ENSDARG00000042518;hipk2;Hipk2;hipk2
ENSDARG00000070426;chac1;Chac1;chac1
ENSDARG00000101557;scarb1;Scarb1;scarb1
ENSDARG00000007294;aco2;Aco2;aco2
ENSDARG00000058953;abcc4;Abcc4;abcc4
ENSDARG00000018973;clptm1;Clptm1;clptm1
ENSDARG00000101631;etfa;Etfa;ETFA
ENSDARG00000101362;mibp;Nmrk2;mibp
ENSDARG00000040041;mcm4;Mcm4;mcm4
ENSDARG00000008867;rap1b;Rap1b;rap1b
ENSDARG00000036967;smox;Smox;smox
ENSDARG00000040469;enpp6;Enpp6;enpp6
ENSDARG00000099730;pkma;Pkm;pkma
ENSDARG00000074842;snx8a;Snx8;snx8a
ENSDARG00000043493;cltca;Cltc;cltca
ENSDARG00000028017;tp53inp1;Trp53inp1;tp53inp1
ENSDARG00000005185;cpn1;Cpn1;cpn1
ENSDARG00000056653;fhl1b;Fhl1;fhl1b
ENSDARG00000010641;slc20a1b;Slc20a1;slc20a1b
ENSDARG00000030700;ctps1a;Ctps1;ctps1a
ENSDARG00000004964;cyp4t8;Cyp4a14;cyp4t8
ENSDARG00000090063;fa2h;Fa2h;fa2h
ENSDARG00000013095;gclc;Gclc;gclc
ENSDARG00000062902;si:dkey-220f10.4;Tulp2;ENSDARG00000062902
ENSDARG00000031100;ivns1abpa;Ivns1abp;ivns1abpa
ENSDARG00000045305;pde7a;Pde7a;pde7a
ENSDARG00000045304;mtfr1;Mtfr1;mtfr1
ENSDARG00000057128;hadhaa;Hadha;hadhaa
ENSDARG00000088959;pdxka;Pdxk;pdxka
ENSDARG00000006526;fn1b;Fn1;fn1b
ENSDARG00000104453;flt4;Flt4;flt4
ENSDARG00000078654;tpx2;Tpx2;tpx2
ENSDARG00000054058;h1-10;H1f10;h1fx
ENSDARG00000036074;cebpa;Cebpa;cebpa
ENSDARG00000096829;blvrb;Blvrb;blvrb
ENSDARG00000031683;fosab;Fos;fosab
ENSDARG00000017658;gmppb;Gmppb;gmppb
ENSDARG00000059001;pim2;Pim2;pim2
ENSDARG00000011459;gsna;Gsn;gsna
ENSDARG00000101096;cebp1;Cebpe;cebp1
ENSDARG00000104340;rspo1;Rspo1;rspo1
ENSDARG00000054304;homeza;Homez;homeza
ENSDARG00000022261;pdzk1;Pdzk1;pdzk1
ENSDARG00000030756;dnmt1;Dnmt1;dnmt1
ENSDARG00000062003;myo5b;Myo5b;myo5b
ENSDARG00000005191;ahcy;Ahcyl;ahcy
ENSDARG00000040764;id1;Id1;id1
ENSDARG00000025522;sgk1;Sgk1;sgk1
ENSDARG00000056480;cpvl;Cpvl;cpvl
ENSDARG00000016181;trim33;Trim33;trim33
ENSDARG00000000767;spi1b;Spi1;spi1b
ENSDARG00000008310;ip6k2a;Ip6k2;ip6k2a
ENSDARG00000004017;spag1a;Spag1;spag1a
ENSDARG00000025467;aatf;Aatf;aatf
ENSDARG00000008660;coro1b;Coro1b;coro1b
ENSDARG00000020711;rrm2;Rrm2;rrm2
ENSDARG00000078069;rrm2;Rrm2;rrm2
ENSDARG00000000212;krt97;Krt16;krt97
ENSDARG00000089042;foxb1a;Foxb1;foxb1a
ENSDARG00000045886;slc38a2;Slc38a2;slc38a2
ENSDARG00000058690;cgnb;Cgn;cgnb
ENSDARG00000059259;pabpc4;Pabpc5;pabpc4
ENSDARG00000006939;tbx16l;Tbx6;tbx6l
ENSDARG00000040432;klf2b;Klf2;klf2b
ENSDARG00000023299;snu13b;Snu13;snu13b
ENSDARG00000006514;her6;Hes1;her6
ENSDARG00000040666;nifk;Nifk;nifk
ENSDARG00000013144;atp1b1a;Atp1b1;atp1b1a
ENSDARG00000013575;rfx2;Rfx2;rfx2
ENSDARG00000104835;map3k4;Map3k4;map3k4
ENSDARG00000076667;ccng1;Ccng1;ccng1
ENSDARG00000070568;atad5a;Atad5;atad5a
ENSDARG00000022995;clic4;Clic4;clic4
ENSDARG00000007836;ctsla;Ctsj;ctsla
ENSDARG00000040046;snai2;Snai2;snai2
ENSDARG00000023002;dtl;Dtl;dtl
ENSDARG00000040110;kif20bb;Kif20b;kif20bb
ENSDARG00000041065;hspb1;Hspb1;hspb1
ENSDARG00000030789;ddx18;Ddx18;ddx18
ENSDARG00000100558;slbp;Slbp;slbp
ENSDARG00000002215;rtca;Rtca;rtca
ENSDARG00000096359;eppk1;Eppk1;eppk1
ENSDARG00000054155;pcna;Pcna;pcna
ENSDARG00000101637;ccnd1;Ccnd1;ccnd1
ENSDARG00000037980;elob;Elob;tceb2
ENSDARG00000043304;nop2;Nop2;nop2
ENSDARG00000098529;ccne2;Ccne2;ccne2
ENSDARG00000075559;ppm1g;Ppm1g;ppm1g
ENSDARG00000040266;sox19b;Sox15;sox19b
ENSDARG00000040988;tpi1b;Tpi1;tpi1b
ENSDARG00000041294;noxo1a;Noxo1;noxo1a
ENSDARG00000101043;ppl;Ppl;ppl
ENSDARG00000036090;pard6gb;Pard6g;pard6gb
ENSDARG00000059826;crtac1a;Crtac1;crtac1a
ENSDARG00000058358;krt8;Krt8;krt8
ENSDARG00000040838;dcun1d2a;Dcun1d2;dcun1d2a
ENSDARG00000071626;ptgdsb.2;Mup17;ptgdsb.2
ENSDARG00000068401;yap1;Yap1;yap1
ENSDARG00000099776;glula;Glul;glula
ENSDARG00000027744;gadd45ba;Gadd45b;gadd45ba
ENSDARG00000044774;pou5f3;Pou5f1;pou5f3
ENSDARG00000016154;zfp36l1a;Zfp36l1;zfp36l1a
ENSDARG00000037998;flot1b;Flot1;flot1b
ENSDARG00000067990;myhz1.1;Myh8;myhz1.1
ENSDARG00000035913;yars1;Yars1;yars
ENSDARG00000075593;trim71;Trim71;trim71
ENSDARG00000098359;il17rd;Il17rd;il17rd
ENSDARG00000100918;prc1a;Prc1;prc1a
ENSDARG00000032802;ktn1;Ktn1;ktn1
ENSDARG00000003701;cldng;Cldn9;cldng
ENSDARG00000019949;serpinh1b;Serpinh1;serpinh1b
ENSDARG00000015123;dnase1l4.1;Dnase1l1;dnase1l4.1
ENSDARG00000056695;phc2a;Phc2;phc2a
ENSDARG00000033466;tagln2;Tagln2;tagln2
ENSDARG00000012078;meis1b;Meis1;meis1b
ENSDARG00000037846;hm13;H13;hm13
ENSDARG00000011027;fgfr1a;Fgfr1;fgfr1a
ENSDARG00000016904;bckdk;Bckdk;bckdk
ENSDARG00000070913;sox2;Sox2;sox2
ENSDARG00000077811;sox11a;Sox11;sox11a
ENSDARG00000004460;desi2;Desi2;desi2
ENSDARG00000033999;cyp26a1;Cyp26a1;cyp26a1
ENSDARG00000029695;pgp;Pgp;pgp
ENSDARG00000020265;angptl6;Angptl6;angptl6
ENSDARG00000030289;jag1a;Jag1;jag1a
ENSDARG00000006251;ell2;Ell2;ell2
ENSDARG00000023188;lcp1;Lcp1;lcp1
ENSDARG00000054454;epha4a;Epha4;epha4a
ENSDARG00000040614;sestd1;Sestd1;sestd1
ENSDARG00000054033;hoxb1b;Hoxb1;hoxb1b
ENSDARG00000025904;tecrb;Tecr;tecrb
ENSDARG00000102068;shcbp1;Shcbp1;shcbp1
ENSDARG00000059634;thumpd3;Thumpd3;thumpd3
ENSDARG00000056130;neurog1;Neurog1;neurog1
ENSDARG00000015822;sesn3;Sesn3;sesn3
ENSDARG00000003098;kdm5bb;Kdm5b;kdm5bb
ENSDARG00000051923;ccnb1;Ccnb1;ccnb1
ENSDARG00000032516;rrp36;Rrp36;rrp36
ENSDARG00000100515;dusp1;Dusp1;dusp1
ENSDARG00000054807;sec13;Sec13;sec13
ENSDARG00000013841;abl2;Abl2;abl2
ENSDARG00000040245;kpnb3;Ranbp6;kpnb3
ENSDARG00000036186;mbpa;Mbp;mbpa
ENSDARG00000055969;rfc3;Rfc3;rfc3
ENSDARG00000010008;vim;Vim;vim
ENSDARG00000103379;pax6a;Pax6;pax6a
ENSDARG00000004173;copa;Copa;copa
ENSDARG00000016771;tfa;Ltf;tfa
ENSDARG00000019137;tram1;Tram1l1;tram1
ENSDARG00000099664;selenof;Selenof;Sep 15
ENSDARG00000058656;desma;Des;desma
ENSDARG00000018383;frzb;Frzb;frzb
ENSDARG00000090912;npc2.1;Npc2;npc2
ENSDARG00000033539;paics;Paics;paics
ENSDARG00000100133;cnmd;Cnmd;lect1
ENSDARG00000039970;cnr2;Cnr2;cnr2
ENSDARG00000045958;egfl6;Egfl6;egfl6
ENSDARG00000079327;hmcn2;Hmcn2;hmcn2
ENSDARG00000090850;serpina1l;Serpina3i;serpina1l
ENSDARG00000043631;bcas2;Bcas2;bcas2
ENSDARG00000035389;fcho2;Fcho2;fcho2
ENSDARG00000101009;cited4b;Cited4;cited4b
ENSDARG00000091150;mki67;Mki67;mki67
ENSDARG00000037960;lrrc17;Lrrc17;lrrc17
ENSDARG00000033768;trappc13;Trappc13;trappc13
ENSDARG00000024204;mcm3;Mcm3;mcm3
ENSDARG00000055283;id2a;Id2;id2a
ENSDARG00000040492;mthfd1b;Mthfd1;mthfd1b
ENSDARG00000104541;msh6;Msh6;msh6
ENSDARG00000032242;tnnt2c;Tnnt2;tnnt2c
ENSDARG00000033971;prrx1a;Prrx1;prrx1a
ENSDARG00000104665;kirrel3l;Kirrel2;kirrel3l
ENSDARG00000043658;cxadr;Cxadr;cxadr
ENSDARG00000102855;neo1a;Neo1;neo1a
ENSDARG00000010791;dla;Dll1;dla
ENSDARG00000062429;trim109;Trim61;trim109
ENSDARG00000037773;rybpa;Rybp;rybpa
ENSDARG00000031483;col9a1b;Col9a1;col9a1b
ENSDARG00000002790;ap2m1a;Ap2m1;ap2m1a
ENSDARG00000070346;hoxc8a;Hoxc8;hoxc8a
ENSDARG00000023532;pinx1;Pinx1;pinx1
ENSDARG00000024492;col9a2;Col9a2;col9a2
ENSDARG00000097478;qkia;Qki;qkia
ENSDARG00000079049;cercam;Cercam;cercam
ENSDARG00000054879;six3b;Six3;six3b
ENSDARG00000074677;frem3;Frem2;frem3
ENSDARG00000039914;gapdhs;Gapdhs;gapdhs
ENSDARG00000021082;sec31a;Sec31a;sec31a
ENSDARG00000104068;gstp1.2;Gstp1;gstp1
ENSDARG00000061810;mbd3b;Mbd3;si:dkey-110c1.10
ENSDARG00000042029;mbd3b;Mbd3;mbd3b
ENSDARG00000026871;uchl1;Uchl1;uchl1
ENSDARG00000038097;pigq;Pigq;pigq
ENSDARG00000003081;mybphb;Mybph;mybphb
ENSDARG00000013763;rrbp1a;Rrbp1;rrbp1a
ENSDARG00000009160;kmo;Kmo;kmo
ENSDARG00000031907;ptbp1b;Ptbp1;ptbp1b
ENSDARG00000035835;eef2k;Eef2k;eef2k
ENSDARG00000037845;col9a3;Col9a3;col9a3
ENSDARG00000086842;dap1b;Dapl1;dap1b
ENSDARG00000038703;hkdc1;Hkdc1;hkdc1
ENSDARG00000036558;col18a1a;Col18a1;col18a1a
ENSDARG00000044485;sall4;Sall4;sall4
ENSDARG00000043137;cdca8;Cdca8;cdca8
ENSDARG00000087196;fibinb;Fibin;fibinb
ENSDARG00000004377;ppp1r13ba;Ppp1r13b;ppp1r13ba
ENSDARG00000061140;colec12;Colec12;colec12
ENSDARG00000028148;pax2a;Pax2;pax2a
ENSDARG00000042725;cebpb;Cebpb;cebpb
ENSDARG00000045146;tomm22;Tomm22;tomm22
ENSDARG00000005762;col14a1a;Col14a1;col14a1a
ENSDARG00000054438;fzd2;Fzd2;fzd2
ENSDARG00000002235;mmp14a;Mmp14;mmp14a
ENSDARG00000070081;rspo3;Rspo3;rspo3
ENSDARG00000014047;cldn7b;Cldn7;cldn7b
ENSDARG00000012002;slc38a7;Slc38a7;slc38a7
ENSDARG00000008433;unc45b;Unc45b;unc45b
ENSDARG00000018788;st8sia2;St8sia2;st8sia2
ENSDARG00000014017;rrm1;Rrm1;rrm1
ENSDARG00000091298;pmela;Pmel;pmela
ENSDARG00000005479;tenm3;Tenm3;tenm3
ENSDARG00000024564;sccpdhb;Sccpdh;sccpdhb
ENSDARG00000058543;lama5;Lama5;lama5
ENSDARG00000041959;cxcr4b;Cxcr4;cxcr4b
ENSDARG00000018814;esrp2;Esrp2;esrp2
ENSDARG00000004713;mad2l1;Mad2l1;mad2l1
ENSDARG00000018165;depdc1a;Depdc1a;depdc1a
ENSDARG00000104938;ftsj3;Ftsj3;ftsj3
ENSDARG00000005675;sec61a1b;Sec61a1;sec61a1l
ENSDARG00000018111;kdm7aa;Kdm7a;kdm7aa
ENSDARG00000100087;evx1;Evx1;evx1
ENSDARG00000027112;ephb4b;Ephb4;ephb4b
ENSDARG00000005476;nav3;Nav3;nav3
ENSDARG00000063095;ctsf;Ctsf;ctsf
ENSDARG00000071697;zgc:66433;Gm14569;zgc:66433
ENSDARG00000068177;pak2a;Pak2;pak2a
ENSDARG00000078381;trip11;Trip11;trip11
ENSDARG00000024295;slc11a2;Slc11a1;slc11a2
ENSDARG00000042826;egr2b;Egr2;egr2b
ENSDARG00000016864;farsb;Farsb;farsb
ENSDARG00000029928;ap3m1;Ap3m1;ap3m1
ENSDARG00000073978;crabp2a;Crabp2;crabp2a
ENSDARG00000070047;rgs4;Rgs4;rgs4
ENSDARG00000104953;stt3a;Stt3a;stt3a
ENSDARG00000017602;ccng2;Ccng2;ccng2
ENSDARG00000068457;tnnt3b;Tnnt3;tnnt3b
ENSDARG00000002731;sdc2;Sdc2;sdc2
ENSDARG00000010946;cbsb;Cbs;cbsb
ENSDARG00000105046;ccnf;Ccnf;ccnf
ENSDARG00000071005;ppp1r3ca;Ppp1r3c;ppp1r3ca
ENSDARG00000070472;arf5;Arf5;zgc:77650
ENSDARG00000052846;fsta;Fst;fsta
ENSDARG00000004806;grwd1;Grwd1;grwd1
ENSDARG00000078800;slc26a10;Slc26a10;slc26a10
ENSDARG00000041022;pdcd4b;Pdcd4;pdcd4b
ENSDARG00000061208;rab40c;Rab40c;rab40c
ENSDARG00000028625;jph2;Jph2;jph2
ENSDARG00000019917;epb41l3b;Epb41l3;epb41l3b
ENSDARG00000041895;cad;Cad;cad
ENSDARG00000061048;ranbp9;Ranbp9;ranbp9
ENSDARG00000011870;sp8a;Sp8;sp8a
ENSDARG00000053254;mylpfa;Mylpf;mylpfa
ENSDARG00000024693;lysmd3;Lysmd3;lysmd3
ENSDARG00000042644;sod2;Sod2;sod2
ENSDARG00000101481;rbp5;Crabp1;rbp5
ENSDARG00000067626;ywhag1;Ywhag;ywhag1
ENSDARG00000037109;pwp2h;Pwp2;pwp2h
ENSDARG00000061081;arpp21;Arpp21;arpp21
ENSDARG00000055510;ypel3;Ypel3;ypel3
ENSDARG00000090337;pprc1;Pprc1;pprc1
ENSDARG00000076317;plod3;Plod3;ENSDARG00000076317
ENSDARG00000093702;si:dkey-126g1.9;C130074G19Rik;si:dkey-126g1.9
ENSDARG00000078214;mybbp1a;Mybbp1a;mybbp1a
ENSDARG00000061848;col15a1b;Col15a1;col15a1b
ENSDARG00000036232;trpm7;Trpm7;trpm7
ENSDARG00000025671;grm6b;Grm6;grm6b
ENSDARG00000030913;cluha;Cluh;cluha
ENSDARG00000005454;tacc3;Tacc3;tacc3
ENSDARG00000028048;rdh8a;Rdh8;rdh8a
ENSDARG00000005645;robo3;Robo3;robo3
ENSDARG00000029729;clybl;Clybl;clybl
ENSDARG00000061328;cdon;Cdon;cdon
ENSDARG00000035327;ckma;Ckm;ckma
ENSDARG00000068732;spry4;Spry4;spry4
ENSDARG00000012953;mob1bb;Mob1b;mob1bb
ENSDARG00000035563;znf703;Zfp703;znf703
ENSDARG00000021113;ptmaa;Ptma;ptmaa
ENSDARG00000024431;ets1;Ets1;CABZ01069595.1
ENSDARG00000068572;slc16a1b;Slc16a1;slc16a1b
ENSDARG00000020708;mdkb;Mdk;mdkb
ENSDARG00000006757;klhl41b;Klhl41;klhl41b
ENSDARG00000023920;llgl2;Llgl2;llgl2
ENSDARG00000040255;ephx2;Ephx2;ephx2
ENSDARG00000034504;lmo1;Lmo1;lmo1
ENSDARG00000058471;plk1;Plk1;plk1
ENSDARG00000103799;kars1;Kars1;kars
ENSDARG00000045565;noc4l;Noc4l;noc4l
ENSDARG00000062025;cpox;Cpox;cpox
ENSDARG00000013804;capns1b;Capns2;capns1b
ENSDARG00000034541;tgfbr2b;Tgfbr2;tgfbr2b
ENSDARG00000029072;klf6a;Klf6;klf6a
ENSDARG00000058221;ugcg;Ugcg;ugcg
ENSDARG00000077116;ccnjl;Ccnjl;ccnjl
ENSDARG00000038489;b3gnt7;B3gnt7;b3gnt7
ENSDARG00000012341;capn9;Capn9;capn9
ENSDARG00000045131;id4;Id4;id4
ENSDARG00000028661;cntfr;Cntfr;cntfr
ENSDARG00000016526;gata3;Gata3;gata3
ENSDARG00000009438;myog;Myog;myog
ENSDARG00000068978;glo1;Glo1;glo1
ENSDARG00000037995;gdf3;Gdf3;gdf3
ENSDARG00000019961;znf513a;Zfp513;znf513a
ENSDARG00000043271;morc3b;Morc3;morc3b
ENSDARG00000068478;gpx4a;Gpx4;gpx4a
ENSDARG00000045936;pax6b;Pax6;pax6b
ENSDARG00000025091;ezrb;Ezr;ezrb
ENSDARG00000034093;dclk2a;Dclk2;dclk2a
ENSDARG00000039034;marcksl1a;Marcksl1;marcksl1a
ENSDARG00000055647;ftr82;Trim80;ftr82
ENSDARG00000025350;prdx2;Prdx2;prdx2
ENSDARG00000103594;npm3;Npm3;npm3
ENSDARG00000004745;lmbr1l;Lmbr1l;lmbr1l
ENSDARG00000052907;bcl7a;Bcl7a;bcl7a
ENSDARG00000056331;ahcyl1;Ahcyl1;ahcyl1
ENSDARG00000017624;krt4;Gm5414;krt4
ENSDARG00000009830;hdlbpa;Gm382;hdlbpa
ENSDARG00000004251;dhfr;Dhfr;dhfr
ENSDARG00000020364;fbp1b;Fbp1;fbp1b
ENSDARG00000014230;dlst;Dlst;dlst
ENSDARG00000020134;sipa1l1;Sipa1l1;sipa1l1
ENSDARG00000103589;gata6;Gata6;gata6
ENSDARG00000030087;nfkbib;Nfkbib;nfkbib
ENSDARG00000004402;elovl6;Elovl6;elovl6
ENSDARG00000071418;gbx1;Gbx1;gbx1
ENSDARG00000008816;glud1a;Glud1;glud1a
ENSDARG00000042728;plaa;Plaa;plaa
ENSDARG00000044914;suclg2;Suclg2;suclg2
ENSDARG00000037654;pmm2;Pmm2;pmm2
ENSDARG00000058257;slc39a1;Slc39a1;slc39a1
ENSDARG00000079848;gmps;Gmps;gmps
ENSDARG00000036791;dnmt3bb.1;Dnmt3b;dnmt3bb.1
ENSDARG00000017821;gata5;Gata5;gata5
ENSDARG00000006900;impdh2;Impdh2;impdh2
ENSDARG00000036299;nucb2a;Nucb2;nucb2a
ENSDARG00000004877;rock2b;Rock2;rock2b
ENSDARG00000007277;myf5;Myf5;myf5
ENSDARG00000022232;ppan;Ppan;ppan
ENSDARG00000056995;snai1a;Snai1;snai1a
ENSDARG00000100725;ephb4a;Ephb4;ephb4a
ENSDARG00000045167;dlgap5;Dlgap5;dlgap5
ENSDARG00000057738;hells;Hells;hells
ENSDARG00000035598;coro1ca;Coro1c;coro1ca
ENSDARG00000099351;igfbp1a;Igfbp1;igfbp1a
ENSDARG00000022303;higd1a;Higd1a;higd1a
ENSDARG00000008487;dmd;Dmd;dmd
ENSDARG00000014577;rhpn2;Rhpn2;rhpn2
ENSDARG00000011094;ccna2;Ccna2;ccna2
ENSDARG00000070698;kbtbd8;Kbtbd8;kbtbd8
ENSDARG00000005162;tpm3;Tpm3-rs7;tpm3
ENSDARG00000041299;msi1a;Msi1;zgc:110796
ENSDARG00000045308;pola1;Pola1;pola1
ENSDARG00000057299;pbdc1;Pbdc1;pbdc1
ENSDARG00000052480;pdcd11;Pdcd11;pdcd11
ENSDARG00000100374;txnrd3;Txnrd3;txnrd1
ENSDARG00000094857;dio2;Dio2;dio2
ENSDARG00000042112;dio1;Dio1;dio1
ENSDARG00000033616;selenon;Selenon;sepn1
ENSDARG00000025436;msrb1a;Msrb1;msrb1a
ENSDARG00000093549;selenop;Selenop;sepp1a
ENSDARG00000018146;gpx1a;Gpx1;gpx1a
ENSDARG00000076836;gpx4b;Gpx4;gpx4b
ENSDARG00000051957;selenom;Selenom;selm
ENSDARG00000035136;selenow1;Selenow;sepw1
ENSDARG00000038228;selenow2a;Mien1;sepw2a
ENSDARG00000089936;selenow2b;Mien1;sepw2b
ENSDARG00000093022;selenoh;Selenoh;seph
ENSDARG00000027595;selenot1b;Selenot;selt1b
ENSDARG00000058354;selenot1a;Selenot;selt1a
ENSDARG00000017659;sephs3;Sephs2;sps2
ENSDARG00000040252;atp1a1a.5;Atp1a1;atp1a1a.5
ENSDARG00000076833;atp1b1b;Atp1b1;atp1b1b
ENSDARG00000034424;atp1b2b;Atp1b2;atp1b2b
ENSDARG00000042837;atp1b3b;Atp1b3;atp1b3b
ENSDARG00000101813;nap1l1;Nap1l1;nap1l1
ENSDARG00000020084;tg;Tg;tg
ENSDARG00000032102;prdx3;Prdx3;prdx3
ENSDARG00000101074;glud1b;Glud1;glud1b
ENSDARG00000016706;atic;Atic;atic
ENSDARG00000104566;foxi1;Foxi2;foxi1
ENSDARG00000068255;nanos3;Nanos3;nanos3
ENSDARG00000031915;hif1an;Hif1an;hif1an
ENSDARG00000074246;rab14;Rab14;rab14
ENSDARG00000041215;cetn4;Cetn2;cetn4
ENSDARG00000038812;e2f5;E2f5;e2f5
ENSDARG00000022813;dnd1;Dnd1;dnd1
ENSDARG00000102798;mcm2;Mcm2;mcm2
ENSDARG00000014943;kif23;Kif23;kif23
ENSDARG00000088383;cox5aa;Cox5a;cox5aa
ENSDARG00000043154;ucp2;Ucp2;ucp3
ENSDARG00000003035;hspa9;Hspa9;hspa9
ENSDARG00000005172;dynll2a;Dynll2;dynll2b
ENSDARG00000003068;gorasp1a;Gorasp1;gorasp1a
ENSDARG00000007024;uox;Uox;uox
ENSDARG00000033901;msi2a;Msi2;msi2a
ENSDARG00000020261;rab2a;Rab2a;rab2a
ENSDARG00000041607;eif4ebp3l;Eif4ebp3;eif4ebp3l
ENSDARG00000002632;anxa11b;Anxa11;anxa11b
ENSDARG00000101627;ssr1;Ssr1;ssr1
ENSDARG00000013968;psap;Psap;psap
ENSDARG00000042533;gstm.1;Gstm7;gstm.1
ENSDARG00000103959;pak1;Pak1;pak1
ENSDARG00000034771;rab13;Rab13;rab13
ENSDARG00000004904;gys2;Gys2;gys2
ENSDARG00000002909;tjp3;Tjp3;tjp3
ENSDARG00000005254;kdelr2a;Kdelr2;kdelr2a
ENSDARG00000094992;otx1;Otx1;otx1b
ENSDARG00000031020;pip4k2ca;Pip4k2c;pip4k2ca
ENSDARG00000021242;mvp;Mvp;mvp
ENSDARG00000032849;ndrg1a;Ndrg1;ndrg1a
ENSDARG00000057688;ical1;Ica1l;ical1
ENSDARG00000103962;add1;Add1;add1
ENSDARG00000038882;smc4;Smc4;smc4
ENSDARG00000006603;csrp1a;Csrp1;csrp1a
ENSDARG00000026862;aktip;Aktip;aktip
ENSDARG00000010770;sox19a;Sox15;sox19a
ENSDARG00000070787;jupa;Jup;jupa
ENSDARG00000057683;mcm6;Mcm6;mcm6
ENSDARG00000012369;rdh10b;Rdh10;rdh10b
ENSDARG00000044511;etv5b;Etv5;etv5b
ENSDARG00000035986;ptpn2b;Ptpn2;ptpn2b
ENSDARG00000071497;zic3;Zic3;zic3
ENSDARG00000024746;hsp90aa1.2;Hsp90aa1;hsp90aa1.2
ENSDARG00000031616;g6pc1a.1;G6pc1;g6pca.1
ENSDARG00000057633;cxcr4a;Cxcr4;cxcr4a
ENSDARG00000005150;tbx20;Tbx20;tbx20
ENSDARG00000043483;otx5;Crx;otx5
ENSDARG00000018404;krt18a.1;Krt18;krt18
ENSDARG00000104906;mtr;Mtr;mtr
ENSDARG00000002642;sh3gl1b;Sh3gl1;sh3gl1b
ENSDARG00000104682;tpm2;Tpm2;tpm2
ENSDARG00000027345;mpzl2b;Mpzl2;mpzl2b
ENSDARG00000043128;cldne;Cldn4;cldne
ENSDARG00000099579;aldh18a1;Aldh18a1;aldh18a1
ENSDARG00000091831;ddx27;Ddx27;ddx27
ENSDARG00000004204;efhc2;Efhc2;efhc2
ENSDARG00000035095;tdgf1;Cripto;tdgf1
ENSDARG00000053485;aldh6a1;Aldh6a1;aldh6a1
ENSDARG00000015554;zic2a;Zic2;zic2a
ENSDARG00000062430;gpd2;Gpd2;gpd2
ENSDARG00000054632;fli1;Fli1;fli1a
ENSDARG00000013522;pck1;Pck1;pck1
ENSDARG00000053467;gtpbp1;Gtpbp1;gtpbp1
ENSDARG00000006019;tktb;Tktl2;tktb
ENSDARG00000014793;ehd1b;Ehd1;ehd1b
ENSDARG00000056160;hspd1;Hspd1;hspd1
ENSDARG00000041839;tsc22d2;Tsc22d2;tsc22d2
ENSDARG00000092798;ppib;Ppib;ppib
ENSDARG00000042428;gstt1a;Gstt4;gstt1a
ENSDARG00000027063;arpc1b;Arpc1b;arpc1b
ENSDARG00000098903;tfe3a;Tfe3;tfe3a
ENSDARG00000044760;gnaia;Gnai1;gnaia
ENSDARG00000002330;lhx8a;Lhx8;lhx8a
ENSDARG00000025375;idh1;Idh1;idh1
ENSDARG00000020143;pah;Pah;pah
ENSDARG00000011404;fen1;Fen1;fen1
ENSDARG00000057648;dnttip2;Dnttip2;dnttip2
ENSDARG00000006031;abat;Abat;abat
ENSDARG00000074321;tead3a;Tead3;tead3a
ENSDARG00000039007;eno3;Eno3;eno3
ENSDARG00000037593;prickle2b;Prickle2;prickle2b
ENSDARG00000023290;fabp3;Fabp3;fabp3
ENSDARG00000056369;ufsp2;Ufsp2;ufsp2
ENSDARG00000033735;ncf1;Ncf1;ncf1
ENSDARG00000070792;lrrc15;Lrrc15;lrrc15
ENSDARG00000000068;nherf1a;Nherf1;slc9a3r1a
ENSDARG00000074319;sall1a;Sall1;sall1a
ENSDARG00000073684;quo;D630003M21Rik;quo
ENSDARG00000019707;spout1;Spout1;spout1
ENSDARG00000092810;stap2a;Stap2;stap2a
ENSDARG00000005112;cdh17;Cdh17;cdh17
ENSDARG00000002131;celf2;Celf2;celf2
ENSDARG00000023330;anp32b;Anp32b;anp32b
ENSDARG00000036820;mgll;Mgll;mgll
ENSDARG00000052402;dnmt3ba;Dnmt3b;dnmt3ba
ENSDARG00000070560;nap1l4a;Nap1l4;nap1l4a
ENSDARG00000101334;ctsc;Ctsc;ctsc
ENSDARG00000029036;rab32a;Rab32;rab32a
ENSDARG00000035622;xbp1;Xbp1;xbp1
ENSDARG00000079257;gemin5;Gemin5;gemin5
ENSDARG00000013443;atp6v1ba;Atp6v1b2;atp6v1ba
ENSDARG00000069065;btg3;Btg3;btg3
ENSDARG00000020289;pif1;Pif1;pif1
ENSDARG00000061120;slc43a2b;Slc43a2;slc43a2b
ENSDARG00000098946;pald1a;Pald1;pald1a
ENSDARG00000034823;copg2;Copg2;copg2
ENSDARG00000045367;tuba1b;Tuba1c;tuba1b
ENSDARG00000013415;lmna;Lmna;lmna
ENSDARG00000101209;lamb1a;Lamb1;lamb1a
ENSDARG00000063899;mt-nd2;mt-Nd2;mt-nd2
ENSDARG00000091293;dmxl2;Dmxl2;dmxl2
ENSDARG00000015088;dnajb11;Dnajb11;dnajb11
ENSDARG00000002347;cyp11a1.1;Cyp11a1;cyp11a1
ENSDARG00000036774;rgs12b;Rgs12;rgs12b
ENSDARG00000004169;stmn1a;Stmn1;stmn1a
ENSDARG00000015524;prps1a;Prps1l3;prps1a
ENSDARG00000063626;ddx21;Ddx50;ddx21
ENSDARG00000010878;cdkn1ca;Cdkn1c;cdkn1ca
ENSDARG00000058868;apc;Apc;apc
ENSDARG00000056722;cd99l2;Cd99l2;cd99l2
ENSDARG00000063588;uba5;Uba5;uba5
ENSDARG00000068461;aopep;Aopep;zgc:162939
ENSDARG00000058379;otpb;Otp;otpb
ENSDARG00000095947;adkb;Adk;adkb
ENSDARG00000103308;mst1;Mst1;mst1
ENSDARG00000039943;tent5ba;Tent5b;fam46ba
ENSDARG00000098135;stk40;Stk40;stk40
ENSDARG00000019492;shbg;Shbg;shbg
ENSDARG00000042948;dnajc5aa;Dnajc5;dnajc5aa
ENSDARG00000105287;mpp1;Mpp1;mpp1
ENSDARG00000020235;septin9a;Septin9;sept9a
ENSDARG00000074601;cbln2a;Cbln2;cbln2a
ENSDARG00000077151;cbln2b;Cbln2;cbln2b
ENSDARG00000104609;crebbpa;Crebbp;crebbpa
ENSDARG00000004189;cbx1a;Cbx1;cbx1a
ENSDARG00000003860;cbx3a;Cbx3;cbx3a
ENSDARG00000087327;cbx8a;Cbx8;cbx8a
ENSDARG00000101791;kyat3.2;Kyat3;ccbl2
ENSDARG00000025302;dixdc1a;Dixdc1;dixdc1a
ENSDARG00000002339;sgf29;Sgf29;sgf29
ENSDARG00000037079;cfap36;Cfap36;cfap36
ENSDARG00000054136;tektl1;Tektl1;ccdc105
ENSDARG00000058578;ccdc106b;Ccdc106;ccdc106b
ENSDARG00000101175;mcu;Mcu;mcu
ENSDARG00000100892;cfap53;Cfap53;cfap53
ENSDARG00000006981;cfap263;Ccdc113;ccdc113
ENSDARG00000015010;odad1;Odad1;ccdc114
ENSDARG00000032856;ccdc120b;Ccdc120;ccdc120
ENSDARG00000005092;cep89;Cep89;cep89
ENSDARG00000008946;ccdc127b;Ccdc127;ccdc127b
ENSDARG00000041533;yju2b;Yju2b;ccdc130
ENSDARG00000002880;vps50;Vps50;vps50
ENSDARG00000069435;cfap58;Cfap58;cfap58
ENSDARG00000020857;ccdc149b;Ccdc149;ccdc149b
ENSDARG00000062978;odad3;Odad3;ccdc151
ENSDARG00000077161;drc12;Ccdc153;ccdc153
ENSDARG00000042182;drc1;Drc1;drc1
ENSDARG00000077928;cfap210;Cfap210;ccdc173
ENSDARG00000096777;cfap119;Cfap119;CCDC189
ENSDARG00000068103;cfap45;Cfap45;cfap45
ENSDARG00000102305;svbp;Svbp;svbp
ENSDARG00000026052;ccdc3a;Ccdc3;ccdc3a
ENSDARG00000101236;cep83;Cep83;cep83
ENSDARG00000077826;efcc1;Efcc1;efcc1
ENSDARG00000003382;cwc25;Cwc25;cwc25
ENSDARG00000105136;ccdc50a;Ccdc50;ccdc50
ENSDARG00000004647;spice1;Spice1;spice1
ENSDARG00000045563;washc3;Washc3;ccdc53
ENSDARG00000015221;nsrp1;Nsrp1;nsrp1
ENSDARG00000100585;coa3a;Coa3;coa3a
ENSDARG00000045351;mix23;Mix23;ccdc58
ENSDARG00000017595;ccdc6b;Ccdc6;ccdc6b
ENSDARG00000043334;ccdc6a;Ccdc6;ccdc6a
ENSDARG00000052427;bicdl2;Bicdl2;zgc:153929
ENSDARG00000071670;tma7;Tma7;tma7
ENSDARG00000026892;gpatch11;Gpatch11;gpatch11
ENSDARG00000102846;trmt13;Trmt13;trmt13
ENSDARG00000058587;terb1;Terb1;ccdc79
ENSDARG00000059606;cenatac;Cenatac;ccdc84
ENSDARG00000005232;ccdc85ca;Ccdc85c;ccdc85ca
ENSDARG00000026185;yju2;Yju2;ccdc94
ENSDARG00000035963;cfap184;Ccdc96;ccdc96
ENSDARG00000070810;ccka;Cck;ccka
ENSDARG00000058570;ccl27a;Ccl27a;ccl27a
ENSDARG00000039351;ccl19b;Ccl19;ccl19b
ENSDARG00000058389;ccl19a.1;Ccl19;ccl19a.1
ENSDARG00000035632;ccl19a.2;Ccl19;ccl19a.2
ENSDARG00000041835;ccl38a.5;Ccl12;ccl38a.5
ENSDARG00000094511;ccl20b;Ccl20;ccl20b
ENSDARG00000101040;ccl20a.3;Ccl20;ccl20a.3
ENSDARG00000070873;ccl25b;Ccl21d;ccl25b
ENSDARG00000103466;ccl35.1;Ccl3;ccl35.1
ENSDARG00000070378;ccl35.2;Ccl9;ccl35.2
ENSDARG00000041919;ccl38.1;Ccl8;ccl38.1
ENSDARG00000041917;ccl38a.4;Ccl7;ccl38a.4
ENSDARG00000041923;ccl38.6;Ccl2;ccl38.6
ENSDARG00000101041;ccl39.1;Ccl17;ccl39.1
ENSDARG00000079713;ccl27b;Ccl28;ccl27b
ENSDARG00000098916;krit1;Krit1;krit1
ENSDARG00000035054;pdcd10a;Pdcd10;pdcd10a
ENSDARG00000012591;pdcd10b;Pdcd10;pdcd10b
ENSDARG00000077882;ccn5;Ccn5;wisp2
ENSDARG00000051748;ccnd2a;Ccnd2;ccnd2a
ENSDARG00000098622;ccne1;Ccne1;ccne1
ENSDARG00000012140;ccnl1b;Ccnl1;ccnl1b
ENSDARG00000036685;ccnt2a;Ccnt2;ccnt2a
ENSDARG00000105214;agtpbp1;Agtpbp1;agtpbp1
ENSDARG00000079983;agbl2;Agbl2;agbl2
ENSDARG00000045900;agbl5;Agbl5;agbl5
ENSDARG00000068050;agbl4;Agbl4;agbl4
ENSDARG00000095789;ccr8.1;Ccr5;ccr8.1
ENSDARG00000079829;ccr2;Ccr5;si:ch211-207g17.2
ENSDARG00000055186;ccr9a;Ccr9;ccr9a
ENSDARG00000003867;cdk20;Cdk20;cdk20
ENSDARG00000040133;ackr4b;Ackr4;ackr4b
ENSDARG00000077726;nocta;Noct;nocta
ENSDARG00000078525;noctb;Noct;noctb
ENSDARG00000091535;ccser2b;Ccser2;ccser2b
ENSDARG00000017891;tcp1;Tcp1;tcp1
ENSDARG00000002956;itgam.1;Itgam;si:dkey-32n7.4
ENSDARG00000005368;mcamb;Mcam;mcamb
ENSDARG00000079333;cd40lg;Cd40lg;cd40lg
ENSDARG00000057644;adam8b;Adam8;adam8b
ENSDARG00000025147;cd63;Cd63;cd63
ENSDARG00000015224;cd2ap;Cd2ap;cd2ap
ENSDARG00000060263;pecam1a;Pecam1;pecam1
ENSDARG00000098312;scarb2a;Scarb2;scarb2a
ENSDARG00000053481;entpd5a;Entpd5;entpd5a
ENSDARG00000090386;polr1g;Polr1g;cd3eap
ENSDARG00000100284;cd247;Cd247;CABZ01080372.1
ENSDARG00000077240;cd247l;Cd247;cd247l
ENSDARG00000070668;cd4-1;Cd4;cd4-1
ENSDARG00000018687;itga2b;Itga2b;itga2b
ENSDARG00000087863;cd44a;Cd44;cd44a
ENSDARG00000062974;itga2.2;Itga2;itga2.2
ENSDARG00000090615;cd59a;Cd59b;cd59
ENSDARG00000077372;tfr1b;Tfrc;tfr1b
ENSDARG00000036628;cd74b;Cd74;cd74b
ENSDARG00000036080;cd81a;Cd81;cd81a
ENSDARG00000026070;cd82b;Cd82;cd82b
ENSDARG00000005842;cd9a;Cd9;cd9a
ENSDARG00000104083;adgre5b.2;Adgre5;adgre5b.2
ENSDARG00000016691;cd9b;Cd9;cd9b
ENSDARG00000038199;cdab;Cda;cdab
ENSDARG00000021483;cdc14b;Cdc14b;cdc14b
ENSDARG00000013858;cdc14aa;Cdc14a;cdc14aa
ENSDARG00000057016;cdc14ab;Cdc14a;cdc14ab
ENSDARG00000087554;cdk1;Cdk1;cdk1
ENSDARG00000010792;cdc25b;Cdc25c;cdc25b
ENSDARG00000102546;cdk11b;Cdk11b;cdk11b
ENSDARG00000076791;cdk13;Cdk13;cdk13
ENSDARG00000043858;cdk19;Cdk19;cdk19
ENSDARG00000004174;cnot1;Cnot1;cnot1
ENSDARG00000044573;cdc42;Cdc42;cdc42
ENSDARG00000062390;cdc42ep5;Cdc42ep5;cdc42ep5
ENSDARG00000101457;cdc42ep4a;Cdc42ep4;cdc42ep4a
ENSDARG00000043720;cdc45;Cdc45;cdc45
ENSDARG00000020008;vcp;Vcp;vcp
ENSDARG00000077620;cdca7a;Cdca7;cdca7a
ENSDARG00000076659;cdca7b;Cdca7l;cdca7b
ENSDARG00000055843;cdh10a;Cdh9;cdh10a
ENSDARG00000061371;cdh18a;Cdh18;cdh18a
ENSDARG00000078404;cdh26.1;Cdh26;cdh26.1
ENSDARG00000023542;cdh7a;Cdh7;cdh7
ENSDARG00000004643;cdhr1a;Cdhr1;cdhr1a
ENSDARG00000021442;cdh11;Cdh11;cdh11
ENSDARG00000045087;cdk5r1b;Cdk5r1;cdk5r1b
ENSDARG00000071011;cdk5r2a;Cdk5r2;cdk5r2a
ENSDARG00000054271;cdkn1bb;Cdkn1b;cdkn1bb
ENSDARG00000029018;cdkn1ba;Cdkn1b;cdkn1ba
ENSDARG00000037262;cdkn2a/b;Cdkn2b;cdkn2a/b
ENSDARG00000045092;cdk5rap3;Cdk5rap3;cdk5rap3
ENSDARG00000018432;m6pr;M6pr;m6pr
ENSDARG00000075354;espl1;Espl1;espl1
ENSDARG00000007444;ift81;Ift81;ift81
ENSDARG00000015946;slc44a1a;Slc44a3;slc44a1a
ENSDARG00000058346;sass6;Sass6;sass6
ENSDARG00000087303;cebpd;Cebpd;cebpd
ENSDARG00000036073;cebpg;Cebpg;cebpg
ENSDARG00000105077;hdhd5;Hdhd5;cecr5
ENSDARG00000087319;tmem121b;Tmem121b;cecr6
ENSDARG00000024398;get4;Get4;get4
ENSDARG00000034668;celf3a;Celf3;celf3a
ENSDARG00000045776;cnbpa;Cnbp;cnbpa
ENSDARG00000069185;celsr1a;Celsr1;celsr1a
ENSDARG00000019726;celsr2;Celsr2;celsr2
ENSDARG00000058259;celsr1b;Celsr1;celsr1b
ENSDARG00000028900;odf2a;Odf2;odf2a
ENSDARG00000006128;cep170aa;Sdccag8;cep170aa
ENSDARG00000102349;cep55l;Cep55;cep55l
ENSDARG00000008454;cpeb1b;Cpeb1;cpeb1b
ENSDARG00000021177;cept1b;Cept1;cept1b
ENSDARG00000010312;cp;Cp;cp
ENSDARG00000052654;thrab;Thra;thrab
ENSDARG00000000151;thraa;Thra;thraa
ENSDARG00000036337;cers3b;Cers3;cers3b
ENSDARG00000052344;tbl3;Tbl3;tbl3
ENSDARG00000039579;cfd;Cfd;cfd
ENSDARG00000102456;cfhl4;F13b;cfhl4
ENSDARG00000021124;cfl1;Cfl1;cfl1
ENSDARG00000055966;cflara;Cflar;cflara
ENSDARG00000023484;rflna;Rflna;fam101a
ENSDARG00000102986;csf1ra;Csf1r;csf1ra
ENSDARG00000025718;cxxc1b;Cxxc1;cxxc1b
ENSDARG00000102184;mib1;Mib1;mib1
ENSDARG00000021572;cgasa;Cgas;mb21d1
ENSDARG00000008765;tmed5;Tmed5;tmed5
ENSDARG00000022271;trim35-34;Trim75;trim35-34
ENSDARG00000042627;nhsl1b;Nhsl1;nhsl1b
ENSDARG00000076076;crtc1b;Crtc1;crtc1b
ENSDARG00000025983;l3mbtl3;L3mbtl3;l3mbtl3
ENSDARG00000045190;ch25h;Ch25h;ch25h
ENSDARG00000056732;her4.1;Hes5;her4.1
ENSDARG00000053917;alg10;Alg10b;alg10
ENSDARG00000036471;dand5;Dand5;dand5
ENSDARG00000029019;epb41b;Epb41;epb41b
ENSDARG00000039225;vps13a;Vps13a;vps13a
ENSDARG00000044417;disp1;Disp1;disp1
ENSDARG00000078696;synpo2lb;Synpo2l;synpo2lb
ENSDARG00000077293;synpo2la;Synpo2l;synpo2la
ENSDARG00000016173;cct3;Cct3;cct3
ENSDARG00000007385;cct7;Cct7;cct7
ENSDARG00000010831;churc1;Churc1;churc1
ENSDARG00000010717;chchd10;Chchd10;chchd10
ENSDARG00000059304;chchd2;Chchd2;chchd2
ENSDARG00000032919;chchd3a;Chchd3;chchd3a
ENSDARG00000077643;lypd6b;Lypd6b;lypd6b
ENSDARG00000033376;chchd4a;Chchd4;chchd4a
ENSDARG00000006110;chrd;Chrd;chd
ENSDARG00000100635;chia.1;Ovgp1;chia.1
ENSDARG00000099185;chia.2;Chil5;chia.2
ENSDARG00000009612;chia.3;Chil6;chia.3
ENSDARG00000008541;chia.4;Chia1;chia.4
ENSDARG00000101322;tfr1a;Tfrc;tfr1a
ENSDARG00000045228;stub1;Stub1;stub1
ENSDARG00000052893;rx3;Rax;rx3
ENSDARG00000104765;chek1;Chek1;chek1
ENSDARG00000025820;chek2;Chek2;chek2
ENSDARG00000078916;chrdl2;Chrdl2;chrdl2
ENSDARG00000068683;chmp2ba;Chmp2b;chmp2ba
ENSDARG00000002190;chmp2bb;Chmp2b;chmp2bb
ENSDARG00000103718;chmp5b;Chmp5;chmp5b
ENSDARG00000102024;chmp6b;Chmp6;chmp6b
ENSDARG00000007891;meox1;Meox1;meox1
ENSDARG00000059836;ddit3;Ddit3;ddit3
ENSDARG00000017067;chordc1b;Chordc1;chordc1b
ENSDARG00000043646;slc6a8;Slc6a8;slc6a8
ENSDARG00000052859;chp1;Chp1;chp1
ENSDARG00000059474;mlxip;Mlxipl;mlxip
ENSDARG00000098612;chrm2a;Chrm2;chrm2a
ENSDARG00000069598;chrm5b;Chrm5;chrm5b
ENSDARG00000011113;chrna10a;Chrna10;chrna10a
ENSDARG00000006602;chrna2a;Chrna2;chrna2a
ENSDARG00000070724;chrna4b;Chrna4;chrna4b
ENSDARG00000101702;chrna7a;Chrna7;chrna7
ENSDARG00000017790;chrnb2;Chrnb2;chrnb2b
ENSDARG00000038508;chrnb3b;Chrnb3;chrnb3b
ENSDARG00000042272;tmem231;Tmem231;tmem231
ENSDARG00000015325;u2af1;U2af1;u2af1
ENSDARG00000009864;ddx55;Ddx55;ddx55
ENSDARG00000002952;smo;Smo;smo
ENSDARG00000018334;rpl35;Rpl35;rpl35
ENSDARG00000105117;sdad1;Sdad1;sdad1
ENSDARG00000026448;med29;Med29;med29
ENSDARG00000017696;utp25;Utp25;diexf
ENSDARG00000017844;copz1;Copz1;copz1
ENSDARG00000006615;hnf1ba;Hnf1b;hnf1ba
ENSDARG00000052348;smarca5;Smarca5;smarca5
ENSDARG00000044575;vars1;Vars1;vars
ENSDARG00000011648;snrpd1;Snrpd1;snrpd1
ENSDARG00000032651;ppp1r10;Ppp1r10;ppp1r10
ENSDARG00000100028;pole2;Pole2;pole2
ENSDARG00000071396;timm23a;Timm23;timm23a
ENSDARG00000019572;taf7;Taf7;taf7
ENSDARG00000006370;atp6v1h;Atp6v1h;atp6v1h
ENSDARG00000056102;uxs1;Uxs1;uxs1
ENSDARG00000057096;ndr1;Nodal;ndr1
ENSDARG00000055443;zcchc7;Zcchc7;zcchc7
ENSDARG00000052674;csnk1a1;Csnk1a1;csnk1a1
ENSDARG00000100392;rps18;Rps18-ps6;rps18
ENSDARG00000021669;sec61a1a;Sec61a1;sec61a1
ENSDARG00000018574;sf3b4;Sf3b4;sf3b4
ENSDARG00000039302;terfa;Terf2;terfa
ENSDARG00000007918;ttc27;Ttc27;ttc27
ENSDARG00000099104;rpl24;Rpl24;rpl24
ENSDARG00000009871;snrpc;Snrpc;snrpc
ENSDARG00000045155;phf5a;Phf5a;phf5a
ENSDARG00000101180;mcm7;Mcm7;mcm7
ENSDARG00000105286;ddx54;Ddx54;ddx54
ENSDARG00000005699;ddx19b;Ddx19b;ddx19
ENSDARG00000019300;ints7;Ints7;ints7
ENSDARG00000014898;ncbp2;Ncbp2;ncbp2
ENSDARG00000015427;hdac1;Hdac1;hdac1
ENSDARG00000015472;gpc4;Gpc4;gpc4
ENSDARG00000007377;odc1;Odc1;odc1
ENSDARG00000003527;mak16;Mak16;mak16
ENSDARG00000005772;tsr2;Tsr2;tsr2
ENSDARG00000102464;wnt5b;Wnt5b;wnt5b
ENSDARG00000070433;vps18;Vps18;vps18
ENSDARG00000092553;slc25a5;Slc25a5;slc25a5
ENSDARG00000043453;rps5;Rps5;rps5
ENSDARG00000002385;atm;Atm;atm
ENSDARG00000099446;slit1b;Slit1;slit1b
ENSDARG00000079027;chsy1;Chsy1;chsy1
ENSDARG00000058940;pierce1;Pierce1;si:ch211-248e11.2
ENSDARG00000055502;cicb;Cic;cicb
ENSDARG00000057110;slc25a1a;Slc25a1;slc25a1a
ENSDARG00000022560;clcnk;Clcnka;clcnk
ENSDARG00000006094;igf2r;Igf2r;igf2r
ENSDARG00000076554;cdkn1a;Cdkn1a;cdkn1a
ENSDARG00000013351;cirbpb;Rbm3;cirbpb
ENSDARG00000017675;utp4;Utp4;cirh1a
ENSDARG00000063197;golga2;Golga2;golga2
ENSDARG00000060316;cisha;Cish;cish
ENSDARG00000089856;cita;Cit;cita
ENSDARG00000089461;ciz1b;Ciz1;ciz1b
ENSDARG00000043531;jun;Jun;jun
ENSDARG00000002082;csnk2a1;Csnk2a1;csnk2a1
ENSDARG00000012818;csnk2a2a;Csnk2a2;csnk2a2a
ENSDARG00000013582;csnk2a2b;Csnk2a2;csnk2a2b
ENSDARG00000077776;csnk2b;Csnk2b;csnk2b
ENSDARG00000068404;tbcb;Tbcb;tbcb
ENSDARG00000058371;krt5;Krt74;krt5
ENSDARG00000077499;plekho1b;Plekho1;plekho1b
ENSDARG00000043317;kita;Kit;kita
ENSDARG00000040565;ckmb;Ckm;ckmb
ENSDARG00000039929;ckmt2b;Ckmt2;ckmt2b
ENSDARG00000058930;cldn10e;Cldn10;si:busm1-52i16.2
ENSDARG00000042357;cldnk;Cldn9;cldnk
ENSDARG00000062427;clcn2a;Clcn2;clcn2a
ENSDARG00000060439;clcn2c;Clcn2;clcn2c
ENSDARG00000022466;clcn5b;Clcn5;clcn5b
ENSDARG00000058937;cldn10a;Cldn10;cldn10a
ENSDARG00000030723;cldn11b;Cldn11;cldn11b
ENSDARG00000057322;tmem47;Tmem47;tmem47
ENSDARG00000099950;cldn8.3;Cldn8;cldn17
ENSDARG00000028096;cldn23.1;Cldn23;si:ch211-95j8.2
ENSDARG00000103703;cldn23.2;Cldn23;CLDN23
ENSDARG00000089553;cldn23l;Cldn23;si:dkey-221l4.11
ENSDARG00000076137;cldn26;Cldn22;CLDN22
ENSDARG00000006580;cldnd;Cldn9;cldnd
ENSDARG00000069888;cldna;Cldn4;cldna
ENSDARG00000009544;cldnb;Cldn13;cldnb
ENSDARG00000087805;cldn34a;Cldn34b3;FP236735.1
ENSDARG00000043716;cldn5a;Cldn5;cldn5a
ENSDARG00000040628;cldn8.2;Cldn17;zgc:110333
ENSDARG00000058880;cldnj;Cldn6;cldnj
ENSDARG00000015955;cldn3d;Cldn6;cldnc
ENSDARG00000069503;cldn3c;Cldn9;cldnh
ENSDARG00000018904;cstf3;Cstf3;cstf3
ENSDARG00000024365;crlf1a;Crlf1;crlf1a
ENSDARG00000006368;crlf1b;Crlf1;crlf1b
ENSDARG00000070261;crlf3;Crlf3;crlf3
ENSDARG00000070584;clic5b;Clic5;clic5b
ENSDARG00000075993;clic5a;Clic5;clic5a
ENSDARG00000044776;clic3;Clic3;clic3
ENSDARG00000019845;pdlim1;Pdlim1;pdlim1
ENSDARG00000025535;clint1a;Clint1;clint1a
ENSDARG00000078722;clip1a;Clip1;clip1a
ENSDARG00000011703;clocka;Clock;clocka
ENSDARG00000089372;clk4a;Clk4;clk4a
ENSDARG00000042793;tpp1;Tpp1;tpp1
ENSDARG00000077584;cln6a;Cln6;cln6a
ENSDARG00000040070;coil;Coil;coil
ENSDARG00000003631;clockb;Clock;clockb
ENSDARG00000016536;npas2;Npas2;npas2
ENSDARG00000058079;txndc17;Txndc17;txndc17
ENSDARG00000029063;clpxa;Clpx;clpxa
ENSDARG00000077467;sox10;Sox10;sox10
ENSDARG00000060637;clstn2a;Clstn2;clstn2
ENSDARG00000008398;cacna1c;Cacna1c;cacna1c
ENSDARG00000014623;si:ch211-212d10.1;Cma2;si:ch211-212d10.1
ENSDARG00000015890;mafa;Maf;mafa
ENSDARG00000057334;cmasa;Cmas;cmasa
ENSDARG00000070903;met;Met;met
ENSDARG00000019096;myl7;Myl7;myl7
ENSDARG00000069744;mos;Mos;mos
ENSDARG00000039222;mpl;Mpl;mpl
ENSDARG00000059460;sbf2;Sbf2;sbf2
ENSDARG00000030722;xirp1;Xirp1;xirp1
ENSDARG00000061379;cmya5;Cmya5;cmya5
ENSDARG00000053666;myb;Myb;myb
ENSDARG00000045695;myca;Myc;myca
ENSDARG00000007241;mycb;Bmyc;mycb
ENSDARG00000070922;cnbpb;Cnbp;cnbpb
ENSDARG00000012125;cnga1b;Cnga1;cnga1
ENSDARG00000070726;cnga3a;Cnga3;cnga3a
ENSDARG00000102968;cnga2a;Cnga2;cnga5
ENSDARG00000042840;eml1;Eml1;eml1
ENSDARG00000020311;cnih1;Cnih1;cnih1
ENSDARG00000038754;plk3;Plk3;plk3
ENSDARG00000099510;cnn3a;Cnn3;cnn3a
ENSDARG00000078733;cnnm2b;Cnnm2;cnnm2b
ENSDARG00000007597;bloc1s4;Bloc1s4;bloc1s4
ENSDARG00000019842;cnot3b;Cnot3;cnot3b
ENSDARG00000008255;cnot6a;Cnot6;cnot6a
ENSDARG00000068126;nppc;Nppc;nppc
ENSDARG00000070822;cnp;Cnp;cnp
ENSDARG00000037337;cnrip1b;Cnrip1;cnrip1b
ENSDARG00000042759;cnstb;Cnst;cnstb
ENSDARG00000062880;cntn3a.1;Cntn3;cntn3a.1
ENSDARG00000074558;cntnap2b;Cntnap2;cntnap2b
ENSDARG00000073802;cntnap5l;Cntnap5b;cntnap5l
ENSDARG00000035505;nelfb;Nelfb;nelfb
ENSDARG00000042525;ebf2;Ebf2;ebf2
ENSDARG00000063905;mt-co1;mt-Co1;mt-co1
ENSDARG00000063908;mt-co2;mt-Co2;mt-co2
ENSDARG00000063912;mt-co3;mt-Co3;mt-co3
ENSDARG00000054753;col10a1a;Col10a1;col10a1a
ENSDARG00000026165;col11a1a;Col11a1;col11a1a
ENSDARG00000098294;col5a3a;Col5a3;col5a3a
ENSDARG00000012422;col11a2;Col11a2;col11a2
ENSDARG00000069415;col17a1a;Col17a1;col17a1a
ENSDARG00000077084;col28a1a;Col28a1;col28a1a
ENSDARG00000069093;col2a1a;Col2a1;col2a1a
ENSDARG00000024325;cert1a;Cert1;col4a3bpa
ENSDARG00000102372;cert1b;Cert1;col4a3bpb
ENSDARG00000031678;col5a2a;Col5a2;col5a2a
ENSDARG00000077403;col8a1a;Col8a1;col8a1a
ENSDARG00000003533;col8a1b;Col8a1;col8a1b
ENSDARG00000073974;colgalt1a;Colgalt1;colgalt1
ENSDARG00000014670;colgalt2b;Colgalt2;colgalt2
ENSDARG00000068220;mbl2;Sftpd;hbl3
ENSDARG00000061576;gldn;Gldn;gldn
ENSDARG00000011549;c1ql4a;C1ql4;c1ql4a
ENSDARG00000105243;ogt.1;Ogt;ogt.1
ENSDARG00000031434;rcor1;Rcor1;rcor1
ENSDARG00000005210;coro2aa;Coro2a;coro2a
ENSDARG00000079440;coro2ba;Coro2b;coro2ba
ENSDARG00000031649;sst7;Cort;sst3
ENSDARG00000033099;kif7;Kif7;kif7
ENSDARG00000003607;nr2f6a;Nr2f6;nr2f6a
ENSDARG00000052695;nr2f1a;Nr2f1;nr2f1a
ENSDARG00000017168;nr2f1b;Nr2f1;nr2f1b
ENSDARG00000040926;nr2f2;Nr2f2;nr2f2
ENSDARG00000052148;ptgs1;Ptgs1;ptgs1
ENSDARG00000004539;ptgs2a;Ptgs2;ptgs2a
ENSDARG00000010276;ptgs2b;Ptgs2;ptgs2b
ENSDARG00000032970;cox4i1;Cox4i1;cox4i1
ENSDARG00000022509;cox4i2;Cox4i2;cox4i2
ENSDARG00000017093;emc8;Emc8;emc8
ENSDARG00000053217;cox7a2a;Cox7a2;cox7a2a
ENSDARG00000054907;cox7a2l;Cox7a2l;cox7a3
ENSDARG00000095273;cox8a;Cox8a;cox8a
ENSDARG00000055648;cpda;Cpd;cpda
ENSDARG00000013312;cadps2;Cadps2;cadps2
ENSDARG00000056691;cpeb4a;Cpeb4;cpeb4a
ENSDARG00000071860;nrn1a;Nrn1;nrn1a
ENSDARG00000037284;ptges3a;Ptges3;ptges3a
ENSDARG00000011239;ppp1r14aa;Ppp1r14a;ppp1r14aa
ENSDARG00000024546;pla2g4aa;Pla2g4a;pla2g4aa
ENSDARG00000018997;cplx2a;Cplx1;cplx2l
ENSDARG00000061918;cplx2b;Cplx2;cplx2
ENSDARG00000062508;cplx3a;Cplx3;cplx3a
ENSDARG00000056167;hspe1;Hspe1;hspe1
ENSDARG00000075536;cpne1;Cpne1;cpne1
ENSDARG00000104254;cpne4b;Cpne4;cpne4b
ENSDARG00000070919;cpne5b;Cpne5;cpne5b
ENSDARG00000025212;ints11;Ints11;cpsf3l
ENSDARG00000003153;nudt21;Nudt21;nudt21
ENSDARG00000059770;cpt1aa;Cpt1a;cpt1aa
ENSDARG00000058285;cpt1b;Cpt1b;cpt1b
ENSDARG00000037943;cpt1a2b;Cpt1c;cpt1cb
ENSDARG00000021149;cbr1l;Cbr1;cbr1l
ENSDARG00000070575;fam131bb;Fam131b;fam131bb
ENSDARG00000012269;clcn1b;Clcn1;clcn1b
ENSDARG00000045926;crabp1a;Crabp1;crabp1a
ENSDARG00000035904;crabp1b;Crabp1;crabp1b
ENSDARG00000096415;raf1a;Raf1;raf1a
ENSDARG00000045808;rlbp1b;Rlbp1;rlbp1b
ENSDARG00000012504;rlbp1a;Rlbp1;rlbp1a
ENSDARG00000060106;crb2a;Crb2;crb2a
ENSDARG00000070038;rbp2a;Rbp2;rbp2a
ENSDARG00000053586;creb1a;Creb1;creb1a
ENSDARG00000020926;creb3l3l;Creb3;creb3l3l
ENSDARG00000056226;creb3l3a;Creb3l3;creb3l3a
ENSDARG00000070536;creb5b;Creb5;creb5b
ENSDARG00000055276;rel;Rel;rel
ENSDARG00000055305;ret;Ret;ret
ENSDARG00000027657;crhb;Crh;crhb
ENSDARG00000074488;ifngr1l;Ifngr1;ifngr1
ENSDARG00000087131;ifnlr1;Il10ra;ifnlr1
ENSDARG00000078042;il10rb;Il10rb;il10rb
ENSDARG00000067795;ifngr2;Ifngr2;crfb6
ENSDARG00000100383;il10ra;Il10ra;il10ra
ENSDARG00000032571;il20ra;Il20ra;il20ra
ENSDARG00000039439;il22ra2;Il22ra2;il22ra2
ENSDARG00000024831;crhbp;Crhbp;crhbp
ENSDARG00000003989;crhr1;Crhr1;crhr1
ENSDARG00000092918;crhr2;Crhr2;AL590151.2
ENSDARG00000103704;crhr2;Crhr2;crhr2
ENSDARG00000013293;crispld1b;Crispld1;crispld1b
ENSDARG00000077275;crispld1a;Crispld1;crispld1a
ENSDARG00000056742;crmp1;Crmp1;crmp1
ENSDARG00000032083;dpysl2b;Dpysl2;dpysl2b
ENSDARG00000103490;dpysl4;Dpysl4;dpysl4
ENSDARG00000002587;dpysl3;Dpysl3;dpysl3
ENSDARG00000011141;dpysl5a;Dpysl5;dpysl5a
ENSDARG00000059311;dpysl5b;Dpysl5;dpysl5b
ENSDARG00000101980;bmper;Bmper;bmper
ENSDARG00000056498;crp5;Crp;crp
ENSDARG00000045089;apcs;Apcs;si:ch211-270n8.1
ENSDARG00000056462;crp2;Crp;crp2
ENSDARG00000099431;med24;Med24;med24
ENSDARG00000009953;med14;Med14;med14
ENSDARG00000029157;med23;Med23;med23
ENSDARG00000009681;med27;Med27;med27
ENSDARG00000006345;med17;Med17;med17
ENSDARG00000016318;med7;Med7;med7
ENSDARG00000089769;hapln1a;Hapln1;hapln1a
ENSDARG00000104230;sec23a;Sec23a;sec23a
ENSDARG00000045768;cry1a;Cry1;cry1aa
ENSDARG00000011583;cry1b;Cry1;cry1ab
ENSDARG00000102403;cry2;Cry2;cry2
ENSDARG00000042621;cryaba;Cryab;cryaba
ENSDARG00000101380;cryabb;Cryab;cryabb
ENSDARG00000041141;cryba1a;Cryba1;cryba1a
ENSDARG00000040738;zgc:153846;Cryga;zgc:153846
ENSDARG00000076790;crygm2d16;Cryge;crygm2d16
ENSDARG00000018797;crygmxl1;Cryga;crygmxl1
ENSDARG00000041171;crygs2;Crygs;crygs2
ENSDARG00000087324;crygm2d1;Crygf;crygm2d1
ENSDARG00000086917;crygm2d2;Crygf;crygm2d2
ENSDARG00000088823;crygm2d3;Crygf;crygm2d3
ENSDARG00000087164;crygm2d4;Crygd;crygm2d4
ENSDARG00000073874;crygm2d6;Crygc;crygm2d6
ENSDARG00000076572;crygm2d7;Crygf;crygm2d7
ENSDARG00000069283;ercc8;Ercc8;ercc8
ENSDARG00000040085;ccsapb;Ccsap;ccsapb
ENSDARG00000041323;csdc2a;Csdc2;csdc2a
ENSDARG00000017880;kcnip3b;Kcnip3;kcnip3b
ENSDARG00000075343;csf1a;Csf1;csf1a
ENSDARG00000068263;csf1b;Csf1;csf1b
ENSDARG00000102211;csf3a;Csf3;csf3a
ENSDARG00000040535;csgalnact1a;Csgalnact1;ENSDARG00000040535
ENSDARG00000044414;csmd1a;Csmd1;csmd1a
ENSDARG00000006125;csnk1db;Csnk1d;csnk1db
ENSDARG00000008370;csnk1da;Csnk1d;csnk1da
ENSDARG00000005458;csnk1g2a;Csnk1g2;csnk1g2a
ENSDARG00000009401;vcanb;Vcan;vcanb
ENSDARG00000005783;ncanb;Ncan;ncanb
ENSDARG00000076735;cspg4ba;Cspg4b;si:dkey-193c22.2
ENSDARG00000069981;cspg5a;Cspg5;cspg5a
ENSDARG00000019000;smc3;Smc3;smc3
ENSDARG00000038716;casq1a;Casq1;casq1a
ENSDARG00000041708;kat14;Kat14;csrp2bp
ENSDARG00000101706;csrp3;Csrp3;csrp3
ENSDARG00000045352;cst14a.2;Csta1;cst14a.2
ENSDARG00000090788;cstf2;Cstf2t;cstf2
ENSDARG00000057007;ctbp1;Ctbp1;ctbp1
ENSDARG00000044062;ctbp2a;Ctbp2;ctbp2a
ENSDARG00000016519;ctdnep1a;Ctdnep1;ctdnep1a
ENSDARG00000035781;ctdnep1b;Ctdnep1;ctdnep1b
ENSDARG00000060586;ctdspl2b;Ctdspl2;ctdspl2b
ENSDARG00000042510;acot20;Acot6;acot20
ENSDARG00000042934;ccn2a;Ccn2;ctgfa
ENSDARG00000104292;ccn2b;Ccn2;ctgfb
ENSDARG00000011400;tnnc1a;Tnnc1;tnnc1a
ENSDARG00000014571;ctnnb1;Ctnnb1;ctnnb1
ENSDARG00000062415;ctnnd2a;Ctnnd2;ctnnd2a
ENSDARG00000020610;tnnt2a;Tnnt2;tnnt2a
ENSDARG00000069090;atp6v0d1;Atp6v0d1;atp6v0d1
ENSDARG00000098386;ctps1b;Ctps1;ctps1b
ENSDARG00000028845;calcr;Calcr;calcr
ENSDARG00000013961;slc31a1;Slc31a1;slc31a1
ENSDARG00000068680;ctrl;Ctrl;ctrl
ENSDARG00000090428;ctrb.1;Ctrb1;ctrb1
ENSDARG00000055120;ctsba;Ctsb;ctsba
ENSDARG00000094559;zgc:174855;Ctsl;zgc:174855
ENSDARG00000079376;zgc:174153;BC051665;zgc:174153
ENSDARG00000095254;si:dkey-239j18.2;Ctsll3;si:dkey-239j18.2
ENSDARG00000011701;ctsll;Ctsq;ctsll
ENSDARG00000075527;zgc:174154;Ctsm;si:dkey-239j18.2
ENSDARG00000095744;si:dkey-269i1.4;4930486L24Rik;si:dkey-269i1.4
ENSDARG00000089806;si:dkey-239j18.3;Cts6;si:dkey-239j18.3
ENSDARG00000036940;ctss1;Ctss;ctss1
ENSDARG00000074656;ctss2.1;Ctss;ctss2.1
ENSDARG00000013771;ctss2.2;Ctss;ctss2.2
ENSDARG00000056091;cttnbp2nlb;Cttnbp2nl;cttnbp2nlb
ENSDARG00000092136;cenpw;Cenpw;cenpw
ENSDARG00000007691;cul1b;Cul1;cul1b
ENSDARG00000038967;cul3a;Cul3;cul3a
ENSDARG00000069742;cul5a;Cul5;cul5a
ENSDARG00000014098;pkd2;Pkd2;pkd2
ENSDARG00000021022;ift57;Ift57;ift57
ENSDARG00000046141;zgc:162025;2210016L21Rik;zgc:162025
ENSDARG00000043134;cux1b;Cux1;cux1b
ENSDARG00000043848;sod1;Sod1;sod1
ENSDARG00000041787;gja13.1;Gja4;cx32.3
ENSDARG00000041797;gja12.1;Gja4;cx28.9
ENSDARG00000076789;gja13.2;Gja4;cx32.2
ENSDARG00000054150;gje1a;Gje1;cx23
ENSDARG00000035553;gjb1a;Gjb1;cx27.5
ENSDARG00000003925;gjb9a;Gjb4;cx28.6
ENSDARG00000042707;gjb8;Gjb2;cx30.3
ENSDARG00000070362;gjb9b;Gjb4;cx30.9
ENSDARG00000058064;gjb1b;Gjb1;cx31.7
ENSDARG00000075854;gjb10;Gjb5;cx34.4
ENSDARG00000070781;gjd2b;Gjd2;gjd2b
ENSDARG00000042866;gjb3;Gjb3;cx35.4
ENSDARG00000070357;gja4;Gja4;cx39.4
ENSDARG00000071192;gja1a;Gja1;cx40.8
ENSDARG00000069450;gja5b;Gja5;gja5b
ENSDARG00000041799;gja1b;Gja1;cx43
ENSDARG00000021889;gja3;Gja3;gja3
ENSDARG00000015076;gja8b;Gja8;gja8b
ENSDARG00000040065;gja5a;Gja5;gja5a
ENSDARG00000073896;gjc2;Gjc2;cx47.1
ENSDARG00000069451;gja8a;Gja8;gja8a
ENSDARG00000034930;gja10b;Gja10;cx52.6
ENSDARG00000057792;gja10a;Gja10;cx52.7
ENSDARG00000101138;cxcl11.4;Cxcl9;ENSDARG00000101138
ENSDARG00000095747;cxcl11.8;Cxcl9;cxcl11.8
ENSDARG00000102514;cxcl11.3;Cxcl11;BX323596.2
ENSDARG00000100662;cxcl11.1;Cxcl11;cxcl11.1
ENSDARG00000092423;cxcl11.5;Cxcl11;cxcl11.5
ENSDARG00000094706;cxcl11.6;Cxcl9;cxcl11.6
ENSDARG00000037116;cxcl12a;Cxcl12;cxcl12a
ENSDARG00000104795;cxcl8a;Ppbp;cxcl8a
ENSDARG00000099169;cxcl8b.3;Pf4;cxcl8b.3
ENSDARG00000054975;cxcr2;Cxcr1;cxcr2
ENSDARG00000007358;cxcr3.1;Cxcr3;cxcr3.1
ENSDARG00000058179;ackr3b;Ackr3;ackr3b
ENSDARG00000062478;ackr3a;Ackr3;ackr3a
ENSDARG00000101996;cxxc1a;Cxxc1;cxxc1a
ENSDARG00000078865;cxxc5a;Cxxc5;cxxc5a
ENSDARG00000044345;cyfip1;Cyfip1;cyfip1
ENSDARG00000056281;cyb561a3a;Cyb561a3;cyb561a3a
ENSDARG00000028257;cyb561a3b;Cyb561a3;cyb561a3b
ENSDARG00000044562;cycsb;Cycs;cycsb
ENSDARG00000101279;ndr2;Nodal;ndr2
ENSDARG00000103994;ppiab;Ppia;ppiab
ENSDARG00000099371;cygb1;Cygb;cygb1
ENSDARG00000061057;zftraf1;Zftraf1;cyhr1
ENSDARG00000060058;cyld;Cyld;cylda
ENSDARG00000042014;cyp11c1;Cyp11b2;cyp11c1
ENSDARG00000033566;cyp17a1;Cyp17a1;cyp17a1
ENSDARG00000098315;cyp1a;Cyp1a1;cyp1a
ENSDARG00000037550;cyp21a2;Cyp21a1;cyp21a2
ENSDARG00000103277;cyp24a1;Cyp24a1;cyp24a1
ENSDARG00000056029;cyp26c1;Cyp26c1;cyp26c1
ENSDARG00000033802;cyp27a1.1;Cyp27a1;cyp27a7
ENSDARG00000042978;cyp2p6;Cyp2j7;cyp2p6
ENSDARG00000042990;cyp2p10;Cyp2j12;cyp2p10
ENSDARG00000022631;cyp2p9;Cyp2j7;cyp2p9
ENSDARG00000042982;cyp2p8;Cyp2j8;cyp2p8
ENSDARG00000042980;cyp2p7;Cyp2j7;cyp2p7
ENSDARG00000018485;cyp2v1;Cyp2j5;cyp2v1
ENSDARG00000022650;cyp2ad3;Cyp2j6;cyp2ad3
ENSDARG00000021172;cyp2ad2;Cyp2j6;cyp2ad2
ENSDARG00000042956;cyp2ad6;Cyp2j7;cyp2ad6
ENSDARG00000042953;cyp2n13;Cyp2j8;cyp2n13
ENSDARG00000015575;cyp3c1;Cyp3a13;cyp3c1
ENSDARG00000037873;cyp3c3;Cyp3a41a;cyp3c3
ENSDARG00000012137;cyp46a1.1;Cyp46a1;cyp46a1.1
ENSDARG00000004262;cyp46a1.2;Cyp46a1;cyp46a1.4
ENSDARG00000053530;cyp4f3;Cyp4f16;cyp4f3
ENSDARG00000062132;cyp4v2a;Cyp4v3;cyp4v8
ENSDARG00000061585;cyp4v2b;Cyp4v3;cyp4v7
ENSDARG00000069018;cyp7a1;Cyp7a1;cyp7a1
ENSDARG00000008858;cyp7b1;Cyp7b1;cyp7b1
ENSDARG00000053068;cyp8b1.1;Cyp8b1;cyp8b1
ENSDARG00000097556;cyp8b1.2;Cyp8b1;cyp8b2
ENSDARG00000097559;cyp8b1.3;Cyp8b1;cyp8b3
ENSDARG00000056322;ldb3a;Ldb3;ldb3a
ENSDARG00000023062;ccn1;Ccn1;cyr61
ENSDARG00000093456;oip5-as1;Oip5os1;oip5-as1
ENSDARG00000076742;cyth1a;Cyth1;cyth1a
ENSDARG00000007807;cyth3a;Cyth3;cyth3a
ENSDARG00000006719;specc1la;Specc1l;specc1la
ENSDARG00000042232;specc1lb;Specc1l;specc1lb
ENSDARG00000100604;olfcw1;Vmn2r110;olfcw1
ENSDARG00000044899;tmem183a;Tmem183a;tmem183a
ENSDARG00000071640;drd1a;Drd1;drd1a
ENSDARG00000038918;drd1b;Drd1;drd1b
ENSDARG00000071031;snx1a;Snx1;snx1a
ENSDARG00000095767;dio3b;Dio3;CT573065.1
ENSDARG00000101030;mhc2d4b;H2-Ab1;si:ch73-158p21.3
ENSDARG00000043011;chst14;Chst14;chst14
ENSDARG00000029894;slc2a15a;Slc2a9;slc2a15a
ENSDARG00000015059;daam1a;Daam1;daam1a
ENSDARG00000009689;daam1b;Daam1;daam1b
ENSDARG00000059939;dab1a;Dab1;dab1a
ENSDARG00000075110;dab2ipb;Dab2ip;dab2ipb
ENSDARG00000033551;fbxw4;Fbxw4;fbxw4
ENSDARG00000010132;dacha;Dach2;dacha
ENSDARG00000003142;dachc;Dach1;dachc
ENSDARG00000056648;ext2;Ext2;ext2
ENSDARG00000056986;dact2;Dact2;dact2
ENSDARG00000030932;fgf10a;Fgf10;fgf10a
ENSDARG00000016153;dag1;Dag1;dag1
ENSDARG00000062085;tkfc;Tkfc;tkfc
ENSDARG00000092074;hcst;Hcst;hcst
ENSDARG00000094894;tyrobp;Tyrobp;tyrobp
ENSDARG00000000069;dap;Dap;dap
ENSDARG00000061096;dapk2a;Dapk2;dapk2a
ENSDARG00000101635;dact1;Dact1;dact1
ENSDARG00000070043;dars1;Dars1;dars
ENSDARG00000056561;asb11;Asb11;asb11
ENSDARG00000004219;slc6a3;Slc6a3;slc6a3
ENSDARG00000057940;dido1;Dido1;dido1
ENSDARG00000056541;nr0b1;Nr0b1;nr0b1
ENSDARG00000077504;si:ch211-103n10.5;H1f1;si:ch211-103n10.5
ENSDARG00000024895;fam50a;Fam50a;fam50a
ENSDARG00000056119;eef1g;Eef1g;eef1g
ENSDARG00000056330;mhc2dbb;H2-Ab1;mhc2dbb
ENSDARG00000016016;dbnlb;Dbnl;dbnlb
ENSDARG00000101239;hsd17b4;Hsd17b4;hsd17b4
ENSDARG00000089310;gc;Gc;gc
ENSDARG00000063014;dbpa;Dbp;dbpa
ENSDARG00000057652;dbpb;Dbp;dbpb
ENSDARG00000012066;dcn;Dcn;dcn
ENSDARG00000018856;dclk1a;Dclk1;dclk1a
ENSDARG00000018002;eci1;Eci1;eci1
ENSDARG00000104664;dclk1b;Dclk1;dclk1b
ENSDARG00000029461;cd209;Cd209a;cd209
ENSDARG00000046142;asgrl1;Asgr1;si:ch211-170d8.5
ENSDARG00000041592;dcun1d2b;Dcun1d2;dcun1d2b
ENSDARG00000021896;asap3;Asap3;asap3
ENSDARG00000019564;asap2b;Asap2;asap2b
ENSDARG00000010181;asap2a;Asap2;asap2a
ENSDARG00000037042;ddhd1b;Ddhd1;ddhd1b
ENSDARG00000017931;ints6l;Ints6l;ddx26b
ENSDARG00000020573;ddx3xa;Ddx3x;ddx3a
ENSDARG00000015111;ddx39ab;Ddx39a;ddx39ab
ENSDARG00000006225;ddx39aa;Ddx39a;ddx39aa
ENSDARG00000005774;ddx3xb;Ddx3x;ddx3b
ENSDARG00000102978;eif4a3;Eif4a3;eif4a3
ENSDARG00000038442;plcg1;Plcg1;plcg1
ENSDARG00000041944;adat2;Adat2;adat2
ENSDARG00000003487;nup93;Nup93;nup93
ENSDARG00000025854;ddx51;Ddx51;ddx51
ENSDARG00000103554;notch1a;Notch1;notch1a
ENSDARG00000007347;degs1;Degs1;degs1
ENSDARG00000004232;dlb;Dll3;dlb
ENSDARG00000044356;tp63;Trp63;tp63
ENSDARG00000030250;dennd2db;Dennd2d;dennd2db
ENSDARG00000033042;ptprja;Ptprj;ptprja
ENSDARG00000040930;deptor;Deptor;deptor
ENSDARG00000055043;depdc7a;Depdc7;depdc7
ENSDARG00000078266;twist2;Twist2;twist2
ENSDARG00000033140;desi1a;Desi1;desi1a
ENSDARG00000089529;desi1b;Desi1;desi1b
ENSDARG00000101244;gli1;Gli1;gli1
ENSDARG00000007356;fgf20a;Fgf20;fgf20a
ENSDARG00000067507;kctd8;Kctd8;kctd8
ENSDARG00000040485;gsdmeb;Gsdme;dfna5b
ENSDARG00000086762;gsdmea;Gsdme;dfna5a
ENSDARG00000075362;whrna;Whrn;dfnb31a
ENSDARG00000068166;whrnb;Whrn;dfnb31b
ENSDARG00000036987;has2;Has2;has2
ENSDARG00000103503;dgat1a;Dgat1;dgat1a
ENSDARG00000054914;dgat1b;Dgat1;dgat1b
ENSDARG00000060922;ess2;Ess2;ess2
ENSDARG00000005789;enpp1;Enpp1;enpp1
ENSDARG00000008305;hand2;Hand2;hand2
ENSDARG00000028336;dhdh.1;Dhdh;dhdhl
ENSDARG00000040190;qdpra;Qdpr;qdpra
ENSDARG00000086859;qdprb.2;Qdpr;qdprb2
ENSDARG00000090118;qdprb.2;Qdpr;qdprb2
ENSDARG00000031299;dhrs11b.1;Dhrs11;dhrs11b
ENSDARG00000041137;dhrs13a.3;Dhrs13;dhrs13a.3
ENSDARG00000021135;dhrs4;Dhrs4;dhrs4
ENSDARG00000044982;dhrs3a;Dhrs3;dhrs3a
ENSDARG00000071877;dhrs7cb;Dhrs7c;dhrs7cb
ENSDARG00000018966;cyb5r1;Cyb5r1;cyb5r1
ENSDARG00000096003;atp5md;Atp5mk;USMG5
ENSDARG00000104172;diabloa;Diablo;diabloa
ENSDARG00000103591;dkk3a;Dkk3;dkk3a
ENSDARG00000062744;scn1lab;Scn9a;scn1lab
ENSDARG00000002167;cacnb1;Cacnb1;cacnb1
ENSDARG00000005350;dip2ba;Dip2b;dip2ba
ENSDARG00000028066;diras1a;Diras1;diras1a
ENSDARG00000009783;slc49a4;Slc49a4;dirc2
ENSDARG00000038802;cenpl;Cenpl;cenpl
ENSDARG00000021336;pax4;Pax4;pax4
ENSDARG00000005595;adgb;Adgb;adgb
ENSDARG00000022660;armc2;Armc2;armc2
ENSDARG00000000161;itsn2a;Itsn2;itsn2a
ENSDARG00000018257;ncoa1;Ncoa1;ncoa1
ENSDARG00000043468;sytl3;Sytl3;sytl3
ENSDARG00000001754;noc2l;Noc2l;noc2l
ENSDARG00000033754;rbm48;Rbm48;rbm48
ENSDARG00000045219;dkk1b;Dkk1;dkk1b
ENSDARG00000070683;dkk3b;Dkk3;dkk3b
ENSDARG00000057241;tnfsf10;Tnfsf10;tnfsf10
ENSDARG00000009677;dlg1a;Dlg1;dlg1
ENSDARG00000102216;dlg1b;Dlg1;dlg1l
ENSDARG00000102470;mpp7a;Mpp7;mpp7a
ENSDARG00000074059;dlg5a;Dlg5;dlg5a
ENSDARG00000014280;dlgap1a;Dlgap1;dlgap1a
ENSDARG00000030494;hjv;Hjv;hfe2
ENSDARG00000013125;dlx1a;Dlx1;dlx1a
ENSDARG00000079964;dlx2a;Dlx2;dlx2a
ENSDARG00000014626;dlx3b;Dlx3;dlx3b
ENSDARG00000042296;dlx5a;Dlx5;dlx5a
ENSDARG00000017174;dlx2b;Dlx2;dlx2b
ENSDARG00000042291;dlx6a;Dlx6;dlx6a
ENSDARG00000071560;dlx4b;Dlx4;dlx4b
ENSDARG00000011956;dlx4a;Dlx4;dlx4a
ENSDARG00000103732;plp1a;Plp1;plp1a
ENSDARG00000011929;plp1b;Plp1;plp1b
ENSDARG00000055455;gpm6aa;Gpm6a;gpm6aa
ENSDARG00000004621;gpm6ab;Gpm6a;gpm6ab
ENSDARG00000009922;dmbx1a;Dmbx1;dmbx1a
ENSDARG00000005739;gpm6ba;Gpm6b;gpm6ba
ENSDARG00000001676;gpm6bb;Gpm6b;gpm6bb
ENSDARG00000015072;dmrt2a;Dmrt2;dmrt2a
ENSDARG00000035290;dmrt3a;Dmrt3;dmrt3a
ENSDARG00000039412;dmrta2;Dmrta2;dmrta2
ENSDARG00000103383;dnah9;Dnah9;dnah9
ENSDARG00000030972;dnaja1;Dnaja4;dnaja1
ENSDARG00000104066;dnaja2a;Dnaja2;dnaja2
ENSDARG00000010745;dnaja2b;Dnaja2;dnaja2l
ENSDARG00000105195;dnajc21;Dnajc21;dnajc21
ENSDARG00000099383;dnajb1a;Dnajb1;dnajb1a
ENSDARG00000039363;dnajb12a;Dnajb12;dnajb12a
ENSDARG00000020953;dnajb6b;Dnajb6;dnajb6b
ENSDARG00000011196;dnajc11a;Dnajc11;dnajc11a
ENSDARG00000041110;dnajc3a;Dnajc3;dnajc3a
ENSDARG00000041896;dnajc5ga;Dnajc5g;dnajc5ga
ENSDARG00000003749;polb;Polb;polb
ENSDARG00000005464;dnase1l1;Dnase1l1;dnase1l1
ENSDARG00000023861;dnase1l1l;Dnase1l3;dnase1l1l
ENSDARG00000069790;dynll2b;Dynll2;dynll2a
ENSDARG00000069937;dnm2a;Dnm2;dnm2a
ENSDARG00000032238;dnm3a;Dnm3;dnm3a
ENSDARG00000034518;trdmt1;Trdmt1;trdmt1
ENSDARG00000057830;dnmt3bb.2;Dnmt3l;dnmt3bb.2
ENSDARG00000057863;dnmt3bb.3;Dnmt3l;dnmt3bb.3
ENSDARG00000015566;dnmt3ab;Dnmt3a;dnmt3ab
ENSDARG00000005394;dnmt3aa;Dnmt3a;dnmt3aa
ENSDARG00000079962;doc2g;Doc2g;doc2d
ENSDARG00000016311;dock9b;Dock9;dock9b
ENSDARG00000014259;eya1;Eya1;eya1
ENSDARG00000077121;cyp26b1;Cyp26b1;cyp26b1
ENSDARG00000038743;copb2;Copb2;copb2
ENSDARG00000019962;dop1a;Dop1a;dopey1
ENSDARG00000078760;cacna2d3;Cacna2d3;cacna2d3
ENSDARG00000023927;dnajc24;Dnajc24;dnajc24
ENSDARG00000010267;dpydb;Dpyd;dpydb
ENSDARG00000102671;dpyda.1;Dpyd;dpyda.1
ENSDARG00000100451;olfcs2;Vmn2r113;olfcs2
ENSDARG00000088029;olfcn1;Vmn2r57;si:ch73-125k17.2
ENSDARG00000101806;or30bu1;Or7c70;or104-1
ENSDARG00000103192;or80a3;Or2at4;or106-6
ENSDARG00000102921;or80a7;Or2at4;or106-7
ENSDARG00000102329;or80a6;Or2at4;or106-11
ENSDARG00000102662;or80a2;Or2at4;or106-12
ENSDARG00000091203;or42b2;Or8b48;or110-1
ENSDARG00000091172;or42b1;Or5k1;or110-2
ENSDARG00000105796;or42a1;Or5k17;or109-1
ENSDARG00000105828;or42a8;Or8g21;or109-2
ENSDARG00000068659;or30bu2;Or7c70;or104-2
ENSDARG00000100272;or42a5;Or5k1;or109-3
ENSDARG00000100269;or42a7;Or4a72;or109-7
ENSDARG00000105775;or109-6;Or4a68;or109-6
ENSDARG00000101588;or42a9;Or8b56;or109-13
ENSDARG00000105708;or42a4;Or10j3b;or109-11
ENSDARG00000068660;or30bv1;Or7c70;or105-1
ENSDARG00000042810;or64d1;Or2at4;or128-10
ENSDARG00000054734;or71aq1;Or1e34;or116-1
ENSDARG00000089994;or71aq2;Or2a25;or116-2
ENSDARG00000090892;or71at1;Or2at4;or117-1
ENSDARG00000054720;or71as2;Or2at4;or118-1
ENSDARG00000054719;or71ar1;Or4a27;or118-3
ENSDARG00000054718;or71as1;Or4f58;or118-2
ENSDARG00000041033;or71al2;Or8g22;or119-2
ENSDARG00000041032;or40a1;Or4c113;or107-1
ENSDARG00000041030;or42e1;Or4a68;or111-1
ENSDARG00000086633;or42d1;Or4a68;or111-3
ENSDARG00000091791;or42c1;Or4a72;or111-5
ENSDARG00000041024;or42c3;Or4a72;or111-6
ENSDARG00000088453;or42c4;Or12d17;or111-7
ENSDARG00000086383;or42e2;Or4b1;or111-8
ENSDARG00000092238;or42d2;Or4a68;or111-9
ENSDARG00000091216;or42c2;Or5k17;or111-10
ENSDARG00000041019;or42c5;Or5k1b;or111-11
ENSDARG00000094080;or30bt1;Or2at1;or103-1
ENSDARG00000075128;or30bt3;Or7c70;or103-5
ENSDARG00000094125;or30bt2;Or7c70;or103-2
ENSDARG00000092218;or30bt5;Or7c70;or103-3
ENSDARG00000003090;or30bt4;Or7c70;or103-4
ENSDARG00000041005;or30bx1;Or2at1;or102-1
ENSDARG00000004598;or30bw1;Or7c70;or102-2
ENSDARG00000074966;or30by3;Or2at4;or102-3
ENSDARG00000041003;or30by2;Or2at4;or102-4
ENSDARG00000025600;or30by1;Or2at4;or102-5
ENSDARG00000090931;or64b1;Or2at4;or128-4
ENSDARG00000087635;or64c1;Or2at4;or128-5
ENSDARG00000087761;or63b1;Or2at4;or122-1
ENSDARG00000105706;or62b5;Or2at4;or125-3
ENSDARG00000095417;or62b3;Or2at4;or125-4
ENSDARG00000105729;or62b4;Or2at4;or125-5
ENSDARG00000092577;or62b1;Or2at4;or125-6
ENSDARG00000093183;or62b2;Or2at4;or125-7
ENSDARG00000094326;or61c1;Or2at4;or124-2
ENSDARG00000092707;or61c2;Or2a56;or124-1
ENSDARG00000092558;or61a1;Or2at4;or123-1
ENSDARG00000093856;or62a3;Or2at4;or125-1
ENSDARG00000018521;or70a12;Or4b1;or115-1
ENSDARG00000013014;or6at1;Or6c38;or101-1
ENSDARG00000043142;or41a2;Or12d17;or108-3
ENSDARG00000100546;or41a1;Or12d17;or108-2
ENSDARG00000095060;or64a1;Or2at4;or127-1
ENSDARG00000077211;or55e1;Or52s6;or112-1
ENSDARG00000001807;tnfrsf21;Tnfrsf21;tnfrsf21
ENSDARG00000104430;olfcj1;Vmn2r27;olfcj1
ENSDARG00000034941;si:dkey-224e22.2;Glb1l2;GLB1L2
ENSDARG00000045003;plvapb;Plvap;vsg1
ENSDARG00000003462;fech;Fech;fech
ENSDARG00000012389;adar;Adar;adar
ENSDARG00000063525;adpgk;Adpgk;adpgk
ENSDARG00000052063;col4a5;Col4a5;col4a5
ENSDARG00000079323;rgmb;Rgmb;rgmb
ENSDARG00000044241;dram2b;Dram2;dram2b
ENSDARG00000058256;draxina;Draxin;draxin
ENSDARG00000063731;rbm45;Rbm45;rbm45
ENSDARG00000041041;cxcr3.2;Cxcr3;cxcr3.2
ENSDARG00000011091;drd2b;Drd2;drd2b
ENSDARG00000001912;drd4-rs;Drd4;drd4-rs
ENSDARG00000035820;drd4b;Drd4;drd4b
ENSDARG00000019532;fads2;Fads2;fads2
ENSDARG00000056801;sufu;Sufu;sufu
ENSDARG00000080453;mir140;Mir140;mir140
ENSDARG00000082167;mir142a;Mir142;dre-mir-142a
ENSDARG00000083310;mir146a;Mir146;dre-mir-146a
ENSDARG00000081593;mir150;Mir150;FP236454.1
ENSDARG00000082898;dre-mir-451a;Mir451a;dre-mir-451
ENSDARG00000080181;mir499a;Mir499;dre-mir-499
ENSDARG00000082019;dre-mir-9-1;Mir9-1;dre-mir-9-1
ENSDARG00000080594;mir9-3;Mir9-3;dre-mir-9-3
ENSDARG00000053918;srfa;Srf;srfa
ENSDARG00000102867;srfb;Srf;srfb
ENSDARG00000089943;npy2rl;Npy2r;npy2rl
ENSDARG00000019521;mpx;Epx;mpx
ENSDARG00000036227;npvf;Npvf;npvf
ENSDARG00000069329;drgx;Drgx;drgx
ENSDARG00000088711;lgals1l1;Lgals1;lgals1l1
ENSDARG00000054942;lgals2a;Lgals1;lgals2a
ENSDARG00000038153;lgals2b;Lgals1;lgals2b
ENSDARG00000044001;lgals3b;Lgals3;lgals3b
ENSDARG00000025903;lgals9l1;Lgals9;lgals9l1
ENSDARG00000068006;gck;Gck;gck
ENSDARG00000039452;hk1;Hk1;hk1
ENSDARG00000101482;hk2;Hk2;hk2
ENSDARG00000102583;il4r.1;Il4ra;il4r.1
ENSDARG00000071091;chrm3a;Chrm3;chrm3a
ENSDARG00000071298;chrm3b;Chrm3;chrm3b
ENSDARG00000069254;chrm4a;Chrm4;chrm4a
ENSDARG00000017722;chrm4b;Chrm4;si:ch73-151m17.5
ENSDARG00000040198;fstl5;Fstl5;fstl5
ENSDARG00000028198;ube2v2;Ube2v2;ube2v2
ENSDARG00000025658;or42e3;Or4a68;or111-2
ENSDARG00000088846;or42d3;Or4a72;or111-4
ENSDARG00000055563;drosha;Drosha;rnasen
ENSDARG00000015006;dnm1l;Dnm1l;dnm1l
ENSDARG00000103602;pcdh1a3;Pcdha4b;pcdh1a3
ENSDARG00000097170;pcdh1a4;Pcdha8;pcdh1a3
ENSDARG00000104007;pcdh1g1;Pcdhgb6;pcdh1g1
ENSDARG00000088475;pcdh1gb9;Pcdhb19;pcdh1gb9
ENSDARG00000099447;pcdh1g18;Pcdhb5;pcdh1g18
ENSDARG00000099931;pcdh1g26;Pcdhgc5;pcdh1g26
ENSDARG00000104826;pcdh1gc5;Pcdhgc4;pcdh1gc5
ENSDARG00000103950;pcdh1gc6;Pcdhgc4;pcdh1gc6
ENSDARG00000104497;pcdh1g29;Pcdhgc4;pcdh1g29
ENSDARG00000101865;pcdh1g30;Pcdhgc4;pcdh1g30
ENSDARG00000100670;pcdh1g31;Pcdhgc4;pcdh1g31
ENSDARG00000100829;pcdh1g32;Pcdhga9;pcdh1g32
ENSDARG00000101307;pcdh1gb2;Pcdhb2;pcdh1gb2
ENSDARG00000057519;pcdh1g9;Pcdhgc4;pcdh1g9
ENSDARG00000101232;pcdh1g2;Pcdhb17;pcdh1gb2
ENSDARG00000099646;pcdh1g3;Pcdhb3;pcdh1g3
ENSDARG00000088136;pcdh2aa15;Pcdha8;pcdh2aa15
ENSDARG00000071904;pcdh2ab1;Pcdha8;pcdh2ab1
ENSDARG00000037691;pcdh2ab2;Pcdha8;pcdh2ab2
ENSDARG00000102719;pcdh2ab3;Pcdha2;pcdh2ab3
ENSDARG00000059123;plcd1a;Plcd1;plcd1a
ENSDARG00000034080;plcd1b;Plcd1;plcd1b
ENSDARG00000052957;plcd3a;Plcd3;plcd3a
ENSDARG00000079572;plcd3b;Plcd3;plcd3b
ENSDARG00000057975;plcd4a;Plcd4;plcd4a
ENSDARG00000040684;plcd4b;Plcd4;plcd4b
ENSDARG00000100265;rhcgb;Rhcg;rhcgb
ENSDARG00000007080;rhcgl1;Rhcg;rhcgl1
ENSDARG00000003203;rhcga;Rhcg;rhcga
ENSDARG00000039162;rhebl1;Rhebl1;rhebl1
ENSDARG00000036171;rnasel3;Ang5;rnasel3
ENSDARG00000043196;rnasel2;Rnase1;rnasel2
ENSDARG00000076983;rnasel4;Ang5;rnasel4
ENSDARG00000040178;havcr1;Havcr1;havcr1
ENSDARG00000025012;tpi1a;Tpi1;tpi1a
ENSDARG00000041875;ube2v1;Ube2v1;ube2v1
ENSDARG00000056985;tpte;Tpte;tpte
ENSDARG00000039677;dsc2l;Dsc3;dsc2l
ENSDARG00000024865;dscama;Dscam;dscama
ENSDARG00000032623;rcan3;Rcan3;rcan3
ENSDARG00000040620;psmg1;Psmg1;psmg1
ENSDARG00000075650;vps26c;Vps26c;dscr3
ENSDARG00000038805;pigp;Pigp;pigp
ENSDARG00000061461;dsela;Dsel;dsela
ENSDARG00000056950;epyc;Epyc;epyc
ENSDARG00000014358;optc;Epyc;optc
ENSDARG00000044628;dtd1;Dtd1;dtd1
ENSDARG00000005356;tyro3;Tyro3;tyro3
ENSDARG00000077694;dtnba;Dtnb;dtnba
ENSDARG00000055115;dtnbp1a;Dtnbp1;dtnbp1a
ENSDARG00000076302;dtx4a;Dtx4;DTX4
ENSDARG00000075504;dtx3lb.2;Dtx3l;si:dkey-40c23.2
ENSDARG00000077607;dus2;Dus2;dus2
ENSDARG00000040490;dusp19a;Dusp19;dusp19a
ENSDARG00000060130;dusp3b;Dusp3;dusp3b
ENSDARG00000055552;dvl1b;Dvl1;dvl1b
ENSDARG00000015707;dvl3a;Dvl3;dvl3a
ENSDARG00000010266;igf2bp3;Igf2bp3;igf2bp3
ENSDARG00000038024;ift70;Ift70a1;flr
ENSDARG00000078386;dync1i2a;Dync1i2;dync1i2a
ENSDARG00000057635;dync2i2;Dync2i2;wdr34
ENSDARG00000058454;dynll1;Dynll1;dynll1
ENSDARG00000045909;dynlt1b;Dynlt1b;dynlt1
ENSDARG00000063570;dyrk1aa;Dyrk1a;dyrk1aa
ENSDARG00000070600;dyrk3;Dyrk3;DYRK3
ENSDARG00000100504;ppp1r27b;Ppp1r27;ppp1r27b
ENSDARG00000071025;dytn;Dytn;dytn
ENSDARG00000099161;dnaaf4;Dnaaf4;dnaaf4
ENSDARG00000005915;tcf3a;Tcf3;tcf3a
ENSDARG00000042977;nfil3;Nfil3;nfil3
ENSDARG00000069289;gabpa;Gabpa;gabpa
ENSDARG00000104431;slc1a3a;Slc1a3;slc1a3a
ENSDARG00000043148;slc1a3b;Slc1a3;slc1a3b
ENSDARG00000010096;slc1a6;Slc1a6;slc1a6
ENSDARG00000102453;slc1a2b;Slc1a2;slc1a2b
ENSDARG00000052138;slc1a2a;Slc1a2;slc1a2a
ENSDARG00000020212;slc1a1;Slc1a1;slc1a1
ENSDARG00000034940;slc1a7a;Slc1a7;slc1a7a
ENSDARG00000026248;slc1a7b;Slc1a7;slc1a7b
ENSDARG00000033160;nr1d1;Nr1d1;nr1d1
ENSDARG00000003165;nr2f6b;Nr2f6;nr2f6b
ENSDARG00000008032;sart3;Sart3;sart3
ENSDARG00000057465;gfpt1;Gfpt1;gfpt1
ENSDARG00000069196;ebf1b;Ebf1;ebf1b
ENSDARG00000099849;ebf1a;Ebf1;ebf1a
ENSDARG00000100244;ebf3a;Ebf3;ebf3a
ENSDARG00000010317;gpr183a;Gpr183;gpr183a
ENSDARG00000054980;ebna1bp2;Ebna1bp2;ebna1bp2
ENSDARG00000014496;trpv6;Trpv5;trpv6
ENSDARG00000102750;cdh1;Cdh1;cdh1
ENSDARG00000068021;ece2a;Ece2;ece2a
ENSDARG00000102142;ece2b;Ece2;ece2b
ENSDARG00000058815;ihhb;Ihh;ihhb
ENSDARG00000100397;pde6c;Pde6c;pde6c
ENSDARG00000033227;lect2.1;Lect2;lect2l
ENSDARG00000018192;ubr5;Ubr5;ubr5
ENSDARG00000042690;s1pr1;S1pr1;s1pr1
ENSDARG00000099840;lpar1;Lpar1;lpar1
ENSDARG00000036548;s1pr2;S1pr2;s1pr2
ENSDARG00000093413;edil3a;Edil3;edil3a
ENSDARG00000086669;edn3b;Edn3;edn3b
ENSDARG00000011876;ednraa;Ednra;ednraa
ENSDARG00000062262;ednrab;Ednra;ednrab
ENSDARG00000089334;ednrba;Ednrb;ednrba
ENSDARG00000069951;eef1a1b;Eef1a1;eef1a1b
ENSDARG00000102291;eef1da;Eef1d;eef1da
ENSDARG00000100371;eef2b;Eef2;eef2b
ENSDARG00000067958;sh3gl1a;Sh3gl1;sh3gl1a
ENSDARG00000020759;elf1;Elf1;ef1
ENSDARG00000079626;elf2b;Elf2;elf2b
ENSDARG00000061377;clxn;Clxn;efcab1
ENSDARG00000053636;cracr2b;Cracr2b;cracr2b
ENSDARG00000045758;cracr2ab;Cracr2a;cracr2ab
ENSDARG00000068231;cracr2aa;Cracr2a;CRACR2A
ENSDARG00000094324;efemp2a;Efemp2;efemp2a
ENSDARG00000009939;micu2;Micu2;micu2
ENSDARG00000074255;micu3b;Micu3;micu3b
ENSDARG00000018787;efna1b;Efna1;efna1b
ENSDARG00000031372;efna2a;Efna2;efna2a
ENSDARG00000098295;efna3b;Efna3;efna3b
ENSDARG00000020164;efnb2a;Efnb2;efnb2a
ENSDARG00000042277;efnb3b;Efnb3;efnb3b
ENSDARG00000079672;efl1;Efl1;eftud1
ENSDARG00000012378;naa35;Naa35;naa35
ENSDARG00000013847;egfra;Egfr;egfra
ENSDARG00000004632;egln1b;Egln1;egln1b
ENSDARG00000040362;ehd2b;Ehd2;ehd2b
ENSDARG00000029003;eif1axa;Eif1ax;eif1axa
ENSDARG00000012688;eif1;Eif1;eif1b
ENSDARG00000052178;eif2s1b;Eif2s1;eif2s1b
ENSDARG00000005827;eif2s1a;Eif2s1;eif2s1a
ENSDARG00000059654;eif3ba;Eif3b;eif3ba
ENSDARG00000102452;eif3ha;Eif3h;eif3ha
ENSDARG00000012603;eif3ja;Eif3j1;eif3ja
ENSDARG00000017445;eif3i;Eif3i;eif3i
ENSDARG00000016889;eif3g;Eif3g;eif3g
ENSDARG00000090697;eif3ea;Eif3e;eif3ea
ENSDARG00000002549;eif3eb;Eif3e;eif3eb
ENSDARG00000021257;eif3d;Eif3d;eif3d
ENSDARG00000016443;eif3c;Eif3c;eif3c
ENSDARG00000092115;eif4a1a;Eif4a1;eif4a1a
ENSDARG00000017439;eif4ba;Eif4b;eif4ba
ENSDARG00000077012;eif4ea;Eif4e;eif4ea
ENSDARG00000014565;eif4e1b;Eif4e1b;eif4e1b
ENSDARG00000038585;eif4e2;Eif4e2;eif4e2
ENSDARG00000057167;eif4g2b;Eif4g2;eif4g2b
ENSDARG00000031548;ephb3a;Ephb3;ephb3a
ENSDARG00000094729;apela;Apela;apela
ENSDARG00000007276;ela3l;Cela3a;ela3l
ENSDARG00000056765;ela2l;Ctrc;ela2l
ENSDARG00000014420;elavl3;Elavl3;elavl3
ENSDARG00000038695;elavl1a;Elavl1;elavl1
ENSDARG00000045639;elavl4;Elavl4;elavl4
ENSDARG00000019459;elf2a;Elf2;elf2a
ENSDARG00000074372;elfn1b;Elfn1;elfn1b
ENSDARG00000010300;traf3ip1;Traf3ip1;traf3ip1
ENSDARG00000011445;mideasa;Mideas;elmsan1a
ENSDARG00000053864;mideasb;Mideas;elmsan1b
ENSDARG00000069017;elnb;Eln;elnb
ENSDARG00000016391;calcoco1b;Calcoco1;calcoco1b
ENSDARG00000099960;elovl1a;Elovl1;elovl1a
ENSDARG00000027495;elovl4b;Elovl4;elovl4b
ENSDARG00000069279;elovl7a;Elovl7;elovl7a
ENSDARG00000013653;adgrl4;Adgrl4;adgrl4
ENSDARG00000077530;ahctf1;Ahctf1;ahctf1
ENSDARG00000012144;emc7b;Emc7;emc7
ENSDARG00000095774;emd;Emd;emd
ENSDARG00000039020;fbxo5;Fbxo5;fbxo5
ENSDARG00000061196;emilin2a;Emilin2;emilin2a
ENSDARG00000102178;emilin2b;Emilin2;emilin2b
ENSDARG00000000779;scfd1;Scfd1;scfd1
ENSDARG00000014321;en1a;En1;en1a
ENSDARG00000038868;en2b;En2;en2b
ENSDARG00000052775;opn3;Opn3;opn3
ENSDARG00000013628;cd164;Cd164;cd164
ENSDARG00000044204;endou;Endou;endou
ENSDARG00000098730;en1b;En1;en1b
ENSDARG00000026599;en2a;En2;en2a
ENSDARG00000101777;pdlim5a;Pdlim5;pdlim5a
ENSDARG00000022456;eno1a;Eno1;eno1a
ENSDARG00000014287;eno2;Eno2;eno2
ENSDARG00000053526;enpp7.1;Enpp7;enpp7.1
ENSDARG00000036944;ensaa;Ensa;ensaa
ENSDARG00000071406;tepsin;Tepsin;enthd2
ENSDARG00000035506;entpd2a.1;Entpd2;entpd2a.1
ENSDARG00000093659;entpd5b;Entpd5;entpd5b
ENSDARG00000006640;eomesa;Eomes;eomesa
ENSDARG00000104243;eomesb;Eomes;eomesb
ENSDARG00000104847;ptger1b;Ptger1;ptger1b
ENSDARG00000078605;ptger1a;Ptger1;ptger1a
ENSDARG00000011434;ptger2a;Ptger2;ptger2a
ENSDARG00000059236;ptger4a;Ptger4;ptger4a
ENSDARG00000035415;ptger4b;Ptger4;ptger4b
ENSDARG00000057671;epas1b;Epas1;epas1b
ENSDARG00000040087;epb41l4a;Epb41l4a;epb41l4a
ENSDARG00000013110;dmtn;Dmtn;dmtn
ENSDARG00000101579;epc1a;Epc1;epc1a
ENSDARG00000017354;epha2a;Epha2;epha2a
ENSDARG00000010767;epha4l;Epha4;epha4l
ENSDARG00000010411;epn1a;Epn1;epn1
ENSDARG00000055163;epoa;Epo;epoa
ENSDARG00000060494;eprs1;Eprs1;eprs
ENSDARG00000102128;eps8a;Eps8;eps8
ENSDARG00000057984;eps8l1a;Eps8l1;eps8l1
ENSDARG00000005704;eps8l3b;Eps8l3;eps8l3b
ENSDARG00000032866;erh;Erh;erh
ENSDARG00000101959;etv1;Etv1;etv1
ENSDARG00000004111;esr1;Esr1;esr1
ENSDARG00000034181;esr2b;Esr2;esr2b
ENSDARG00000016454;esr2a;Esr2;esr2a
ENSDARG00000044281;erbin;Erbin;erbb2ip
ENSDARG00000006202;erbb3a;Erbb3;erbb3a
ENSDARG00000063207;erbb4a;Erbb4;erbb4a
ENSDARG00000043976;etf1b;Etf1;etf1b
ENSDARG00000077304;erg;Erg;erg
ENSDARG00000051936;ergic2;Ergic2;ergic2
ENSDARG00000091058;sting1;Sting1;tmem173
ENSDARG00000070573;mapk3;Mapk3;mapk3
ENSDARG00000027552;mapk1;Mapk1;mapk1
ENSDARG00000032103;mapk6;Mapk6;mapk6
ENSDARG00000017681;mapk4;Mapk4;mapk4
ENSDARG00000023110;mapk7;Mapk7;mapk7
ENSDARG00000042021;mapk12a;Mapk12;mapk12a
ENSDARG00000100822;mapk15;Mapk15;mapk15
ENSDARG00000015228;ero1a;Ero1a;ero1a
ENSDARG00000103915;ero1b;Ero1b;ero1b
ENSDARG00000102640;pdia3;Pdia3;pdia3
ENSDARG00000069266;esrra;Esrra;esrra
ENSDARG00000100847;esrrb;Esrrb;esrrb
ENSDARG00000011696;esrrgb;Esrrg;esrrgb
ENSDARG00000104039;errfi1a;Errfi1;errfi1a
ENSDARG00000004861;esrrga;Esrrg;esrrga
ENSDARG00000077039;esama;Esam;esama
ENSDARG00000076639;esamb;Esam;esamb
ENSDARG00000001220;mycbp2;Mycbp2;mycbp2
ENSDARG00000036912;edn1;Edn1;edn1
ENSDARG00000074915;etaa1a;Etaa1;etaa1
ENSDARG00000042724;supt5h;Supt5;supt5h
ENSDARG00000059073;gsc;Gsc;gsc
ENSDARG00000102885;rsu1;Rsu1;rsu1
ENSDARG00000025641;gli2a;Gli2;gli2a
ENSDARG00000054823;id3;Id3;id3
ENSDARG00000070914;dusp6;Dusp6;dusp6
ENSDARG00000055493;hic1;Hic1;hic1
ENSDARG00000044752;p2rx4a;P2rx4;p2rx4a
ENSDARG00000019732;mtch2;Mtch2;mtch2
ENSDARG00000057698;ctsd;Ctsd;ctsd
ENSDARG00000031983;six4b;Six4;six4b
ENSDARG00000020609;snap25a;Snap25;snap25a
ENSDARG00000038225;nras;Nras;nras
ENSDARG00000000857;mapk14a;Mapk14;mapk14a
ENSDARG00000068213;fzd10;Fzd10;fzd10
ENSDARG00000004695;six4a;Six4;six4a
ENSDARG00000101744;elavl1b;Elavl1;hug
ENSDARG00000055554;wnt1;Wnt1;wnt1
ENSDARG00000070343;hoxc6a;Hoxc6;hoxc6a
ENSDARG00000034117;rarga;Rarg;rarga
ENSDARG00000070494;pdgfra;Pdgfra;pdgfra
ENSDARG00000017155;wnt10a;Wnt10a;wnt10a
ENSDARG00000052122;rag1;Rag1;rag1
ENSDARG00000021948;tncb;Tnc;tnc
ENSDARG00000030110;myod1;Myod1;myod1
ENSDARG00000052910;wnt8a;Wnt8a;wnt8a
ENSDARG00000041051;mid1ip1a;Mid1ip1;mid1ip1a
ENSDARG00000035127;rxrab;Rxra;rxrab
ENSDARG00000078954;rxrba;Rxrb;rxrba
ENSDARG00000015201;pcmt;Pcmt1;pcmt
ENSDARG00000029688;hsp70.1;Hspa1a;hsp70.1
ENSDARG00000014722;her1;Hes7;her1
ENSDARG00000040884;mxi1;Mxi1;mxi1
ENSDARG00000013477;gata1a;Gata1;gata1a
ENSDARG00000053829;pax9;Pax9;pax9
ENSDARG00000031756;mef2aa;Mef2a;mef2aa
ENSDARG00000040237;mef2d;Mef2d;mef2d
ENSDARG00000018902;pes;Pes1;pes
ENSDARG00000020625;jak1;Jak1;jak1
ENSDARG00000053248;inab;Ina;inab
ENSDARG00000069105;fgfr4;Fgfr4;fgfr4
ENSDARG00000070340;hoxc5a;Hoxc5;hoxc5a
ENSDARG00000059276;hoxd4a;Hoxd4;hoxd4a
ENSDARG00000008886;msx1b;Msx3;msx1b
ENSDARG00000056783;raraa;Rara;raraa
ENSDARG00000104651;msx2a;Msx2;msx2a
ENSDARG00000041117;wnt2;Wnt2;wnt2
ENSDARG00000071684;rx1;Rax;rx1
ENSDARG00000033443;mdm2;Mdm2;mdm2
ENSDARG00000056292;vsx1;Vsx1;vsx1
ENSDARG00000052094;notch1b;Notch1;notch1b
ENSDARG00000024829;tnn;Tnn;tnw
ENSDARG00000054030;hoxb5b;Hoxb5;hoxb5b
ENSDARG00000017565;itk;Itk;itk
ENSDARG00000010192;pax3a;Pax3;pax3a
ENSDARG00000022531;ntn1b;Ntn1;ntn1b
ENSDARG00000058961;ngfa;Ngf;ngfa
ENSDARG00000058008;six3a;Six3;six3a
ENSDARG00000023031;hoxa2b;Hoxa2;hoxa2b
ENSDARG00000008174;hoxb1a;Hoxb1;hoxb1a
ENSDARG00000052866;htt;Htt;htt
ENSDARG00000015674;msx3;Msx3;msx3
ENSDARG00000018303;etv4;Etv4;etv4
ENSDARG00000011235;otx2b;Otx2;otx2
ENSDARG00000013533;hoxb4a;Hoxb4;hoxb4a
ENSDARG00000025465;spon2a;Spon2;spon2a
ENSDARG00000002732;spon2b;Spon2;spon2b
ENSDARG00000037421;egr1;Egr1;egr1
ENSDARG00000103542;vegfaa;Vegfa;vegfaa
ENSDARG00000031894;lef1;Lef1;lef1
ENSDARG00000024894;tbx5a;Tbx5;tbx5a
ENSDARG00000018643;igf2a;Igf2;igf2a
ENSDARG00000061226;timp2a;Timp2;timp2a
ENSDARG00000040251;ctsk;Ctsk;ctsk
ENSDARG00000042667;klf2a;Klf2;klf2a
ENSDARG00000046143;prkab1b;Prkab1;prkab1b
ENSDARG00000007127;acat2;Acat2;acat2
ENSDARG00000015990;hcfc1a;Hcfc1;hcfc1a
ENSDARG00000007315;tmpoa;Tmpo;tmpoa
ENSDARG00000095743;sox11b;Sox11;sox11b
ENSDARG00000055630;foxh1;Foxh1;foxh1
ENSDARG00000011925;spns1;Spns1;spns1
ENSDARG00000013704;cers2a;Cers2;cers2a
ENSDARG00000061114;parga;Parg;PARG
ENSDARG00000019364;mbip;Mbip;mbip
ENSDARG00000079012;cbfa2t3;Cbfa2t3;cbfa2t3
ENSDARG00000069763;etv5a;Etv5;etv5a
ENSDARG00000008292;eif2s3;Eif2s3x;eif2s3
ENSDARG00000003845;chm;Chm;chm
ENSDARG00000070839;evi5b;Evi5;evi5b
ENSDARG00000030782;exoc3l2b;Exoc3l2;exoc3l2b
ENSDARG00000103432;exosc4;Exosc4;exosc4
ENSDARG00000070046;eny2;Eny2;eny2
ENSDARG00000010571;ezh2;Ezh2;ezh2
ENSDARG00000020944;ezra;Ezr;ezra
ENSDARG00000002362;ubald1a;Ubald1;ubald1a
ENSDARG00000017320;f11r.1;F11r;f11r.1
ENSDARG00000068114;f11r.2;F11r;f11r.2
ENSDARG00000036893;f13a1b;F13a1;f13a1b
ENSDARG00000045453;f13a1a.1;F13a1;f13a1a.1
ENSDARG00000068856;f2rl1.1;F2rl1;f2rl1.1
ENSDARG00000010097;f9a;F9;f9a
ENSDARG00000023648;idh3g;4933405O20Rik;idh3g
ENSDARG00000037009;banf1;Banf1;banf1
ENSDARG00000014137;picalmb;Picalm;picalmb
ENSDARG00000063573;vps41;Vps41;vps41
ENSDARG00000029011;xpnpep1;Xpnpep1;xpnpep1
ENSDARG00000024818;rilpl2;Rilpl2;rilpl2
ENSDARG00000045893;kctd15a;Kctd15;kctd15a
ENSDARG00000004280;seh1l;Seh1l;seh1l
ENSDARG00000100573;ckap2l;Ckap2l;ckap2l
ENSDARG00000041631;psme3ip1;Psme3ip1;fam192a
ENSDARG00000052341;sgcb;Sgcb;sgcb
ENSDARG00000077442;tubgcp5;Tubgcp5;tubgcp5
ENSDARG00000101377;ccdc142;Ccdc142;ccdc142
ENSDARG00000022970;tm9sf1;Tm9sf1;tm9sf1
ENSDARG00000024184;narf;Narf;narf
ENSDARG00000056741;senp3b;Senp3;senp3b
ENSDARG00000054458;slmapa;Slmap;slmapa
ENSDARG00000020841;rbm7;Rbm7;rbm7
ENSDARG00000058220;tada3l;Tada3;tada3l
ENSDARG00000060830;fam83hb;Fam83h;fam83hb
ENSDARG00000036754;hmgn3;Hmgn3;hmgn3
ENSDARG00000005606;paxip1;Paxip1;paxip1
ENSDARG00000037781;acss2;Acss2;acss2
ENSDARG00000008020;med31;Med31;med31
ENSDARG00000041869;tnfrsf19;Tnfrsf19;tnfrsf19
ENSDARG00000075721;zdhhc6;Zdhhc6;zdhhc6
ENSDARG00000010844;kras;Kras;kras
ENSDARG00000020647;trpc4apb;Trpc4ap;trpc4apb
ENSDARG00000039213;prpf38a;Prpf38a;prpf38a
ENSDARG00000038834;etfdh;Etfdh;etfdh
ENSDARG00000079684;taf6l;Taf6l;taf6l
ENSDARG00000020077;nol10;Nol10;nol10
ENSDARG00000059337;tgif1;Tgif1;tgif1
ENSDARG00000061864;hdlbpb;Hdlbp;hdlbpb
ENSDARG00000054063;arpc4;Arpc4;arpc4
ENSDARG00000035741;slc25a11;Slc25a11;slc25a11
ENSDARG00000011072;ddx11;Ddx11;ddx11
ENSDARG00000103856;ptcd3;Ptcd3;ptcd3
ENSDARG00000002830;trmt2a;Trmt2a;trmt2a
ENSDARG00000100209;prpf39;Prpf39;prpf39
ENSDARG00000052124;accs;Accs;accs
ENSDARG00000017315;larp7;Larp7;larp7
ENSDARG00000021991;erlin1;Erlin1;erlin1
ENSDARG00000056623;ptenb;Pten;ptenb
ENSDARG00000012788;foxa3;Foxa3;foxa3
ENSDARG00000019636;yif1a;Yif1a;yif1a
ENSDARG00000099339;pacsin3;Pacsin3;pacsin3
ENSDARG00000017423;patl1;Patl1;patl1
ENSDARG00000020621;ap1b1;Ap1b1;ap1b1
ENSDARG00000013802;pcid2;Pcid2;pcid2
ENSDARG00000014324;sh2d5;Sh2d5;sh2d5
ENSDARG00000074002;slc6a11a;Slc6a11;slc6a11a
ENSDARG00000070019;taf15;Taf15;taf15
ENSDARG00000018461;zgc:56095;Ftl1;zgc:56095
ENSDARG00000026767;nol11;Nol11;nol11
ENSDARG00000012432;fam76b;Fam76b;fam76b
ENSDARG00000060312;wdr62;Wdr62;wdr62
ENSDARG00000005482;rapgef2b;Rapgef2;rapgef2
ENSDARG00000059768;gpatch8;Gpatch8;gpatch8
ENSDARG00000020890;tmod4;Tmod4;tmod4
ENSDARG00000058000;cep350;Cep350;cep350
ENSDARG00000040163;prim1;Prim1;prim1
ENSDARG00000018494;smn1;Smn1;smn1
ENSDARG00000002710;ncl;Ncl;ncl
ENSDARG00000102195;zc3h7a;Zc3h7a;zc3h7a
ENSDARG00000086352;zp2.1;Zp1;zp2.1
ENSDARG00000021195;st8sia6;St8sia6;st8sia6
ENSDARG00000069619;atf7ip;Atf7ip;atf7ip
ENSDARG00000013729;srsf6a;Srsf6;srsf6a
ENSDARG00000032296;pomp;Pomp;pomp
ENSDARG00000045132;vdac1;Vdac1;vdac1
ENSDARG00000041570;mrpl39;Mrpl39;mrpl39
ENSDARG00000100419;ints1;Ints1;ints1
ENSDARG00000052139;notch3;Notch3;notch3
ENSDARG00000020334;ptpn11a;Ptpn11;ptpn11a
ENSDARG00000028321;synj2bp;Synj2bp;synj2bp
ENSDARG00000034734;med6;Med6;med6
ENSDARG00000060113;znf395a;Zfp395;znf395a
ENSDARG00000069977;myg1;Myg1;myg1
ENSDARG00000039887;c1qbp;C1qbp;c1qbp
ENSDARG00000013931;eif3m;Eif3m;eif3m
ENSDARG00000074335;boc;Boc;boc
ENSDARG00000035152;ap2b1;Ap2b1;ap2b1
ENSDARG00000000631;ptpn4a;Ptpn4;ptpn4a
ENSDARG00000071562;mtus1a;Mtus1;mtus1a
ENSDARG00000036781;haus2;Haus2;si:dkey-170l10.1
ENSDARG00000055760;srm;Srm;srm
ENSDARG00000057414;phb;Phb1;phb
ENSDARG00000052856;khdrbs1a;Khdrbs1;khdrbs1a
ENSDARG00000006408;hmgb3b;Hmgb3;hmgb3b
ENSDARG00000057910;mrps34;Mrps34;mrps34
ENSDARG00000028539;morc2;Morc2b;morc2
ENSDARG00000010381;rnf2;Rnf2;rnf2
ENSDARG00000011462;otub1b;Otub1;otub1b
ENSDARG00000029615;zgc:77056;1110059G10Rik;zgc:77056
ENSDARG00000076568;sec61b;Sec61b;sec61b
ENSDARG00000010108;bri3bp;Bri3bp;bri3bp
ENSDARG00000061413;sec23ip;Sec23ip;sec23ip
ENSDARG00000075824;virma;Virma;virma
ENSDARG00000032373;rnf145b;Rnf145;rnf145b
ENSDARG00000042623;acbd3;Acbd3;acbd3
ENSDARG00000093864;wee1;Wee1;wee1
ENSDARG00000027355;slc25a4;Slc25a4;slc25a4
ENSDARG00000099572;hmgn2;Hmgn2;hmgn2
ENSDARG00000089303;wu:fa25f02;1810055G02Rik;BX572619.1
ENSDARG00000073716;cpxm1a;Cpxm1;cpxm1a
ENSDARG00000098375;polr1a;Polr1a;polr1a
ENSDARG00000098240;meis2a;Meis2;meis2a
ENSDARG00000092693;tpt1;Tpt1;tpt1
ENSDARG00000009134;hlx1;Hlx;hlx1
ENSDARG00000071558;fblim1;Fblim1;fblim1
ENSDARG00000063663;clp1;Clp1;clp1
ENSDARG00000010487;sae1;Sae1;sae1
ENSDARG00000011609;foxk2b;Foxk2;ENSDARG00000011609
ENSDARG00000100129;brd3b;Brd3;brd3b
ENSDARG00000075041;fmnl2b;Fmnl2;fmnl2b
ENSDARG00000098874;exoc6b;Exoc6b;exoc6b
ENSDARG00000054186;ncs1b;Ncs1;ncs1b
ENSDARG00000058444;snx6;Snx6;snx6
ENSDARG00000039828;zp3b;Zp3;zp3b
ENSDARG00000031819;eif4ebp2;Eif4ebp2;eif4ebp2
ENSDARG00000006609;map2k2a;Map2k2;map2k2a
ENSDARG00000073893;dnase2;Dnase2a;dnase2
ENSDARG00000092610;lamp1b;Lamp1;lamp1
ENSDARG00000008835;si:dkey-46g23.5;Pzp;ENSDARG00000008835
ENSDARG00000025338;hagh;Hagh;hagh
ENSDARG00000076796;dlg3;Dlg3;dlg3
ENSDARG00000024090;dnajc4;Dnajc4;dnajc4
ENSDARG00000102701;eva1ba;Eva1b;eva1ba
ENSDARG00000088091;pfn1;Pfn1;pfn1
ENSDARG00000057556;rpl17;Gm6133;rpl17
ENSDARG00000013150;dhx16;Dhx16;dhx16
ENSDARG00000038608;sdhc;Sdhc;sdhc
ENSDARG00000009978;icn;S100a6;icn
ENSDARG00000002344;tubb4b;Tubb4b;tubb4b
ENSDARG00000058939;b4galnt3b;B4galnt3;b4galnt3b
ENSDARG00000024844;max;Max;max
ENSDARG00000070390;flad1;Flad1;flad1
ENSDARG00000074758;csde1;Csde1;csde1
ENSDARG00000036629;rps14;Rps14;rps14
ENSDARG00000075334;arhgap32a;Arhgap32;arhgap32a
ENSDARG00000061145;gfod2;Gfod2;gfod2
ENSDARG00000045230;cox6b1;Cox6b1;cox6b1
ENSDARG00000104760;si:ch211-1i11.3;Map3k6;ENSDARG00000104760
ENSDARG00000053087;mthfr;Mthfr;mthfr
ENSDARG00000099329;macroh2a1;Macroh2a1;h2afy
ENSDARG00000025581;rpl10;Rpl10l;rpl10
ENSDARG00000035871;rpl30;Rpl30;rpl30
ENSDARG00000021864;rplp1;Rplp1;rplp1
ENSDARG00000020454;psmd8;Psmd8;psmd8
ENSDARG00000009212;ppiaa;Ppia;ppiaa
ENSDARG00000014646;aoc2;Aoc3;aoc2
ENSDARG00000028119;sumo3a;Sumo3;sumo3a
ENSDARG00000054172;pgrmc1;Pgrmc1;pgrmc1
ENSDARG00000009313;napsa;Napsa;ENSDARG00000009313
ENSDARG00000062055;rnf38;Rnf38;rnf38
ENSDARG00000045530;si:ch211-244b2.4;Zc3hav1;si:ch211-244b2.4
ENSDARG00000036875;rps12;Rps12;rps12
ENSDARG00000021252;cct6a;Cct6b;cct6a
ENSDARG00000039576;fstl1b;Fstl1;fstl1b
ENSDARG00000038954;ctnnbip1;Ctnnbip1;ctnnbip1
ENSDARG00000067717;tomm7;Tomm7;tomm7
ENSDARG00000053950;lin37;Lin37;lin37
ENSDARG00000055360;llph;Llph;llph
ENSDARG00000078497;timeless;Timeless;timeless
ENSDARG00000062590;pleca;Plec;pleca
ENSDARG00000092787;si:dkey-88p24.11;Dmac1;si:dkey-88p24.11
ENSDARG00000098761;rgs2;Rgs2;rgs2
ENSDARG00000077093;scaf4a;Scaf4;scaf4a
ENSDARG00000075083;prkdc;Prkdc;prkdc
ENSDARG00000010244;rpl22l1;Rpl22l1;rpl22l1
ENSDARG00000041182;rpl4;Rpl4;rpl4
ENSDARG00000036830;krt91;Krt12;krt17
ENSDARG00000055481;atf7b;Atf7;atf7b
ENSDARG00000028688;exosc2;Exosc2;exosc2
ENSDARG00000045159;zdhhc4;Zdhhc4;zdhhc4
ENSDARG00000042027;prrx1b;Prrx1;prrx1b
ENSDARG00000006601;kaznb;Kazn;kaznb
ENSDARG00000054793;emc10;Emc10;emc10
ENSDARG00000059298;spcs1;Spcs1;spcs1
ENSDARG00000076066;marchf6;Marchf6;march6
ENSDARG00000053293;ftr14;Trim80;ftr14
ENSDARG00000029533;rpl18;Rpl18;rpl18
ENSDARG00000015793;creb3l1;Creb3l1;creb3l1
ENSDARG00000061600;cemip2;Cemip2;tmem2
ENSDARG00000061177;mov10b.1;Mov10;mov10b.1
ENSDARG00000054307;zgc:77151;Arid5b;zgc:77151
ENSDARG00000075795;nol7;Nol7;nol7
ENSDARG00000070393;coq10a;Coq10a;ENSDARG00000070393
ENSDARG00000056804;il4i1;Il4i1;IL4I1
ENSDARG00000026048;tsc1a;Tsc1;tsc1a
ENSDARG00000077297;nbr1a;Nbr1;nbr1a
ENSDARG00000104267;postnb;Postn;postnb
ENSDARG00000079497;tcima;Tcim;TCIM
ENSDARG00000060767;smg7;Smg7;smg7
ENSDARG00000044525;pparda;Ppard;pparda
ENSDARG00000009473;ppardb;Ppard;ppardb
ENSDARG00000001169;hsd17b8;Hsd17b8;hsd17b8
ENSDARG00000019357;fabp1a;Fabp1;fabp1a
ENSDARG00000017299;fabp4a;Fabp4;fabp11a
ENSDARG00000002311;fabp4b;Fabp9;fabp11b
ENSDARG00000059227;fabp1b.1;Fabp1;fabp1b.1
ENSDARG00000075827;f7i;F7;f7i
ENSDARG00000004672;ptk2ab;Ptk2;ptk2ab
ENSDARG00000006923;cacna1ab;Cacna1a;cacna1ab
ENSDARG00000020976;ubald1b;Ubald1;ubald1b
ENSDARG00000093931;rflnb;Rflnb;fam101b
ENSDARG00000016866;eeig1b;Eeig1;fam102ab
ENSDARG00000053104;eeig2a;Eeig2;fam102ba
ENSDARG00000045422;otulina;Otulinl;otulina
ENSDARG00000079886;otulinb;Otulinl;otulinb
ENSDARG00000035571;abhd17b;Abhd17b;abhd17b
ENSDARG00000058452;abhd17c;Abhd17c;abhd17c
ENSDARG00000030239;dennd6aa;Dennd6a;dennd6aa
ENSDARG00000011605;dennd6b;Dennd6b;dennd6b
ENSDARG00000078640;fam117aa;Fam117a;fam117aa
ENSDARG00000036500;pabir2;Pabir2;fam122b
ENSDARG00000075222;amer2;Amer2;amer2
ENSDARG00000079624;amer1;Amer1;amer1
ENSDARG00000079478;mvb12bb;Mvb12b;mvb12bb
ENSDARG00000091619;mvb12ba;Mvb12b;mvb12ba
ENSDARG00000026762;hycc1;Hycc1;fam126a
ENSDARG00000101696;hycc2;Hycc2;ENSDARG00000101696
ENSDARG00000042055;niban1a;Niban1;fam129aa
ENSDARG00000023053;niban1b;Niban1;fam129ab
ENSDARG00000062970;niban2a;Niban2;fam129ba
ENSDARG00000008026;niban2b;Niban2;fam129bb
ENSDARG00000063270;retreg2;Retreg2;retreg2
ENSDARG00000079059;retreg1;Retreg1;retreg1
ENSDARG00000059804;retreg3;Retreg3;retreg3
ENSDARG00000006474;saxo2;Saxo2;saxo2
ENSDARG00000075858;nalf1a;Nalf1;fam155a
ENSDARG00000060152;nalf2;Nalf2;fam155b
ENSDARG00000034633;emc9;Emc9;emc9
ENSDARG00000061021;fhip1aa;Fhip1a;fam160a1a
ENSDARG00000078188;fhip1b;Fhip1b;fam160a2
ENSDARG00000060168;fhip2a;Fhip2a;fam160b1
ENSDARG00000060029;fhip2b;Fhip2b;fam160b2
ENSDARG00000073914;fam163ba;Fam163b;fam163b
ENSDARG00000027915;zc2hc1a;Zc2hc1a;zc2hc1a
ENSDARG00000070526;zc2hc1c;Zc2hc1c;zc2hc1c
ENSDARG00000100292;cimip2b;Cimip2b;fam166b
ENSDARG00000089110;cimip2c;Cimip2c;si:ch211-198b3.4
ENSDARG00000075249;fam171a2a;Fam171a2;fam171a2a
ENSDARG00000052697;arb2a;Arb2a;fam172a
ENSDARG00000033451;atpsckmt;Atpsckmt;fam173b
ENSDARG00000061405;eva1a;Eva1a;eva1a
ENSDARG00000100698;eva1bb;Eva1b;eva1bb
ENSDARG00000056024;eva1c;Eva1c;eva1c
ENSDARG00000003328;slf2;Slf2;slf2
ENSDARG00000087144;cfap144;Cfap144;fam183a
ENSDARG00000014081;fam184ab;Fam184a;fam184a
ENSDARG00000028715;mindy3;Mindy3;fam188a
ENSDARG00000057060;tvp23b;Tvp23b;tvp23b
ENSDARG00000078383;mcrip1;Mcrip1;fam195b
ENSDARG00000107576;insyn2ab;Insyn2a;FAM196A
ENSDARG00000076862;gask1a;Gask1a;fam198a
ENSDARG00000077054;gask1b;Gask1b;fam198b
ENSDARG00000062471;tafa4b;Tafa4;fam19a4b
ENSDARG00000069160;tafa5a;Tafa5;fam19a5a
ENSDARG00000045608;tafa5b;Tafa5;fam19a5b
ENSDARG00000070407;abitram;Abitram;fam206a
ENSDARG00000071500;slx9;Slx9;fam207a
ENSDARG00000013346;tasorb;Tasor;fam208ab
ENSDARG00000074168;tasor2;Tasor2;fam208b
ENSDARG00000090338;fam20cb;Fam20c;fam20cb
ENSDARG00000074317;fam20ca;Fam20c;fam20ca
ENSDARG00000040186;fam210ab;Fam210a;fam210ab
ENSDARG00000091128;lrrc75bb;Lrrc75b;lrrc75bb
ENSDARG00000074308;lrrc75ba;Lrrc75b;lrrc75ba
ENSDARG00000070360;inka1a;Inka1;fam212aa
ENSDARG00000070404;inka1b;Inka1;fam212ab
ENSDARG00000073900;inka2;Inka2;fam212b
ENSDARG00000057378;selenou1a;Prxl2a;fam213aa
ENSDARG00000029795;prxl2b;Prxl2b;fam213b
ENSDARG00000040452;atosa;Atosa;fam214a
ENSDARG00000016396;fam219aa;Fam219a;fam219aa
ENSDARG00000090797;fam222aa;Fam222a;fam222a
ENSDARG00000074947;calhm5.1;Calhm5;fam26e.1
ENSDARG00000041980;calhm6;Calhm6;fam26f
ENSDARG00000101652;haus6;Haus6;haus6
ENSDARG00000042660;fam32a;Fam32a;fam32a
ENSDARG00000074084;strip1;Strip1;strip1
ENSDARG00000059003;strip2;Strip2;strip2
ENSDARG00000103922;bod1;Bod1;bod1
ENSDARG00000062965;dennd10;Dennd10;fam45a
ENSDARG00000054641;tent5ab;Tent5a;fam46ab
ENSDARG00000011797;tent5bb;Tent5b;fam46bb
ENSDARG00000010437;tent5c;Tent5c;fam46c
ENSDARG00000078658;supt20;Supt20;supt20
ENSDARG00000006672;fam49a;Cyria;fam49a
ENSDARG00000020929;fam49ba;Cyrib;fam49ba
ENSDARG00000003940;mtfr1l;Mtfr1l;mtfr1l
ENSDARG00000061690;nxpe3;Nxpe3;nxpe3
ENSDARG00000098860;tlcd3a;Tlcd3a;ENSDARG00000098860
ENSDARG00000026875;tlcd3ba;Tlcd3b;fam57ba
ENSDARG00000074564;tlcd3bb;Tlcd3b;fam57bb
ENSDARG00000037537;ccnq;Ccnq;fam58a
ENSDARG00000017242;garem;Garem1;garem
ENSDARG00000073933;gareml;Garem2;gareml
ENSDARG00000014302;brinp2;Brinp2;brinp2
ENSDARG00000032653;sinhcaf;Sinhcaf;fam60a
ENSDARG00000006600;lsm14aa;Lsm14a;lsm14aa
ENSDARG00000030824;esyt2a;Esyt2;esyt2a
ENSDARG00000006422;esyt3;Esyt3;esyt3
ENSDARG00000004866;mindy1;Mindy1;fam63a
ENSDARG00000017431;mindy2;Mindy2;fam63b
ENSDARG00000062178;ripor1;Ripor1;fam65a
ENSDARG00000061752;ripor2;Ripor2;fam65b
ENSDARG00000020979;ripor3;Ripor3;fam65c
ENSDARG00000062955;dipk1aa;Dipk1a;fam69aa
ENSDARG00000061362;dipk1ab;Dipk1a;fam69ab
ENSDARG00000105040;dipk1c;Dipk1c;fam69c
ENSDARG00000073911;tmem255a;Tmem255a;tmem255a
ENSDARG00000020596;miga1;Miga1;fam73a
ENSDARG00000089357;miga2;Miga2;fam73b
ENSDARG00000088222;fam78ab;Fam78a;fam78ab
ENSDARG00000068149;tprg1l;Tprg1l;tprg1l
ENSDARG00000041407;rmdn3;Rmdn3;rmdn3
ENSDARG00000068849;fam83ha;Fam83h;fam83ha
ENSDARG00000018921;lratd1;Lratd1;fam84a
ENSDARG00000032859;lratd2a;Lratd2;fam84b
ENSDARG00000054950;eef2kmt;Eef2kmt;eef2kmt
ENSDARG00000004308;fam8a1b;Fam8a1;fam8a1b
ENSDARG00000004436;cibar1;Cibar1;fam92a1
ENSDARG00000104940;ciao2a;Ciao2a;fam96a
ENSDARG00000052010;ciao2b;Ciao2b;fam96b
ENSDARG00000051920;nsmaf;Nsmaf;nsmaf
ENSDARG00000079015;brca2;Brca2;brca2
ENSDARG00000074410;brip1;Brip1;brip1
ENSDARG00000068919;rad51c;Rad51c;rad51c
ENSDARG00000014161;ercc4;Ercc4;ercc4
ENSDARG00000063285;ube2t;Ube2t;ube2t
ENSDARG00000098825;farsa;Farsa;farsa
ENSDARG00000087657;fasn;Fasn;fasn
ENSDARG00000098913;faslg;Fasl;faslg
ENSDARG00000017591;fat1a;Fat1;fat1a
ENSDARG00000033840;fat3a;Fat3;fat3a
ENSDARG00000017047;slc27a4;Slc27a4;slc27a4
ENSDARG00000099022;faua;Fau;faua
ENSDARG00000099195;ier2a;Ier2;ier2a
ENSDARG00000038239;tnpo2a;Tnpo2;tnpo2
ENSDARG00000014165;ssr3;Ssr3;ssr3
ENSDARG00000016513;setd3;Setd3;setd3
ENSDARG00000005049;rab20;Rab20;rab20
ENSDARG00000055786;prss23;Prss23;prss23
ENSDARG00000042708;tuba5;Tuba5-ps;tuba8l
ENSDARG00000069673;chid1;Chid1;chid1
ENSDARG00000033738;zgc:153867;Myl6;zgc:153867
ENSDARG00000025011;synj1;Synj1;synj1
ENSDARG00000100742;reep5;Reep5;reep5
ENSDARG00000035692;rps3a;Rps3a1;rps3a
ENSDARG00000015312;klf12a;Klf12;klf12a
ENSDARG00000068275;ptx3a;Ptx3;ptx3a
ENSDARG00000036036;mdka;Mdk;mdka
ENSDARG00000002401;gale;Gale;gale
ENSDARG00000023627;ggps1;Ggps1;ggps1
ENSDARG00000079183;sod3b;Sod3;sod3b
ENSDARG00000097346;ten1;Ten1;ten1
ENSDARG00000053457;rpl23;Rpl23;rpl23
ENSDARG00000069521;vps29;Vps29;vps29
ENSDARG00000015551;fth1a;Fthl17a;fth1a
ENSDARG00000055106;znf148;Zfp148;znf148
ENSDARG00000035860;rps28;Rps28;rps28
ENSDARG00000010482;prg4a;Prg4;prg4a
ENSDARG00000074498;chd9;Chd9;chd9
ENSDARG00000089138;si:ch1073-440b2.1;Lonrf2;si:ch1073-440b2.1
ENSDARG00000077777;tmsb4x;Tmsb4x;tmsb4x
ENSDARG00000063344;fam162a;Fam162a;fam162a
ENSDARG00000017119;vps37a;Vps37a;vps37a
ENSDARG00000007108;lipia;Liph;lipia
ENSDARG00000009208;prkcda;Prkcd;prkcda
ENSDARG00000044298;phax;Phax;phax
ENSDARG00000045359;elocb;Eloc;tceb1b
ENSDARG00000036316;rpl39;Rpl39l;rpl39
ENSDARG00000104315;fhl3b;Fhl3;fhl3b
ENSDARG00000097483;linc.pou2af1;Pou2af3;si:ch211-213d14.2
ENSDARG00000099624;chmp1b;Chmp1b2;chmp1b
ENSDARG00000042751;riok3;Riok3;riok3
ENSDARG00000037018;gab1;Gab1;gab1
ENSDARG00000095750;fdxacb1;Fdxacb1;fdxacb1
ENSDARG00000044488;pak1ip1;Pak1ip1;pak1ip1
ENSDARG00000100003;glulb;Glul;glulb
ENSDARG00000021233;pgls;Pgls;pgls
ENSDARG00000074009;znf1059;Zfp942;znf1059
ENSDARG00000093382;uqcc3;Uqcc3;uqcc3
ENSDARG00000090552;si:dkey-7j14.6;Ms4a14;si:dkey-7j14.6
ENSDARG00000103483;litaf;Litaf;litaf
ENSDARG00000037159;oprd1b;Oprd1;oprd1b
ENSDARG00000020228;usf2;Usf2;usf2
ENSDARG00000002369;si:ch211-202a12.4;Ubb;UBB
ENSDARG00000077850;lgals3a;Lgals3;lgals3a
ENSDARG00000020527;nup62l;Nup62;nup62l
ENSDARG00000103007;rps3;Rps3;rps3
ENSDARG00000025032;nr3c1;Nr3c1;nr3c1
ENSDARG00000014008;cwc22;Cwc22rt3;cwc22
ENSDARG00000021866;upk1a;Upk1a;upk1a
ENSDARG00000071701;zgc:162941;Lyg2;zgc:162941
ENSDARG00000069857;coq3;Coq3;coq3
ENSDARG00000016253;ralab;Rala;ralab
ENSDARG00000041449;spred1;Spred1;spred1
ENSDARG00000036298;rps13;Rps13;rps13
ENSDARG00000006901;aebp1b;Aebp1;ENSDARG00000006901
ENSDARG00000102055;hadhb;Hadhb;hadhb
ENSDARG00000032575;ywhaz;Ywhaz;ywhaz
ENSDARG00000028386;htatip2;Htatip2;htatip2
ENSDARG00000010194;eif4bb;Eif4b;eif4bb
ENSDARG00000056248;si:dkey-183i3.5;Krt86;si:dkey-183i3.5
ENSDARG00000069853;txndc9;Txndc9;txndc9
ENSDARG00000031435;txna;Txn1;zgc:56493
ENSDARG00000077673;nlrp16;Nlrp4f;wu:fb15h11
ENSDARG00000051888;ist1;Ist1;ist1
ENSDARG00000036510;ccnt2b;Ccnt2;ccnt2b
ENSDARG00000036102;ctdsp2;Ctdsp2;ctdsp2
ENSDARG00000042004;nfya;Nfya;nfya
ENSDARG00000057234;chtopa;Chtop;chtopa
ENSDARG00000055536;otub1a;Otub1;otub1a
ENSDARG00000095147;krt96;Krt19;krt96
ENSDARG00000057089;ftsj1;Ftsj1;ftsj1
ENSDARG00000099241;ppp2cb;Ppp2cb;ppp2cb
ENSDARG00000044437;cdca5;Cdca5;cdca5
ENSDARG00000071566;ppp1cab;Ppp1ca;ppp1cab
ENSDARG00000043923;sox9b;Sox9;sox9b
ENSDARG00000040265;mpdu1b;Mpdu1;mpdu1b
ENSDARG00000038059;grb2b;Grb2;grb2b
ENSDARG00000015239;prpf19;Prpf19;prpf19
ENSDARG00000012968;rhoub;Rhou;rhoub
ENSDARG00000078904;brd4;Brd4;brd4
ENSDARG00000026908;tmed2;Tmed2;tmed2
ENSDARG00000099959;smyhc1;Myh6;smyhc1
ENSDARG00000058467;prpf40a;Prpf40a;prpf40a
ENSDARG00000005551;hnrnph1l;Hnrnph1;hnrnph1l
ENSDARG00000037560;mtm1;Mtm1;mtm1
ENSDARG00000045373;pabpn1;Pabpn1;pabpn1
ENSDARG00000062954;clk2a;Clk2;clk2a
ENSDARG00000037038;psmc6;Psmc6;psmc6
ENSDARG00000032606;septin8a;Septin8;sept8a
ENSDARG00000020594;txlnba;Txlnb;txlnba
ENSDARG00000006553;rras;Rras;rras
ENSDARG00000038559;h1-0;H1f0;h1f0
ENSDARG00000101126;atad5b;Atad5;atad5b
ENSDARG00000035120;gldc;Gldc;GLDC
ENSDARG00000101199;rbp4;Rbp4;rbp4
ENSDARG00000040890;fdps;Fdps;fdps
ENSDARG00000038113;rprd1b;Rprd1b;rprd1b
ENSDARG00000008785;dldh;Dld;dldh
ENSDARG00000058030;hspa14;Hspa14;hspa14
ENSDARG00000069855;pnisr;Pnisr;pnisr
ENSDARG00000015851;pnn;Pnn;pnn
ENSDARG00000021154;zgc:92040;Prodh2;ENSDARG00000021154
ENSDARG00000003287;wdr12;Wdr12;wdr12
ENSDARG00000037837;ogfr;Ogfr;ogfr
ENSDARG00000103316;si:ch211-212k18.5;Sall2;si:ch211-212k18.5
ENSDARG00000053684;aldob;Aldob;aldob
ENSDARG00000101733;fam168b;Fam168b;fam168b
ENSDARG00000095865;oxr1a;Oxr1;FP325120.1
ENSDARG00000043856;amd1;Amd1;amd1
ENSDARG00000041203;drap1;Drap1;drap1
ENSDARG00000003027;scnm1;Scnm1;scnm1
ENSDARG00000052705;pkp1b;Pkp1;pkp1b
ENSDARG00000021193;coro1cb;Coro1c;coro1cb
ENSDARG00000037559;uba1;Uba1;uba1
ENSDARG00000092067;atn1;Atn1;atn1
ENSDARG00000103988;mymk;Mymk;mymk
ENSDARG00000011999;ybey;Ybey;ybey
ENSDARG00000058597;nt5c3a;Nt5c3;nt5c3a
ENSDARG00000003564;dohh;Dohh;dohh
ENSDARG00000014794;uqcrc2a;Uqcrc2;uqcrc2a
ENSDARG00000031261;sap30bp;Sap30bp;sap30bp
ENSDARG00000035751;ipo7;Ipo7;ipo7
ENSDARG00000008947;rtf1;Rtf1;rtf1
ENSDARG00000044492;ublcp1;Ublcp1;ublcp1
ENSDARG00000038537;gga1;Gga1;gga1
ENSDARG00000007708;nsa2;Nsa2;nsa2
ENSDARG00000060392;ash2l;Ash2l;ash2l
ENSDARG00000034497;fbxl14a;Fbxl14;fbxl14a
ENSDARG00000090156;pttg1ipa;Pttg1ip;pttg1ipa
ENSDARG00000016516;rbm8a;Rbm8a;rbm8a
ENSDARG00000008119;e2f6;E2f6;si:ch211-195d17.2
ENSDARG00000086150;wrap53;Wrap53;wrap53
ENSDARG00000012627;cdc34b;Cdc34;cdc34b
ENSDARG00000055635;crk;Crk;crk
ENSDARG00000038473;ube2d3;Ube2d3;ube2d3
ENSDARG00000030887;phf23a;Phf23;phf23a
ENSDARG00000099039;pcbp2;Pcbp1;pcbp2
ENSDARG00000004906;stip1;Stip1;stip1
ENSDARG00000010238;rbm22;Rbm22;rbm22
ENSDARG00000033683;tpma;Tpm3;tpma
ENSDARG00000091563;snw1;Snw1;snw1
ENSDARG00000027234;ift88;Ift88;ift88
ENSDARG00000012485;aurka;Aurka;aurka
ENSDARG00000003681;eif5;Eif5;eif5
ENSDARG00000053912;fbl;Fbll1;fbl
ENSDARG00000016598;ckmt1;Ckmt1;ckmt1
ENSDARG00000070657;pa2g4b;Pa2g4;pa2g4b
ENSDARG00000054849;bcat2;Bcat2;bcat2
ENSDARG00000036161;hnrnpa0l;Hnrnpa0;hnrnpa0l
ENSDARG00000001873;phgdh;Phgdh;phgdh
ENSDARG00000070461;cdin1;Cdin1;zgc:154061
ENSDARG00000027589;fzd7b;Fzd7;fzd7b
ENSDARG00000035406;ttc33;Ttc33;ttc33
ENSDARG00000099458;ddx46;Ddx46;ddx46
ENSDARG00000077219;plxdc2a;Plxdc2;ENSDARG00000077219
ENSDARG00000035325;srsf7a;Srsf7;srsf7a
ENSDARG00000076229;mrtfab;Mrtfa;mkl1b
ENSDARG00000104372;gnb1b;Gnb1;gnb1b
ENSDARG00000035608;pgam5;Pgam5;pgam5
ENSDARG00000010246;prmt1;Prmt1;prmt1
ENSDARG00000027199;smad1;Smad1;smad1
ENSDARG00000056531;nutf2;Nutf2;nutf2
ENSDARG00000040959;rabl3;Rabl3;rabl3
ENSDARG00000079233;e2f2;E2f2;E2F2
ENSDARG00000020465;ewsr1b;Ewsr1;ewsr1b
ENSDARG00000010710;msi1b;Msi1;msi1
ENSDARG00000021808;nmt2;Nmt2;nmt2
ENSDARG00000098591;tubb2b;Tubb4b;tubb2b
ENSDARG00000015722;kctd5a;Kctd5;kctd5a
ENSDARG00000103714;rab6a;Rab6a;rab6a
ENSDARG00000102096;adra2b;Adra2b;adra2b
ENSDARG00000029556;kansl3;Kansl3;kansl3
ENSDARG00000005115;calub;Calu;calub
ENSDARG00000004059;galk2;Galk2;galk2
ENSDARG00000014790;g3bp2a;G3bp2;g3bp2
ENSDARG00000057114;hpf1;Hpf1;hpf1
ENSDARG00000035633;tctn2;Tctn2;tctn2
ENSDARG00000038064;chmp3;Chmp3;chmp3
ENSDARG00000000760;znf511;Zfp511;znf511
ENSDARG00000004830;flot2a;Flot2;flot2a
ENSDARG00000068191;cdh15;Cdh15;cdh15
ENSDARG00000040606;tfap2c;Tfap2c;tfap2c
ENSDARG00000053956;sptbn2;Sptbn2;sptbn2
ENSDARG00000016649;akr7a3;Akr7a5;akr7a3
ENSDARG00000001829;zgc:112982;Bclaf3;zgc:112982
ENSDARG00000090309;ubxn1;Ubxn1;ubxn1
ENSDARG00000016447;ythdf1;Ythdf1;ythdf1
ENSDARG00000029818;srsf5a;Srsf5;srsf5a
ENSDARG00000089626;ptges3b;Ptges3;ptges3b
ENSDARG00000006200;eif4g1a;Eif4g1;eif4g1a
ENSDARG00000023058;foxo3a;Foxo3;foxo3a
ENSDARG00000062237;nfs1;Nfs1;nfs1
ENSDARG00000105641;si:ch211-98n17.5;Muc15;si:ch211-98n17.5
ENSDARG00000042742;stx6;Stx6;stx6
ENSDARG00000007795;cst3;Cst3;cst3
ENSDARG00000005122;atp2a2b;Atp2a2;atp2a2b
ENSDARG00000054087;irs1;Irs1;irs1
ENSDARG00000088168;ablim3;Ablim3;ablim3
ENSDARG00000060246;slc16a6b;Slc16a6;slc16a6b
ENSDARG00000008377;epn2;Epn2;epn2
ENSDARG00000052623;bsdc1;Bsdc1;bsdc1
ENSDARG00000016687;acadvl;Acadvl;acadvl
ENSDARG00000019924;cmpk;Cmpk1;cmpk
ENSDARG00000026967;ap2s1;Ap2s1;ap2s1
ENSDARG00000105009;ddah2;Ddah2;ddah2
ENSDARG00000069476;spint2;Spint2;spint2
ENSDARG00000104996;tmem203;Tmem203;tmem203
ENSDARG00000029663;rab1ab;Rab1a;rab1ab
ENSDARG00000018049;sf3b2;Sf3b2;sf3b2
ENSDARG00000056740;tmeff1b;Tmeff1;tmeff1b
ENSDARG00000038900;acadm;Acadm;acadm
ENSDARG00000077410;myo9b;Myo9b;myo9b
ENSDARG00000059303;hnrnpl2;Hnrnpl;hnrnpl2
ENSDARG00000105010;lztfl1;Lztfl1;lztfl1
ENSDARG00000042892;paip1;Paip1;paip1
ENSDARG00000058538;alcamb;Alcam;alcamb
ENSDARG00000015649;rap2c;Rap2c;rap2c
ENSDARG00000003032;eif4a1b;Eif4a1;eif4a1b
ENSDARG00000006242;ptp4a1;Ptp4a1;ptp4a1
ENSDARG00000096554;si:dkey-25o16.4;Spag5;si:dkey-25o16.4
ENSDARG00000010658;insig1;Insig1;insig1
ENSDARG00000022129;rbm4.3;Rbm4;rbm4.3
ENSDARG00000069301;tmem177;Tmem177;tmem177
ENSDARG00000091872;ccdc117;Ccdc117;si:ch211-102c2.7
ENSDARG00000087636;hmgn6;Hmgn1;hmgn6
ENSDARG00000042489;thap12a;Thap12;prkrira
ENSDARG00000006837;mycn;Mycn;mycn
ENSDARG00000079305;hbae3;Hba-x;hbae3
ENSDARG00000019951;sec62;Sec62;sec62
ENSDARG00000009735;gigyf2;Gigyf2;gigfy2
ENSDARG00000099430;atg16l1;Atg16l1;atg16l1
ENSDARG00000045306;slc51a;Slc51a;slc51a
ENSDARG00000053810;hnrnpc;Hnrnpc;hnrnpc
ENSDARG00000074301;cth;Cth;cth
ENSDARG00000018351;hpda;Hpd;hpda
ENSDARG00000077875;slc2a5;Slc2a5;slc2a5
ENSDARG00000019496;esd;Esd;esd
ENSDARG00000021494;hnf4a;Hnf4a;hnf4a
ENSDARG00000061204;ddx20;Ddx20;ddx20
ENSDARG00000038881;acaa2;Acaa2;acaa2
ENSDARG00000101762;fah;Fah;fah
ENSDARG00000063213;mtif2;Mtif2;mtif2
ENSDARG00000069013;prdx4;Prdx4;prdx4
ENSDARG00000012458;hapstr1b;Hapstr1;zgc:77849
ENSDARG00000104085;abcd3a;Abcd3;abcd3a
ENSDARG00000042796;yy1a;Yy1;yy1a
ENSDARG00000059035;porb;Por;porb
ENSDARG00000100452;nop53;Nop53;nop53
ENSDARG00000069293;ahsg2;Ahsg;ahsg2
ENSDARG00000093619;sult3st2;Sult3a2;sult3st2
ENSDARG00000044365;angptl3;Angptl3;angptl3
ENSDARG00000037281;fgg;Fgg;fgg
ENSDARG00000003570;hsp90b1;Hsp90b1;hsp90b1
ENSDARG00000023443;tjp2b;Tjp2;tjp2b
ENSDARG00000071429;tdo2a;Tdo2;tdo2a
ENSDARG00000023151;ucp1;Ucp1;ucp1
ENSDARG00000076838;apom;Apom;apom
ENSDARG00000087697;lpla;Lpl;lpl
ENSDARG00000077081;slc38a10;Slc38a10;slc38a10
ENSDARG00000043173;cela1.3;Cela1;CELA1
ENSDARG00000057855;mrps31;Mrps31;mrps31
ENSDARG00000077536;snrnp200;Snrnp200;snrnp200
ENSDARG00000075766;sccpdha.1;Sccpdh;sccpdha
ENSDARG00000052170;uap1;Uap1;uap1
ENSDARG00000006497;rtn1a;Rtn1;rtn1a
ENSDARG00000022372;kng1;Kng1;kng1
ENSDARG00000027887;zfyve21;Zfyve21;zfyve21
ENSDARG00000102722;itih3b.1;Itih4;itih3b
ENSDARG00000010445;trabd;Trabd;trabd
ENSDARG00000107486;ifi44a8;Ifi44;CR855320.2
ENSDARG00000055504;cd68;Cd68;si:ch211-212k18.7
ENSDARG00000037238;smad5;Smad5;smad5
ENSDARG00000056627;cxcl14;Cxcl14;cxcl14
ENSDARG00000104702;cat;Cat;cat
ENSDARG00000053774;alpi.2;Alpi;alpi.2
ENSDARG00000035872;hsd17b12b;Hsd17b12;hsd17b12b
ENSDARG00000010918;nprl3;Nprl3;nprl3
ENSDARG00000044943;npepps;Npepps;npepps
ENSDARG00000014303;vac14;Vac14;vac14
ENSDARG00000027978;yy1b;Yy1;yy1b
ENSDARG00000017803;gsk3ba;Gsk3b;gsk3b
ENSDARG00000060288;plpbp;Plpbp;prosc
ENSDARG00000062137;stag1b;Stag1;stag1b
ENSDARG00000009779;mcl1a;Mcl1;mcl1a
ENSDARG00000013719;gtse1;Gtse1;gtse1
ENSDARG00000054842;hsd17b14;Hsd17b14;hsd17b14
ENSDARG00000062206;skic2;Skic2;skiv2l
ENSDARG00000007130;mrto4;Mrto4;mrto4
ENSDARG00000092155;apoc2;Apoc2;apoc2
ENSDARG00000030759;melk;Melk;melk
ENSDARG00000079350;znf654;Zfp654;znf654
ENSDARG00000099445;cc2d1b;Cc2d1b;cc2d1b
ENSDARG00000069249;aftpha;Aftph;aftpha
ENSDARG00000067741;itpkcb;Itpkc;itpkcb
ENSDARG00000061691;qpctla;Qpctl;qpctla
ENSDARG00000008142;stxbp3;Stxbp3;stxbp3
ENSDARG00000034957;hddc2;Hddc2;hddc2
ENSDARG00000044584;tex261;Tex261;tex261
ENSDARG00000034943;tm9sf5;Tm9sf5;tm9sf5
ENSDARG00000057577;mbtps2;Mbtps2;mbtps2
ENSDARG00000042508;ubr3;Ubr3;ubr3
ENSDARG00000101578;e2f4;E2f4;e2f4
ENSDARG00000055912;nipa2;Nipa2;nipa2
ENSDARG00000033367;rrm2b;Rrm2b;rrm2b
ENSDARG00000044669;hp1bp3;Hp1bp3;hp1bp3
ENSDARG00000058448;zrsr2;Zrsr2-ps1;zrsr2
ENSDARG00000007135;cnot3a;Cnot3;cnot3a
ENSDARG00000045620;nansa;Nans;nansa
ENSDARG00000056679;morc3a;Morc3;morc3a
ENSDARG00000070786;znf770;Zfp770;znf770
ENSDARG00000052536;tia1;Tia1;tia1
ENSDARG00000022424;slc26a5;Slc26a5;slc26a5
ENSDARG00000037503;thoc2;Thoc2;thoc2
ENSDARG00000011851;map2k5;Map2k5;map2k5
ENSDARG00000018529;lipf;Lipa;lipf
ENSDARG00000007786;tmx2b;Tmx2;tmx2b
ENSDARG00000078600;ldlrad3;Ldlrad3;ldlrad3
ENSDARG00000100394;lnpep;Lnpep;lnpep
ENSDARG00000005536;ubr7;Ubr7;ubr7
ENSDARG00000013776;thop1;Thop1;thop1
ENSDARG00000091967;ttf1.1;Ttf1;ttf1
ENSDARG00000037852;zgc:101663;Mgat4e;zgc:101663
ENSDARG00000004372;fmnl3;Fmnl3;fmnl3
ENSDARG00000027322;lin7c;Lin7c;lin7c
ENSDARG00000039966;prom1a;Prom1;prom1a
ENSDARG00000028322;pex14;Pex14;pex14
ENSDARG00000104936;si:ch211-225h24.2;Tdrp;si:ch211-225h24.2
ENSDARG00000062806;ttll9;Ttll9;ttll9
ENSDARG00000100536;nkrf;Nkrf;nkrf
ENSDARG00000052537;cptp;Cptp;cptp
ENSDARG00000104089;p3h4;P3h4;p3h4
ENSDARG00000028748;tm9sf3;Tm9sf3;tm9sf3
ENSDARG00000004318;cbwd;Zng1;cbwd
ENSDARG00000039430;msl2b;Msl2;msl2b
ENSDARG00000000503;stx1b;Stx1b;stx1b
ENSDARG00000042467;tlk1a;Tlk1;tlk1a
ENSDARG00000026986;rexo1;Rexo1;rexo1
ENSDARG00000088835;efs;Efs;efs
ENSDARG00000052150;pbx4;Pbx4;pbx4
ENSDARG00000079148;nckap5l;Nckap5l;nckap5l
ENSDARG00000079751;megf8;Megf8;megf8
ENSDARG00000007812;sp3b;Sp3;sp3b
ENSDARG00000012574;slkb;Slk;slkb
ENSDARG00000017841;cand1;Cand1;cand1
ENSDARG00000092546;pdap1a;Pdap1;pdap1a
ENSDARG00000042319;cdca4;Cdca4;cdca4
ENSDARG00000003269;clcn3;Clcn3;clcn3
ENSDARG00000091762;zbtb40;Zbtb40;zbtb40
ENSDARG00000007745;uqcrfs1;Uqcrfs1;uqcrfs1
ENSDARG00000013472;nedd1;Nedd1;nedd1
ENSDARG00000020493;lgi1a;Lgi1;lgi1a
ENSDARG00000101710;arid1aa;Arid1a;arid1aa
ENSDARG00000008192;pank1a;Pank1;pank1a
ENSDARG00000104024;ccdc137;Ccdc137;ccdc137
ENSDARG00000041621;bbs2;Bbs2;bbs2
ENSDARG00000093658;tm7sf3;Tm7sf3;tm7sf3
ENSDARG00000013078;ywhaba;Ywhab;ywhaba
ENSDARG00000019815;fn1a;Fn1;fn1a
ENSDARG00000078778;lrch1;Lrch1;lrch1
ENSDARG00000074502;zmiz1a;Zmiz1;zmiz1a
ENSDARG00000019986;grhprb;Grhpr;grhprb
ENSDARG00000012025;hs6st2;Hs6st2;hs6st2
ENSDARG00000042282;itga6a;Itga6;itga6a
ENSDARG00000038075;cyc1;Cyc1;cyc1
ENSDARG00000061458;phf14;Phf14;phf14
ENSDARG00000053291;pnrc2;Pnrc2;pnrc2
ENSDARG00000102569;polr3a;Polr3a;polr3a
ENSDARG00000096711;si:ch211-194k22.8;Bend6;si:ch211-194k22.8
ENSDARG00000030961;ak8;Ak8;ak8
ENSDARG00000013079;tubgcp2;Tubgcp2;tubgcp2
ENSDARG00000079166;ace;Ace;ace
ENSDARG00000044135;cenpp;Cenpp;cenpp
ENSDARG00000029510;timm17a;Timm17a;timm17a
ENSDARG00000069102;zgc:112962;Tor1aip1;zgc:112962
ENSDARG00000016464;cdc42bpab;Cdc42bpa;cdc42bpab
ENSDARG00000103902;nde1;Nde1;nde1
ENSDARG00000021590;magi2a;Magi2;magi2a
ENSDARG00000016427;fignl1;Fignl1;fignl1
ENSDARG00000038281;natd1;Natd1;natd1
ENSDARG00000059646;nt5dc2;Nt5dc2;nt5dc2
ENSDARG00000075253;pik3cb;Pik3cb;pik3cb
ENSDARG00000102746;tmem39a;Tmem39a;tmem39a
ENSDARG00000017744;smc2;Smc2;smc2
ENSDARG00000057867;lasp1;Lasp1;lasp1
ENSDARG00000028982;pcca;Pcca;pcca
ENSDARG00000079712;gal3st4;Gal3st4;gal3st4
ENSDARG00000095896;pou3f3b;Pou3f3;pou3f3b
ENSDARG00000013245;wbp1la;Wbp1l;wbp1la
ENSDARG00000094977;troap;Troap;si:ch211-156j22.4
ENSDARG00000060394;mtfr2;Mtfr2;mtfr2
ENSDARG00000005560;ywhah;Ywhah;ywhah
ENSDARG00000008372;spred2b;Spred2;spred2b
ENSDARG00000017211;plxnb1b;Plxnb1;plxnb1b
ENSDARG00000076895;flrt3;Flrt3;flrt3
ENSDARG00000078675;dock7;Dock7;dock7
ENSDARG00000041505;itm2bb;Itm2b;itm2bb
ENSDARG00000060215;cep85;Cep85;cep85
ENSDARG00000036811;ifrd2;Ifrd2;ifrd2
ENSDARG00000099258;vps52;Vps52;vps52
ENSDARG00000025220;sppl3;Sppl3;sppl3
ENSDARG00000098171;zgc:162193;Tcaf2;zgc:162193
ENSDARG00000001431;actn3b;Actn3;actn3b
ENSDARG00000009724;rpn2;Rpn2;rpn2
ENSDARG00000100206;klhdc4;Klhdc4;klhdc4
ENSDARG00000071469;znf618;Zfp618;znf618
ENSDARG00000075281;tbc1d30;Tbc1d30;tbc1d30
ENSDARG00000059812;sin3ab;Sin3a;sin3ab
ENSDARG00000099256;pum1;Pum1;pum1
ENSDARG00000103713;cd248a;Cd248;cd248a
ENSDARG00000061478;igf2bp1;Igf2bp1;igf2bp1
ENSDARG00000042188;ttc38;Ttc38;ttc38
ENSDARG00000099213;glyr1;Glyr1;glyr1
ENSDARG00000102615;fra10ac1;Fra10ac1;fra10ac1
ENSDARG00000013434;hira;Hira;hira
ENSDARG00000103409;uhrf1;Uhrf1;uhrf1
ENSDARG00000062244;setd2;Setd2;setd2
ENSDARG00000028275;sult1st1;Sult1e1;sult1st1
ENSDARG00000012495;mphosph10;Mphosph10;mphosph10
ENSDARG00000045694;prickle1b;Prickle1;prickle1b
ENSDARG00000062972;hip1;Hip1;hip1
ENSDARG00000070151;nfyc;Nfyc;nfyc
ENSDARG00000026476;tia1l;Tia1;tia1l
ENSDARG00000015352;lsg1;Lsg1;lsg1
ENSDARG00000010477;p2rx3a;P2rx3;p2rx3a
ENSDARG00000071259;fbxo34;Fbxo34;fbxo34
ENSDARG00000043680;ylpm1;Ylpm1;ylpm1
ENSDARG00000016399;riok1;Riok1;riok1
ENSDARG00000063574;mtg2;Mtg2;mtg2
ENSDARG00000036237;slc27a2a;Slc27a2;slc27a2a
ENSDARG00000005867;gon4lb;Gon4l;gon4l
ENSDARG00000074910;crtc2;Crtc2;crtc2
ENSDARG00000045911;tulp4a;Tulp4;tulp4a
ENSDARG00000006862;kifap3b;Kifap3;kifap3b
ENSDARG00000098237;fbn2b;Fbn2;fbn2b
ENSDARG00000021366;fbp1a;Fbp1;fbp1a
ENSDARG00000046010;kdm2bb;Kdm2b;kdm2bb
ENSDARG00000045801;fbxl14b;Fbxl14;fbxl14b
ENSDARG00000012135;fbxl2;Fbxl2;fbxl2
ENSDARG00000061952;ecpas;Ecpas;si:dkey-245p14.7
ENSDARG00000102294;fbxo11a;Fbxo11;fbxo11a
ENSDARG00000061631;fbxo11a;Fbxo11;fbxo11a
ENSDARG00000058561;fbxo30a;Fbxo30;fbxo30a
ENSDARG00000039152;fbxo36b;Fbxo36;fbxo36b
ENSDARG00000022623;fbxo44.1;Fbxo44;fbxo44
ENSDARG00000057899;fbxo6.2;Fbxo44;zgc:114081
ENSDARG00000037645;fbxo6.3;Fbxo6;zgc:173570
ENSDARG00000006120;tbx2b;Tbx2;tbx2b
ENSDARG00000089302;hnrnpa0a;Hnrnpa0;hnrnpa0a
ENSDARG00000032708;arl4cb;Arl4c;arl4cb
ENSDARG00000086746;prodha;Prodh;prodha
ENSDARG00000077013;znf280d;Zfp280c;znf280d
ENSDARG00000071872;zdhhc15b;Zdhhc15;zdhhc15b
ENSDARG00000019060;snx12;Snx12;snx12
ENSDARG00000029415;mtx2;Mtx2;mtx2
ENSDARG00000086183;vkorc1;Vkorc1;vkorc1
ENSDARG00000104669;slc35c1;Slc35c1;slc35c1
ENSDARG00000045074;arl4d;Arl4d;arl4d
ENSDARG00000095538;senp3a;Senp3;senp3a
ENSDARG00000061841;tiparp;Tiparp;tiparp
ENSDARG00000004930;lmo7a;Lmo7;lmo7a
ENSDARG00000102762;pik3r5;Pik3r5;pik3r5
ENSDARG00000056678;trim47;Trim43c;trim47
ENSDARG00000105012;utp23;Utp23;utp23
ENSDARG00000020258;ewsr1a;Ewsr1;ewsr1a
ENSDARG00000090730;cfbl;Cfb;zgc:158446
ENSDARG00000034427;jpt2;Jpt2;jpt2
ENSDARG00000013087;ndrg3a;Ndrg3;ndrg3a
ENSDARG00000043608;eif4ebp1;Eif4ebp1;eif4ebp1
ENSDARG00000034368;hexb;Hexb;hexb
ENSDARG00000055900;zswim5;Zswim5;zswim5
ENSDARG00000028086;zbtb2b;Zbtb2;zbtb2b
ENSDARG00000070435;vapb;Vapb;vapb
ENSDARG00000035676;ptp4a2b;Ptp4a2;ptp4a2b
ENSDARG00000061335;galnt1;Galnt1;galnt1
ENSDARG00000011945;slc35e1;Slc35e1;slc35e1
ENSDARG00000009480;pdcl;Pdcl;pdcl
ENSDARG00000077790;dcaf15;Dcaf15;dcaf15
ENSDARG00000096749;ndufaf8;Ndufaf8;NDUFAF8
ENSDARG00000021443;zfp36l1b;Zfp36l1;zfp36l1b
ENSDARG00000044299;lmnb1;Lmnb1;lmnb1
ENSDARG00000074776;tmem154;Tmem154;tmem154
ENSDARG00000002217;scocb;Scoc;scocb
ENSDARG00000000019;ube2h;Ube2h;ube2h
ENSDARG00000027353;zmym2;Zmym5;zmym2
ENSDARG00000031506;flvcr2b;Flvcr2;flvcr2b
ENSDARG00000012519;hcfc1b;Hcfc1;hcfc1b
ENSDARG00000053544;hspa4l;Hspa4l;hspa4l
ENSDARG00000007996;pou2f1b;Pou2f1;pou2f1b
ENSDARG00000054337;ap1g2;Ap1g2;ap1g2
ENSDARG00000018524;midn;Midn;midn
ENSDARG00000061138;senp7b;Senp7;senp7b
ENSDARG00000063310;oxr1b;Oxr1;oxr1b
ENSDARG00000094018;rnf214;Rnf214;si:dkey-111e8.1
ENSDARG00000104223;lmbrd1;Lmbrd1;lmbrd1
ENSDARG00000035924;dync1li2;Dync1li2;dync1li2
ENSDARG00000053395;cdkn2aipnl;Cdkn2aipnl;cdkn2aipnl
ENSDARG00000024488;top2a;Top2a;top2a
ENSDARG00000024654;pgm3;Pgm3;pgm3
ENSDARG00000071087;slc35b4;Slc35b4;slc35b4
ENSDARG00000075433;myom2a;Myom2;myom2a
ENSDARG00000089637;rnaseh2c;Rnaseh2c;rnaseh2c
ENSDARG00000038156;dusp11;Dusp11;dusp11
ENSDARG00000077383;anxa11a;Anxa11;anxa11a
ENSDARG00000058365;hspb8;Hspb8;hspb8
ENSDARG00000005451;gdi2;Gdi2;gdi2
ENSDARG00000036282;rnaset2;Rnaset2b;rnaset2
ENSDARG00000074050;efnb2b;Efnb2;efnb2b
ENSDARG00000086056;plekhg6;Plekhg6;plekhg6
ENSDARG00000040350;rpp38;Rpp38;rpp38
ENSDARG00000060306;tfcp2;Tfcp2;tfcp2
ENSDARG00000026489;khsrp;Khsrp;khsrp
ENSDARG00000006240;slc27a1a;Slc27a1;slc27a1a
ENSDARG00000059549;akap10;Akap10;akap10
ENSDARG00000054794;plcxd3;Plcxd3;plcxd3
ENSDARG00000088123;znf217;Zfp217;znf217
ENSDARG00000029356;mboat1;Mboat1;mboat1
ENSDARG00000070800;slc52a2;Slc52a2;zgc:109744
ENSDARG00000102035;slc52a2;Slc52a2;slc52a2
ENSDARG00000009844;dusp23a;Dusp23;dusp23a
ENSDARG00000045880;gas2l3;Gas2l3;gas2l3
ENSDARG00000092305;poldip2;Poldip2;poldip2
ENSDARG00000074094;tgm2b;Tgm2;tgm2b
ENSDARG00000057105;nle1;Nle1;nle1
ENSDARG00000026225;nsd2;Nsd2;whsc1
ENSDARG00000061052;nipblb;Nipbl;nipblb
ENSDARG00000053301;insm1b;Insm1;insm1b
ENSDARG00000103754;aspm;Aspm;aspm
ENSDARG00000057062;fignl2;Fignl2;si:dkey-157g16.6
ENSDARG00000043970;lrpprc;Lrpprc;lrpprc
ENSDARG00000009610;rgs12a;Rgs12;rgs12a
ENSDARG00000011934;gyg1a;Gyg1;gyg1a
ENSDARG00000057974;parp12b;Parp12;parp12b
ENSDARG00000003217;urb2;Urb2;urb2
ENSDARG00000018765;pknox1.1;Pknox1;pknox1.1
ENSDARG00000058369;mex3b;Mex3b;mex3b
ENSDARG00000077785;atf5b;Atf5;atf5b
ENSDARG00000001890;stt3b;Stt3b;stt3b
ENSDARG00000044328;ankrd46a;Ankrd46;ankrd46a
ENSDARG00000043514;si:dkey-239i20.4;Fmo4;FMO5
ENSDARG00000059642;mtmr14;Mtmr14;mtmr14
ENSDARG00000102365;eloa;Eloa;tceb3
ENSDARG00000086393;dbx1a;Dbx1;dbx1a
ENSDARG00000101624;lmnb2;Lmnb2;lmnb2
ENSDARG00000016128;ap3m2;Ap3m2;ap3m2
ENSDARG00000011000;gtf2a1;Gtf2a1;gtf2a1
ENSDARG00000103013;pcdh1g22;Pcdhgc5;pcdh1g22
ENSDARG00000099651;bin3;Bin3;bin3
ENSDARG00000103125;tsc2;Tsc2;TSC2
ENSDARG00000057026;ran;Rasl2-9;ran
ENSDARG00000045371;prdm14;Prdm14;prdm14
ENSDARG00000099798;mon2;Mon2;mon2
ENSDARG00000069461;rnaseka;Rnasek;rnaseka
ENSDARG00000056832;exo1;Exo1;exo1
ENSDARG00000026166;emilin1b;Emilin1;emilin1b
ENSDARG00000017874;dnajc3b;Dnajc3;dnajc3b
ENSDARG00000075346;tmem129;Tmem129;tmem129
ENSDARG00000056525;bcar1;Bcar1;bcar1
ENSDARG00000008034;skib;Ski;skib
ENSDARG00000043542;zpr1;Zpr1;zpr1
ENSDARG00000053668;stag2b;Stag2;stag2b
ENSDARG00000076618;tm2d3;Tm2d3;tm2d3
ENSDARG00000006924;fbxo38;Fbxo38;fbxo38
ENSDARG00000020448;adi1;Adi1;adi1
ENSDARG00000030954;ftr56;Trim80;ftr56
ENSDARG00000094646;dyrk2;Dyrk2;dyrk2
ENSDARG00000031228;podxl;Podxl;podxl
ENSDARG00000019098;cd82a;Cd82;cd82a
ENSDARG00000011496;ppm1bb;Ppm1b;ppm1bb
ENSDARG00000042484;tle2a;Tle2;tle2
ENSDARG00000088347;sp1;Sp1;sp1
ENSDARG00000018890;snrpa;Snrpa;snrpa
ENSDARG00000089032;znf384b;Zfp384;ENSDARG00000089032
ENSDARG00000043213;adam17a;Adam17;adam17a
ENSDARG00000062795;abcb7;Abcb7;abcb7
ENSDARG00000044073;fuca2;Fuca2;fuca2
ENSDARG00000077237;rfx7a;Rfx7;rfx7
ENSDARG00000060010;iqgap2;Iqgap2;iqgap2
ENSDARG00000039340;tmem209;Tmem209;tmem209
ENSDARG00000039354;ska1;Ska1;ska1
ENSDARG00000032175;puf60a;Puf60;puf60a
ENSDARG00000077037;txlna;Txlna;txlna
ENSDARG00000069044;agpat4;Agpat4;agpat4
ENSDARG00000039374;apool;Apool;apool
ENSDARG00000026224;fanci;Fanci;fanci
ENSDARG00000013542;lpgat1;Lpgat1;lpgat1
ENSDARG00000011573;abcb11a;Abcb11;abcb11a
ENSDARG00000077614;mtres1;Mtres1;si:ch211-206k20.5
ENSDARG00000030465;tmem263;Tmem263;tmem263
ENSDARG00000015611;rasl11b;Rasl11b;rasl11b
ENSDARG00000077224;ypel2a;Ypel2;ypel2a
ENSDARG00000027813;nus1;Nus1;nus1
ENSDARG00000063167;chkb;Chkb;chkb
ENSDARG00000055784;ptpn3;Ptpn3;ptpn3
ENSDARG00000033307;igf2b;Igf2;igf2b
ENSDARG00000032072;cdk16;Cdk16;cdk16
ENSDARG00000000690;sypl2b;Sypl2;sypl2b
ENSDARG00000016532;suco;Suco;suco
ENSDARG00000040779;med16;Med16;med16
ENSDARG00000007560;sema3bl;Sema3g;sema3bl
ENSDARG00000076473;trim37;Trim37;trim37
ENSDARG00000044820;cstf1;Cstf1;cstf1
ENSDARG00000006899;far1;Far1;far1
ENSDARG00000099911;lrrc8c;Lrrc8c;lrrc8c
ENSDARG00000002795;meis3;Meis3;meis3
ENSDARG00000079687;rnf10;Rnf10;rnf10
ENSDARG00000063417;erf;Erf;erf
ENSDARG00000074750;qser1;Qser1;qser1
ENSDARG00000014386;galnt6;Galnt6;galnt6
ENSDARG00000031985;ptpa;Ptpa;ppp2r4
ENSDARG00000069917;ska3;Ska3;ska3
ENSDARG00000071026;mllt11;Mllt11;mllt11
ENSDARG00000058819;nog1;Nog;nog1
ENSDARG00000028327;gmfb;Gmfb;gmfb
ENSDARG00000063036;psd2;Psd2;psd2
ENSDARG00000038106;slc37a4a;Slc37a4;slc37a4a
ENSDARG00000086332;bri3;Bri3;bri3
ENSDARG00000022418;faf1;Faf1;faf1
ENSDARG00000104530;znf609b;Zfp609;ENSDARG00000104530
ENSDARG00000067560;gtf2h3;Gtf2h3;gtf2h3
ENSDARG00000010281;xpo4;Xpo4;xpo4
ENSDARG00000037059;slc44a2;Slc44a2;slc44a2
ENSDARG00000025131;lbx2;Lbx2;lbx2
ENSDARG00000102204;jph3b;Jph3;jph3
ENSDARG00000023578;lpp;Lpp;lpp
ENSDARG00000098438;slc6a6b;Slc6a6;slc6a6b
ENSDARG00000087032;rbbp8l;Rbbp8nl;si:ch211-200e2.1
ENSDARG00000103787;chd1;Chd1;chd1
ENSDARG00000063031;rad54l2;Rad54l2;rad54l2
ENSDARG00000027529;hmox1a;Hmox1;hmox1a
ENSDARG00000001558;kifc1;Kifc5b;kifc1
ENSDARG00000016080;nob1;Nob1;nob1
ENSDARG00000074675;pan2;Pan2;pan2
ENSDARG00000004782;fgfr3;Fgfr3;fgfr3
ENSDARG00000062192;tbc1d8b;Tbc1d8b;TBC1D8B
ENSDARG00000020866;apoa4b.2;Apoa4;apoa4b.2
ENSDARG00000006299;arhgef7a;Arhgef7;arhgef7a
ENSDARG00000058660;ilf3a;Ilf3;ilf3a
ENSDARG00000001437;slc2a1a;Slc2a1;slc2a1a
ENSDARG00000027154;tpd52l2a;Tpd52l2;tpd52l2a
ENSDARG00000043877;mmachc;Mmachc;mmachc
ENSDARG00000103865;wu:fc30c06;Zfp951;wu:fc30c06
ENSDARG00000076913;eme1;Eme1;eme1
ENSDARG00000004956;zmat2;Zmat2;zmat2
ENSDARG00000077361;bptf;Bptf;bptf
ENSDARG00000017107;nr2e1;Nr2e1;nr2e1
ENSDARG00000055389;sona;Son;si:dkey-67c22.2
ENSDARG00000102307;taf2;Taf2;taf2
ENSDARG00000059760;wdtc1;Wdtc1;wdtc1
ENSDARG00000067796;clpxb;Clpx;clpxb
ENSDARG00000043031;ints10;Ints10;ints10
ENSDARG00000010862;amt;Amt;amt
ENSDARG00000062054;cpt1ab;Cpt1a;cpt1ab
ENSDARG00000056978;letm1;Letm1;letm1
ENSDARG00000098924;suz12b;Suz12;suz12b
ENSDARG00000091271;cenpt;Cenpt;si:ch211-225g23.1
ENSDARG00000052652;fermt1;Fermt1;fermt1
ENSDARG00000068759;si:ch211-244o22.2;Cdca2;si:ch211-244o22.2
ENSDARG00000009754;zc3h11a;Zc3h11a;zc3h11a
ENSDARG00000057248;sclt1;Sclt1;sclt1
ENSDARG00000005891;cyb5r3;Cyb5r3;cyb5r3
ENSDARG00000098666;si:dkey-93h22.8;Pprc1;si:dkey-93h22.8
ENSDARG00000017229;megf10;Megf10;megf10
ENSDARG00000038801;klhl20;Klhl20;klhl20
ENSDARG00000030064;plekha1a;Plekha1;plekha1a
ENSDARG00000044251;rasgef1bb;Rasgef1b;rasgef1bb
ENSDARG00000023028;cdv3;Cdv3;cdv3
ENSDARG00000052377;psmd12;Psmd12;psmd12
ENSDARG00000004049;marcksa;Marcks;marcksa
ENSDARG00000015536;sox6;Sox6;sox6
ENSDARG00000063187;agpat5;Agpat5;agpat5
ENSDARG00000008931;renbp;Renbp;renbp
ENSDARG00000039399;nt5c2a;Nt5c2;nt5c2a
ENSDARG00000063191;extl2;Extl2;extl2
ENSDARG00000036966;hsd3b7;Hsd3b7;hsd3b7
ENSDARG00000079702;wdr81;Wdr81;wdr81
ENSDARG00000051854;cdt1;Cdt1;cdt1
ENSDARG00000057918;tsc1b;Tsc1;tsc1b
ENSDARG00000062650;rif1;Rif1;rif1
ENSDARG00000005576;mphosph8;Mphosph8;mphosph8
ENSDARG00000103774;limch1b;Limch1;limch1b
ENSDARG00000021569;gdap2;Gdap2;gdap2
ENSDARG00000028106;glrx;Glrx;glrx
ENSDARG00000105014;mre11a;Mre11a;mre11a
ENSDARG00000056141;coq10b;Coq10b;coq10b
ENSDARG00000099532;ubl3a;Ubl3;ubl3a
ENSDARG00000011783;stag2a;Stag2;stag2a
ENSDARG00000006754;mllt3;Mllt3;mllt3
ENSDARG00000001129;dicer1;Dicer1;dicer1
ENSDARG00000101205;mbd1a;Mbd1;si:dkey-242k1.6
ENSDARG00000056030;hoxb7a;Hoxb7;hoxb7a
ENSDARG00000054023;ttll6;Ttll13;ttll6
ENSDARG00000068993;zgc:153631;Tnfrsf14;zgc:153631
ENSDARG00000017569;reep3a;Reep3;reep3a
ENSDARG00000013379;ppp6r3;Ppp6r3;ppp6r3
ENSDARG00000089828;si:rp71-19m20.1;2310057M21Rik;si:rp71-19m20.1
ENSDARG00000058646;ptprna;Ptprn;ptprna
ENSDARG00000062042;mthfsd;Mthfsd;mthfsd
ENSDARG00000028346;tesca;Tesc;tesca
ENSDARG00000043873;arid4a;Arid4a;arid4a
ENSDARG00000075347;chfr;Chfr;chfr
ENSDARG00000008986;e2f7;E2f7;e2f7
ENSDARG00000003910;med13b;Med13;med13b
ENSDARG00000074390;tmem176l.4;Tmem176a;tmem176l.4
ENSDARG00000030781;acads;Acads;acads
ENSDARG00000041108;ctsh;Ctsh;ctsh
ENSDARG00000078328;sec22a;Sec22a;sec22a
ENSDARG00000042120;firrm;Firrm;si:dkey-97o5.1
ENSDARG00000078856;slc22a23;Slc22a23;slc22a23
ENSDARG00000054749;lmo4b;Lmo4;lmo4b
ENSDARG00000024109;naa40;Naa40;naa40
ENSDARG00000078026;zcchc24;Zcchc24;zcchc24
ENSDARG00000102171;fnip1;Fnip1;fnip1
ENSDARG00000057286;swap70b;Swap70;swap70b
ENSDARG00000089878;nedd9;Nedd9;nedd9
ENSDARG00000045175;pofut2;Pofut2;pofut2
ENSDARG00000045733;ciapin1;Ciapin1;ciapin1
ENSDARG00000058696;tbl1xr1a;Tbl1xr1;tbl1xr1a
ENSDARG00000102221;hacd4;Hacd4;HACD4
ENSDARG00000078707;sema7a;Sema7a;sema7a
ENSDARG00000018492;znf503;Zfp503;znf503
ENSDARG00000035910;znf281b;Zfp281;znf281b
ENSDARG00000075569;gpbp1l1;Gpbp1l1;gpbp1l1
ENSDARG00000056666;sp8b;Sp8;sp8b
ENSDARG00000073710;usp7;Usp7;usp7
ENSDARG00000061391;grhl1;Grhl1;grhl1
ENSDARG00000058062;magt1;Magt1;magt1
ENSDARG00000027222;adgrg1;Adgrg1;adgrg1
ENSDARG00000057672;plpp5;Plpp5;plpp5
ENSDARG00000091768;dclre1a;Dclre1a;dclre1a
ENSDARG00000045515;kin;Kin;kin
ENSDARG00000070231;polh;Polh;polh
ENSDARG00000101161;orc4;Orc4;orc4
ENSDARG00000028027;trim63a;Trim63;trim63a
ENSDARG00000058287;gpalpp1;Gpalpp1;gpalpp1
ENSDARG00000011594;smarcb1b;Smarcb1;smarcb1b
ENSDARG00000078803;gas2l1;Gas2l1;gas2l1
ENSDARG00000015206;hnrnpua;Hnrnpu;hnrnpua
ENSDARG00000028379;trub2;Trub2;trub2
ENSDARG00000004635;epha7;Epha7;epha7
ENSDARG00000058230;rps6kb1b;Rps6kb1;rps6kb1b
ENSDARG00000035970;ptprn2;Ptprn2;ptprn2
ENSDARG00000007744;tsr1;Tsr1;tsr1
ENSDARG00000057913;syt11a;Syt11;syt11a
ENSDARG00000056218;tnika;Tnik;tnika
ENSDARG00000099635;akap8l;Akap8l;akap8l
ENSDARG00000036658;cab39l;Cab39l;cab39l
ENSDARG00000009170;ctr9;Ctr9;ctr9
ENSDARG00000089232;prr14;Prr14;prr14
ENSDARG00000010721;septin6;Septin6;Sep 06
ENSDARG00000038290;thoc5;Thoc5;thoc5
ENSDARG00000077434;mon1bb;Mon1b;mon1bb
ENSDARG00000075323;srfbp1;Srfbp1;srfbp1
ENSDARG00000069980;lman1;Lman1;lman1
ENSDARG00000100623;trrap;Trrap;trrap
ENSDARG00000008107;src;Src;src
ENSDARG00000059657;mks1;Mks1;mks1
ENSDARG00000012932;mat2b;Mat2b;mat2b
ENSDARG00000059951;pld6;Pld6;pld6
ENSDARG00000002720;utp15;Utp15;utp15
ENSDARG00000010051;ufd1l;Ufd1;ufd1l
ENSDARG00000087538;kif3a;Kif3a;kif3a
ENSDARG00000045294;sh3glb1a;Sh3glb1;sh3glb1a
ENSDARG00000099729;pcdh10a;Pcdh10;pcdh10a
ENSDARG00000009252;napepld;Napepld;napepld
ENSDARG00000058115;fgfr2;Fgfr2;fgfr2
ENSDARG00000074691;mms22l;Mms22l;mms22l
ENSDARG00000036772;pygo2;Pygo2;pygo2
ENSDARG00000074303;phf12a;Phf12;phf12a
ENSDARG00000059806;sacm1lb;Sacm1l;sacm1lb
ENSDARG00000062379;slc35a4;Slc35a4;slc35a4
ENSDARG00000103831;ankrd13c;Ankrd13c;ankrd13c
ENSDARG00000004386;elapor2b;Elapor2;si:dkey-153k10.9
ENSDARG00000104222;inppl1a;Inppl1;inppl1a
ENSDARG00000030964;pde12;Pde12;pde12
ENSDARG00000104255;arhgap27;Arhgap27;arhgap27
ENSDARG00000036335;c1galt1c1;C1galt1c1;c1galt1c1
ENSDARG00000062053;kifbp;Kifbp;kif1bp
ENSDARG00000051886;ankrd11;Ankrd11;ankrd11
ENSDARG00000025576;mkln1;Mkln1;mkln1
ENSDARG00000004692;nabp1a;Nabp1;nabp1a
ENSDARG00000042187;smek1;Ppp4r3a;smek1
ENSDARG00000035507;ddx31;Ddx31;ddx31
ENSDARG00000055291;rab18a;Rab18;rab18a
ENSDARG00000060805;map1sa;Map1s;map1sa
ENSDARG00000020871;ptprz1b;Ptprz1;ptprz1b
ENSDARG00000061187;cbx5;Cbx5;cbx5
ENSDARG00000102765;lonp1;Lonp1;lonp1
ENSDARG00000037506;prps1b;Prps1;prps1b
ENSDARG00000075509;phf12b;Phf12;phf12b
ENSDARG00000039196;greb1l;Greb1l;greb1l
ENSDARG00000061143;tapt1b;Tapt1;tapt1b
ENSDARG00000036427;slc3a2a;Slc3a2;slc3a2a
ENSDARG00000104130;rbm26;Rbm26;rbm26
ENSDARG00000017809;stard3;Stard3;stard3
ENSDARG00000014244;rbmx;Gm7324;rbmx
ENSDARG00000087421;serbp1b;Serbp1;serbp1b
ENSDARG00000044949;rnf8;Rnf8;rnf8
ENSDARG00000035993;sumo3b;Sumo3;sumo3b
ENSDARG00000089701;trabd2a;Trabd2b;trabd2a
ENSDARG00000020279;efcab7;Efcab7;efcab7
ENSDARG00000040698;plekha8;Plekha8;plekha8
ENSDARG00000002411;pde4cb;Pde4c;pde4cb
ENSDARG00000057660;dhx57;Dhx57;dhx57
ENSDARG00000053452;pop5;Pop5;pop5
ENSDARG00000019113;mob3a;Mob3a;mob3a
ENSDARG00000027461;mettl26;Mettl26;mettl26
ENSDARG00000039456;acbd6;Acbd6;acbd6
ENSDARG00000056175;scrt2;Scrt2;scrt2
ENSDARG00000057452;ston2;Ston2;ston2
ENSDARG00000098317;dync1li1;Dync1li1;dync1li1
ENSDARG00000073743;slc25a37;Slc25a37;slc25a37
ENSDARG00000004748;zgc:100868;Prss53;zgc:100868
ENSDARG00000022718;casp8ap2;Casp8ap2;casp8ap2
ENSDARG00000036257;rasal2;Rasal2;rasal2
ENSDARG00000079905;mark2a;Mark2;mark2a
ENSDARG00000042995;sptlc1;Sptlc1;sptlc1
ENSDARG00000061169;larp1b;Larp1b;larp1b
ENSDARG00000042522;katnbl1;Katnbl1;katnbl1
ENSDARG00000089243;r3hcc1l;R3hcc1l;r3hcc1l
ENSDARG00000068894;nrip1b;Nrip1;nrip1b
ENSDARG00000077737;spsb3a;Spsb3;spsb3a
ENSDARG00000014085;atp6v1e1a;Atp6v1e1;atp6v1e1a
ENSDARG00000003017;ube2al;Ube2a;ube2al
ENSDARG00000076362;tmem260;Tmem260;tmem260
ENSDARG00000068262;vamp5;Vamp5;vamp5
ENSDARG00000021812;cherp;Cherp;cherp
ENSDARG00000068567;shha;Shh;shha
ENSDARG00000034344;pcdh19;Pcdh19;pcdh19
ENSDARG00000044404;pars2;Pars2;pars2
ENSDARG00000034313;ppp5c;Ppp5c;ppp5c
ENSDARG00000033440;metap1;Metap1;metap1
ENSDARG00000038518;snap29;Snap29;snap29
ENSDARG00000040001;fryl;Fryl;fryl
ENSDARG00000067608;zswim7;Zswim7;zswim7
ENSDARG00000024317;trap1;Trap1;trap1
ENSDARG00000042045;hmg20b;Hmg20b;hmg20b
ENSDARG00000033012;pcnt;Pcnt;pcnt
ENSDARG00000089235;tspearb;Tspear;tspearb
ENSDARG00000015918;dlat;Dlat;dlat
ENSDARG00000016484;dkc1;Dkc1;dkc1
ENSDARG00000029088;guf1;Guf1;guf1
ENSDARG00000014945;znf598;Zfp598;znf598
ENSDARG00000024954;tmed4;Tmed4;tmed4
ENSDARG00000034042;dnal1;Dnal1;dnal1
ENSDARG00000097505;dnal1;Dnal1;DNAL1
ENSDARG00000105230;fgf4;Fgf4;fgf4
ENSDARG00000091419;nrarpa;Nrarp;nrarpa
ENSDARG00000006812;wdr26b;Wdr26;wdr26b
ENSDARG00000021488;cyth1b;Cyth1;cyth1b
ENSDARG00000101914;metrnla;Metrnl;metrnl
ENSDARG00000043732;cops4;Cops4;cops4
ENSDARG00000104559;tmem63ba;Tmem63b;tmem63ba
ENSDARG00000009142;ppp1r13bb;Ppp1r13b;ppp1r13bb
ENSDARG00000043643;ehbp1;Ehbp1;ehbp1
ENSDARG00000042825;rnf169;Rnf169;rnf169
ENSDARG00000020332;nkx2.9;Nkx2-9;nkx2.9
ENSDARG00000015128;rpl27;Rpl27;rpl27
ENSDARG00000019144;rab4a;Rab4a;rab4a
ENSDARG00000038870;slu7;Slu7;slu7
ENSDARG00000077291;rps2;Rps2;rps2
ENSDARG00000040910;ildr1b;Ildr1;ildr1b
ENSDARG00000059746;plod1a;Plod1;plod1a
ENSDARG00000063624;gfm1;Gfm1;gfm1
ENSDARG00000076223;zgc:92744;Serp1;SERP1
ENSDARG00000014024;ms4a17a.4;Ms4a15;ms4a17a.4
ENSDARG00000059437;fktn;Fktn;fktn
ENSDARG00000103276;fcer1g;Fcer1g;fcer1g
ENSDARG00000003750;pfas;Pfas;pfas
ENSDARG00000100908;lcor;Lcor;lcor
ENSDARG00000052462;pisd;Pisd;pisd
ENSDARG00000044093;rpl13a;Rpl13a;rpl13a
ENSDARG00000052624;spryd7a;Spryd7;spryd7a
ENSDARG00000024561;nolc1;Nolc1;nolc1
ENSDARG00000054251;slc66a3;Slc66a3;pqlc3
ENSDARG00000039263;zbtb48;Zbtb48;zbtb48
ENSDARG00000103155;ext1a;Ext1;ext1a
ENSDARG00000092503;arid1b;Arid1b;arid1b
ENSDARG00000100773;zmynd19;Zmynd19;zmynd19
ENSDARG00000105013;hoxa9a;Hoxa9;hoxa9a
ENSDARG00000090716;cltcb;Cltc;cltcb
ENSDARG00000002933;gbx2;Gbx2;gbx2
ENSDARG00000100119;caskb;Cask;caskb
ENSDARG00000034933;chchd3b;Chchd3;chchd3b
ENSDARG00000039989;snrnp48;Snrnp48;snrnp48
ENSDARG00000041951;selenoo1;Selenoo;selo
ENSDARG00000090223;msl1b;Msl1;msl1b
ENSDARG00000040526;s1pr5a;S1pr5;s1pr5a
ENSDARG00000061737;ece1;Ece1;ece1
ENSDARG00000062612;dhx37;Dhx37;dhx37
ENSDARG00000098540;zc3h7ba;Zc3h7b;ENSDARG00000098540
ENSDARG00000040334;mat2aa;Mat2a;mat2aa
ENSDARG00000039649;mtif3;Mtif3;mtif3
ENSDARG00000044267;sumo1;Sumo1;sumo1
ENSDARG00000012777;nucks1b;Nucks1;nucks1b
ENSDARG00000057929;naf1;Naf1;naf1
ENSDARG00000056680;stc2a;Stc2;stc2a
ENSDARG00000032129;gtf2f1;Gtf2f1;gtf2f1
ENSDARG00000033320;sar1ab;Sar1a;sar1ab
ENSDARG00000062834;ecsit;Ecsit;ecsit
ENSDARG00000036549;agpat3;Agpat3;agpat3
ENSDARG00000073841;herc2;Herc2;herc2
ENSDARG00000101036;traf2b;Traf2;traf2b
ENSDARG00000043236;ccna1;Ccna1;ccna1
ENSDARG00000074995;eif2b5;Eif2b5;eif2b5
ENSDARG00000056932;tfip11;Tfip11;tfip11
ENSDARG00000016177;eif4enif1;Eif4enif1;eif4enif1
ENSDARG00000061916;tmem51b;Tmem51;tmem51b
ENSDARG00000040513;zgc:92313;Prss32;zgc:92313
ENSDARG00000096229;hrob;Hrob;si:dkey-260c8.8
ENSDARG00000014068;pgam1b;Pgam1;pgam1b
ENSDARG00000040510;ca15b;Car15;ca15b
ENSDARG00000062864;gk5;Gk5;gk5
ENSDARG00000053152;pcmtd1;Pcmtd1;pcmtd1
ENSDARG00000068187;spg7;Spg7;spg7
ENSDARG00000102366;micall2a;Micall2;micall2a
ENSDARG00000078822;ccdc18;Ccdc18;CCDC18
ENSDARG00000042821;agps;Agps;agps
ENSDARG00000019746;rfng;Rfng;rfng
ENSDARG00000086112;si:ch211-266i6.3;Ckap2;si:ch211-266i6.3
ENSDARG00000045888;acat1;Acat1;acat1
ENSDARG00000045540;ppp6r2a;Ppp6r2;ppp6r2a
ENSDARG00000099642;dcun1d1;Dcun1d1;dcun1d1
ENSDARG00000041394;dnajb1b;Dnajb1;dnajb1b
ENSDARG00000101413;dusp7;Dusp7;dusp7
ENSDARG00000043179;bag4;Bag4;bag4
ENSDARG00000075113;nanog;Nanog;nanog
ENSDARG00000059362;cavin1b;Cavin1;cavin1b
ENSDARG00000055383;hapstr1a;Hapstr1;zgc:66160
ENSDARG00000014994;tbp;Tbp;tbp
ENSDARG00000043361;nck2b;Nck2;nck2b
ENSDARG00000056165;si:ch211-215a10.4;2310061I04Rik;si:ch211-215a10.4
ENSDARG00000007813;rnpepl1;Rnpepl1;rnpepl1
ENSDARG00000103057;zfhx3b;Zfhx3;zfhx3
ENSDARG00000099972;nup153;Nup153;nup153
ENSDARG00000040695;fkbp14;Fkbp14;fkbp14
ENSDARG00000059651;cidec;Cidec;cidec
ENSDARG00000039406;prom2;Prom2;prom2
ENSDARG00000099865;hnrnpabb;Hnrnpab;hnrnpabb
ENSDARG00000034700;vegfab;Vegfa;vegfab
ENSDARG00000054777;rimoc1;Rimoc1;si:dkey-46a10.3
ENSDARG00000087625;olfm4.2;Olfm5;ENSDARG00000087625
ENSDARG00000077691;slc13a5a;Slc13a5;slc13a5a
ENSDARG00000036482;hexim1;Hexim1;hexim1
ENSDARG00000058297;timm13;Timm13;timm13
ENSDARG00000061908;mfsd12a;Mfsd12;mfsd12a
ENSDARG00000102094;c1s.2;C1ra;wu:fd46c06
ENSDARG00000094557;nupr1b;Nupr1;nupr1
ENSDARG00000044528;slc15a1b;Slc15a1;slc15a1b
ENSDARG00000027159;fbxo28;Fbxo28;fbxo28
ENSDARG00000014572;chpt1;Chpt1;chpt1
ENSDARG00000040815;tsku;Tsku;tsku
ENSDARG00000035535;rasa1a;Rasa1;rasa1a
ENSDARG00000079369;sgpp1a;Sgpp1;ENSDARG00000079369
ENSDARG00000070214;slc41a1;Slc41a1;slc41a1
ENSDARG00000008491;si:ch211-107o10.3;Rdh13;ENSDARG00000008491
ENSDARG00000057498;habp2;Habp2;habp2
ENSDARG00000069244;si:ch211-244b2.3;Zc3hav1;si:ch211-244b2.3
ENSDARG00000034643;fhl3a;Fhl3;fhl3a
ENSDARG00000040799;sst1.1;Sst;sst1.1
ENSDARG00000022183;gsto1;Gsto1;gsto1
ENSDARG00000099728;zgc:56622;Akr1c19;zgc:56622
ENSDARG00000100075;abcg2a;Abcg2;abcg2a
ENSDARG00000071355;ifi44f4;Ifi44l;si:ch211-197g15.7
ENSDARG00000032116;cnot7;Cnot7;cnot7
ENSDARG00000062082;hipk3b;Hipk3;hipk3b
ENSDARG00000074809;zgc:194392;C130074G19Rik;zgc:194392
ENSDARG00000045506;gramd4b;Gramd4;gramd4b
ENSDARG00000024815;ogfr2;Ogfr;ogfrl2
ENSDARG00000035870;laptm4b;Laptm4b;laptm4b
ENSDARG00000095673;ifi44a6;Ifi44l;si:dkey-79f11.8
ENSDARG00000102412;eci2;Eci3;eci2
ENSDARG00000074270;si:ch211-214e3.5;Zfp518a;si:ch211-214e3.5
ENSDARG00000052351;si:dkey-156n14.3;Zxdc;si:dkey-156n14.3
ENSDARG00000071413;mier2;Mier2;mier2
ENSDARG00000060397;hhip;Hhip;hhip
ENSDARG00000095241;mybl2a;Mybl2;mybl2a
ENSDARG00000052190;fdx2;Fdx2;fdx1l
ENSDARG00000051914;slc14a2;Slc14a2;slc14a2
ENSDARG00000008542;yod1;Yod1;yod1
ENSDARG00000074779;alms1;Alms1;alms1
ENSDARG00000105134;zdhhc24;Zdhhc24;zdhhc24
ENSDARG00000026799;suv39h1a;Suv39h1;suv39h1a
ENSDARG00000062897;tnksb;Tnks;tnksb
ENSDARG00000011299;blzf1;Blzf1;blzf1
ENSDARG00000076779;fam13b;Fam13b;fam13b
ENSDARG00000041391;tmed10;Tmed10;tmed10
ENSDARG00000008740;esf1;Esf1;esf1
ENSDARG00000026540;ppp4r2a;Ppp4r2;ppp4r2a
ENSDARG00000038615;pip4p1a;Pip4p1;tmem55ba
ENSDARG00000076238;gramd1c;Gramd1c;gramd1c
ENSDARG00000104907;ing2;Ing2;ing2
ENSDARG00000079452;rbm46;Rbm46;rbm46
ENSDARG00000100715;tlk1b;Tlk1;tlk1b
ENSDARG00000076988;znf839;Zfp839;znf839
ENSDARG00000055889;rbm12ba;Rbm12b1;zgc:153215
ENSDARG00000075673;arhgap21b;Arhgap21;arhgap21b
ENSDARG00000071774;eef1e1;Eef1e1;eef1e1
ENSDARG00000091079;malsu1;Malsu1;ENSDARG00000091079
ENSDARG00000074023;rbms1a;Rbms1;rbms1a
ENSDARG00000076529;mn1a;Mn1;mn1a
ENSDARG00000094426;her4.2;Hes5;her4.2
ENSDARG00000042128;pacsin1b;Pacsin1;pacsin1b
ENSDARG00000078686;arl8a;Arl8a;arl8a
ENSDARG00000062266;edc4;Edc4;edc4
ENSDARG00000060192;rpusd1;Rpusd1;rpusd1
ENSDARG00000077468;si:ch73-206p6.1;Plscr2;si:ch73-206p6.1
ENSDARG00000074686;oga;Oga;mgea5
ENSDARG00000044565;ola1;Ola1;ola1
ENSDARG00000070939;znf740a;Zfp740;znf740a
ENSDARG00000001241;puf60b;Puf60;puf60b
ENSDARG00000077409;cby1;Cby1;cby1
ENSDARG00000053365;rpl31;Rpl31;rpl31
ENSDARG00000003869;decr1;Decr1;decr1
ENSDARG00000023117;gopc;Gopc;gopc
ENSDARG00000071425;nat9;Nat9;nat9
ENSDARG00000055753;suv39h1b;Suv39h1;suv39h1b
ENSDARG00000031198;hmg20a;Hmg20a;hmg20a
ENSDARG00000100455;pnkp;Pnkp;pnkp
ENSDARG00000034146;ccnk;Ccnk;ccnk
ENSDARG00000045075;tmem106a;Tmem106a;tmem106a
ENSDARG00000059944;c1qtnf2;C1qtnf2;c1qtnf2
ENSDARG00000054906;ier5l;Ier5l;ier5l
ENSDARG00000053138;lrrc47;Lrrc47;lrrc47
ENSDARG00000045641;usp3;Usp3;usp3
ENSDARG00000063563;creb3l2;Creb3l2;creb3l2
ENSDARG00000000241;slc40a1;Slc40a1;slc40a1
ENSDARG00000070677;fezf2;Fezf2;fezf2
ENSDARG00000100940;nr5a2;Nr5a2;nr5a2
ENSDARG00000103176;nr5a1a;Nr5a1;nr5a1a
ENSDARG00000023362;nr5a1b;Nr5a1;nr5a1b
ENSDARG00000101471;fgd4a;Fgd4;fgd4a
ENSDARG00000088801;fgd5a;Fgd5;fgd5a
ENSDARG00000017542;fgf1a;Fgf1;fgf1a
ENSDARG00000069662;fgf11a;Fgf11;fgf11a
ENSDARG00000027957;fgf12a;Fgf12;fgf12a
ENSDARG00000035056;fgf13a;Fgf13;fgf13a
ENSDARG00000056633;fgf13b;Fgf13;fgf13b
ENSDARG00000039615;fgf8b;Fgf8;fgf8b
ENSDARG00000102778;fgf17;Fgf17;fgf17
ENSDARG00000088048;fgf18a;Fgf18;fgf18a
ENSDARG00000043962;fgf18b;Fgf18;fgf18b
ENSDARG00000100475;fgf10b;Fgf10;fgf10b
ENSDARG00000009351;fgf6a;Fgf6;fgf6a
ENSDARG00000091660;fgfbp1b;Fgfbp1;fgfbp1b
ENSDARG00000003058;cep43;Cep43;fgfr1op
ENSDARG00000032617;fgfrl1a;Fgfrl1;fgfrl1a
ENSDARG00000105380;fgl1;Fgl1;fgl1
ENSDARG00000019861;fgl2a;Fgl2;fgl2a
ENSDARG00000027143;aptx;Aptx;aptx
ENSDARG00000071498;fhl1a;Fhl1;fhl1a
ENSDARG00000006747;tmem178bb;Tmem178b;tmem178b
ENSDARG00000015343;pgd;Pgd;pgd
ENSDARG00000006395;rbm25b;Rbm25;rbm25b
ENSDARG00000087187;grip2a;Grip2;grip2a
ENSDARG00000014680;znf710a;Zfp710;znf710a
ENSDARG00000034956;myclb;Mycl;myclb
ENSDARG00000069758;rbm44;Rbm44;si:dkey-189g17.2
ENSDARG00000078546;cars2;Cars2;cars2
ENSDARG00000058461;ice1;Ice1;ice1
ENSDARG00000099900;twnk;Twnk;peo1
ENSDARG00000010823;memo1;Memo1;memo1
ENSDARG00000076673;dspb;Dsp;ENSDARG00000076673
ENSDARG00000074289;tuba4l;Tubal3;tuba4l
ENSDARG00000077769;cited1;Cited1;cited1
ENSDARG00000045574;lrmp;Irag2;lrmp
ENSDARG00000010052;ndrg3b;Ndrg3;ndrg3b
ENSDARG00000052011;rrad;Rrad;rrad
ENSDARG00000071691;uqcrc2b;Uqcrc2;uqcrc2b
ENSDARG00000060112;sybu;Sybu;sybu
ENSDARG00000104173;tufm;Tufm;tufm
ENSDARG00000035985;fam210aa;Fam210a;fam210aa
ENSDARG00000015709;hsd17b12a;Hsd17b12;hsd17b12a
ENSDARG00000070553;rnmt;Rnmt;rnmt
ENSDARG00000055838;mettl16;Mettl16;mettl16
ENSDARG00000021584;cntn5;Cntn5;cntn5
ENSDARG00000033707;jade1;Jade1;jade1
ENSDARG00000043566;nepro;Nepro;nepro
ENSDARG00000074384;slc12a8;Slc12a8;slc12a8
ENSDARG00000096428;wiza;Wiz;si:dkey-217d24.6
ENSDARG00000088581;f10;F10;f10
ENSDARG00000023814;dyrk1ab;Dyrk1a;dyrk1ab
ENSDARG00000012656;atf6;Atf6;atf6
ENSDARG00000013946;ivns1abpb;Ivns1abp;ivns1abpb
ENSDARG00000103522;si:zfos-943e10.1;Gramd2b;si:zfos-943e10.1
ENSDARG00000011602;cracd;Cracd;si:dkeyp-117h8.2
ENSDARG00000069615;ckmt2a;Ckmt2;ckmt2a
ENSDARG00000016733;psat1;Psat1;psat1
ENSDARG00000040990;usp37;Usp37;usp37
ENSDARG00000069956;pdlim2;Pdlim2;pdlim2
ENSDARG00000007943;gabpb2a;Gabpb2;gabpb2a
ENSDARG00000028058;traf6;Traf6;traf6
ENSDARG00000095086;cfdp1;Cfdp1;cfdp1
ENSDARG00000077300;usp42;Usp42;usp42
ENSDARG00000078825;bub1ba;Bub1b;bub1ba
ENSDARG00000052419;ankrd12;Ankrd12;ankrd12
ENSDARG00000014966;ccdc82;Ccdc82;ccdc82
ENSDARG00000031770;kat7b;Kat7;kat7b
ENSDARG00000027749;hirip3;Hirip3;hirip3
ENSDARG00000018107;rab3da;Rab3d;rab3da
ENSDARG00000040156;grm4;Grm4;grm4
ENSDARG00000062045;il1rapl1a;Il1rapl1;il1rapl1a
ENSDARG00000021539;ephb2b;Ephb2;ephb2b
ENSDARG00000067673;snapc4;Snapc4;snapc4
ENSDARG00000040683;mep1bb;Mep1b;ENSDARG00000040683
ENSDARG00000102245;tk1;Tk1;tk1
ENSDARG00000017834;micall2b;Micall2;micall2b
ENSDARG00000041429;ints14;Ints14;vwa9
ENSDARG00000006385;triobpb;Triobp;triobpb
ENSDARG00000067966;fem1a;Fem1al;fem1a
ENSDARG00000068640;rsf1b.1;Rsf1;rsf1b.1
ENSDARG00000002597;pabpc1l;Pabpc1l;pabpc1l
ENSDARG00000017427;phf20l1;Phf20l1;phf20l1
ENSDARG00000061017;spns2;Spns2;spns2
ENSDARG00000027169;kpna7;Kpna7;kpna7
ENSDARG00000062302;znf652;Zfp652;znf652
ENSDARG00000098972;mrps16;Mrps16;mrps16
ENSDARG00000017294;gnai2b;Gnai2;gnai2b
ENSDARG00000078459;cux1a;Cux1;cux1a
ENSDARG00000076002;osbpl5;Osbpl5;osbpl5
ENSDARG00000021806;zfp36l2;Zfp36l2;zfp36l2
ENSDARG00000101144;zdhhc13;Zdhhc13;zdhhc13
ENSDARG00000043555;tmem30ab;Tmem30a;tmem30ab
ENSDARG00000062374;leng9;Leng9;leng9
ENSDARG00000104244;twsg1a;Twsg1;twsg1a
ENSDARG00000021975;ginm1;Ginm1;ginm1
ENSDARG00000060796;slc20a2;Slc20a2;slc20a2
ENSDARG00000041217;xpo6;Xpo6;xpo6
ENSDARG00000070358;smim12;Smim12;smim12
ENSDARG00000075468;vwa1;Vwa1;vwa1
ENSDARG00000058818;rbm38;Rbm38;rbm38
ENSDARG00000025766;dtx3;Dtx3;ENSDARG00000025766
ENSDARG00000102802;brdt;Brdt;brdt
ENSDARG00000001447;mier1b;Mier1;mier1b
ENSDARG00000026736;il11ra;Il11ra2;il11ra
ENSDARG00000014582;exoc3;Exoc3;exoc3
ENSDARG00000061311;znf438;Zfp438;znf438
ENSDARG00000069006;tle3b;Tle3;tle3b
ENSDARG00000089802;akap1a;Akap1;akap1a
ENSDARG00000018961;gtpbp4;Gtpbp4;gtpbp4
ENSDARG00000097591;proser3;Proser3;proser3
ENSDARG00000025808;taf5l;Taf5l;taf5l
ENSDARG00000036994;tbc1d16;Tbc1d16;tbc1d16
ENSDARG00000076839;ftr86;Trim47;ftr86
ENSDARG00000100494;pbx1a;Pbx1;pbx1a
ENSDARG00000001898;manea;Manea;manea
ENSDARG00000002994;itpkca;Itpkc;itpkca
ENSDARG00000023176;tdo2b;Tdo2;tdo2b
ENSDARG00000076962;gdpd5b;Gdpd5;gdpd5b
ENSDARG00000030368;naa15b;Naa15;naa15b
ENSDARG00000076312;myot;Myot;myot
ENSDARG00000018956;tmem39b;Tmem39b;tmem39b
ENSDARG00000099412;bcan;Bcan;bcan
ENSDARG00000055300;atxn7l2a;Atxn7l2;atxn7l2a
ENSDARG00000052565;cenpi;Cenpi;cenpi
ENSDARG00000070040;zgc:162344;AW554918;zgc:162344
ENSDARG00000007179;sash1a;Sash1;sash1a
ENSDARG00000017708;lrrc40;Lrrc40;lrrc40
ENSDARG00000055743;ankrd54;Ankrd54;ankrd54
ENSDARG00000042116;trim35-40;Trim35;trim35-40
ENSDARG00000055757;tmem9;Tmem9;tmem9
ENSDARG00000002184;igbp1;Igbp1b;igbp1
ENSDARG00000035607;ankle2;Ankle2;ankle2
ENSDARG00000043009;fam43a;Fam43a;fam43a
ENSDARG00000011373;mknk2a;Mknk2;mknk2a
ENSDARG00000070981;ash1l;Ash1l;ash1l
ENSDARG00000015176;ror1;Ror1;ror1
ENSDARG00000020960;hgs;Hgs;hgs
ENSDARG00000036776;aldh8a1;Aldh8a1;aldh8a1
ENSDARG00000037491;bmp15;Bmp15;bmp15
ENSDARG00000056515;spsb1;Spsb1;spsb1
ENSDARG00000007244;acp2;Acp2;acp2
ENSDARG00000006617;napga;Napg;napga
ENSDARG00000038300;rnf34a;Rnf34;rnf34a
ENSDARG00000005246;asb3;Asb3;asb3
ENSDARG00000036162;hnrnpa0b;Hnrnpa0;hnrnpa0b
ENSDARG00000044304;prrc1;Prrc1;prrc1
ENSDARG00000052423;ppp1r12c;Ppp1r12c;ppp1r12c
ENSDARG00000003167;mlst8;Mlst8;mlst8
ENSDARG00000035309;entpd3;Entpd3;entpd3
ENSDARG00000069866;sox1a;Sox1;sox1a
ENSDARG00000008852;elp4;Elp4;elp4
ENSDARG00000009837;agk;Agk;agk
ENSDARG00000101024;nufip1;Nufip1;nufip1
ENSDARG00000035438;myhc4;Myh2;myhc4
ENSDARG00000071570;ccdc71;Ccdc71;si:dkeyp-87e7.4
ENSDARG00000103388;znf609a;Zfp609;znf609a
ENSDARG00000016290;clca1;Clca4b;clca1
ENSDARG00000062269;fan1;Fan1;fan1
ENSDARG00000045289;gpr137c;Gpr137c;gpr137c
ENSDARG00000019345;mark3a;Mark3;mark3a
ENSDARG00000101341;fam174c;Fam174c;si:ch211-262i1.6
ENSDARG00000101361;znf644a;Zfp644;znf644a
ENSDARG00000074424;ibtk;Ibtk;ibtk
ENSDARG00000008805;orc3;Orc3;orc3
ENSDARG00000005002;brf1b;Brf1;brf1b
ENSDARG00000089791;slc25a32a;Slc25a32;slc25a32a
ENSDARG00000058260;cip2a;Cip2a;zgc:174160
ENSDARG00000000183;ptpn4b;Ptpn4;ptpn4b
ENSDARG00000077299;yars2;Yars2;yars2
ENSDARG00000069595;prr36a;Prr36;si:ch211-214c7.4
ENSDARG00000099692;ccnyl1;Ccnyl1;ccnyl1
ENSDARG00000100420;tpcn2;Tpcn2;tpcn2
ENSDARG00000089181;adad1;Adad1;adad1
ENSDARG00000070470;sh3rf1;Sh3rf1;sh3rf1
ENSDARG00000100024;hist1h2a6;H2ac18;HIST2H2AB
ENSDARG00000070098;lcorl;Lcorl;lcorl
ENSDARG00000079508;fam114a2;Fam114a2;fam114a2
ENSDARG00000007413;arid2;Arid2;arid2
ENSDARG00000044090;zmpste24;Zmpste24;zmpste24
ENSDARG00000009557;wrap73;Wrap73;wrap73
ENSDARG00000105034;zdhhc18b;Zdhhc18;zdhhc18b
ENSDARG00000005948;ankmy2a;Ankmy2;ankmy2a
ENSDARG00000007955;iars1;Iars1;iars
ENSDARG00000037393;slc43a1a;Slc43a1;slc43a1a
ENSDARG00000006025;tp53i11b;Trp53i11;tp53i11b
ENSDARG00000006666;bud13;Bud13;ENSDARG00000006666
ENSDARG00000075107;nkx2.4a;Nkx2-4;nkx2.4a
ENSDARG00000008200;ugp2b;Ugp2;ugp2b
ENSDARG00000017049;adsl;Adsl;adsl
ENSDARG00000102832;baz1b;Baz1b;baz1b
ENSDARG00000103720;zgc:162730;Zfp36;zgc:162730
ENSDARG00000059960;plch2a;Plch2;plch2a
ENSDARG00000044182;stau1;Stau1;stau1
ENSDARG00000025226;znf668;Zfp668;znf668
ENSDARG00000016117;exd2;Exd2;exd2
ENSDARG00000017525;ccnt1;Ccnt1;ccnt1
ENSDARG00000061411;nelfa;Nelfa;nelfa
ENSDARG00000045513;taf3;Taf3;taf3
ENSDARG00000062479;vcam1b;Vcam1;vcam1b
ENSDARG00000014292;med15;Med15;med15
ENSDARG00000103200;gpr107;Gpr107;gpr107
ENSDARG00000091512;nfrkb;Nfrkb;nfrkb
ENSDARG00000025233;lipt1;Lipt1;lipt1
ENSDARG00000079717;rbm12bb;Rbm12b1;rbm12b
ENSDARG00000035859;angptl4;Angptl4;angptl4
ENSDARG00000060393;fibcd1b;Fibcd1;fibcd1
ENSDARG00000016058;fibpa;Fibp;fibpa
ENSDARG00000087666;fibpb;Fibp;fibpb
ENSDARG00000087166;figla;Figla;figla
ENSDARG00000056624;vegfd;Vegfd;figf
ENSDARG00000078419;filip1a;Filip1;filip1a
ENSDARG00000099088;edar;Edar;edar
ENSDARG00000070431;fip1l1b;Fip1l1;fip1l1b
ENSDARG00000056464;fitm1l;Fitm1;fitm1
ENSDARG00000013880;spata20;Spata20;spata20
ENSDARG00000015862;rpl5b;Rpl5;rpl5b
ENSDARG00000022684;fkbp1aa;Fkbp1a;fkbp1aa
ENSDARG00000059287;mak;Mak;mak
ENSDARG00000031202;alg11;Alg11;alg11
ENSDARG00000042816;mmp9;Mmp9;mmp9
ENSDARG00000017772;mdh1aa;Mdh1;mdh1aa
ENSDARG00000069968;pcsk7;Pcsk7;pcsk7
ENSDARG00000008829;chga;Chga;chga
ENSDARG00000068996;hist2h2l;H2bc15;hist2h2l
ENSDARG00000044521;eef1b2;Zdbf2;eef1b2
ENSDARG00000052515;calcoco2;Calcoco2;calcoco2
ENSDARG00000026582;iscub;Iscu;iscub
ENSDARG00000052905;zgc:165423;Prss36;zgc:165423
ENSDARG00000055290;mpeg1.1;Pfpl;mpeg1.1
ENSDARG00000025428;socs3a;Socs3;socs3a
ENSDARG00000009607;ccnc;Ccnc;ccnc
ENSDARG00000068587;rabggtb;Rabggtb;rabggtb
ENSDARG00000025081;grnb;Grn;grnb
ENSDARG00000075545;si:dkey-89b17.4;Zfp646;si:dkey-89b17.4
ENSDARG00000074217;ifi27.3;Ifi27;si:dkey-188i13.6
ENSDARG00000101679;cfap52;Cfap52;cfap52
ENSDARG00000005481;nfkbiaa;Nfkbia;nfkbiaa
ENSDARG00000079110;cluap1;Cluap1;cluap1
ENSDARG00000028896;plpp2b;Plpp2;plpp2b
ENSDARG00000056913;pcolcea;Pcolce;pcolcea
ENSDARG00000052833;zfand3;Zfand3;zfand3
ENSDARG00000097456;coa3b;Coa3;coa3b
ENSDARG00000003961;parp3;Parp3;parp3
ENSDARG00000045542;lamtor4;Lamtor4;lamtor4
ENSDARG00000076847;tnrc6c1;Tnrc6c;tnrc6c1
ENSDARG00000017741;g3bp1;G3bp1;g3bp1
ENSDARG00000043446;efhd1;Efhd1;efhd1
ENSDARG00000042396;cimap1b;Cimap1a;trim35-30
ENSDARG00000074552;ndufs7;Ndufs7;ndufs7
ENSDARG00000052494;pcdh18b;Pcdh18;pcdh18b
ENSDARG00000058605;vsig10;Vsig10;vsig10
ENSDARG00000041728;man1a2;Man1a2;man1a2
ENSDARG00000031757;tmc4;Tmc7;tmc4
ENSDARG00000002037;pfkfb2b;Pfkfb2;pfkfb2b
ENSDARG00000078114;si:ch73-237c6.1;Cfp;cfp
ENSDARG00000102471;trak2;Trak2;trak2
ENSDARG00000098477;tec;Tec;tec
ENSDARG00000055192;zgc:136930;Krt83;zgc:136930
ENSDARG00000079281;tesk1b;Tesk1;ENSDARG00000079281
ENSDARG00000089043;ptpn6;Ptpn6;ptpn6
ENSDARG00000069295;bcl6ab;Bcl6;bcl6ab
ENSDARG00000021688;mxa;Mx2;mxa
ENSDARG00000005754;ptprfb;Ptprf;ptprfb
ENSDARG00000021163;thrb;Thrb;thrb
ENSDARG00000041600;wdr83;Wdr83;wdr83
ENSDARG00000104439;cldnd1a;Cldnd1;cldnd1a
ENSDARG00000002644;rgs5a;Rgs5;rgs5a
ENSDARG00000104413;rogdi;Rogdi;rogdi
ENSDARG00000042845;oxt;Oxt;oxt
ENSDARG00000016301;zgc:65894;Tubb4a;zgc:65894
ENSDARG00000015757;tmem50a;Tmem50a;tmem50a
ENSDARG00000016138;nme6;Nme6;nme6
ENSDARG00000061216;hexd;Hexd;hexdc
ENSDARG00000017037;ikbkg;Ikbkg;ikbkg
ENSDARG00000019185;slain1a;Slain1;slain1a
ENSDARG00000057021;vps36;Vps36;vps36
ENSDARG00000078604;tbc1d10b;Tbc1d10b;tbc1d10b
ENSDARG00000061909;si:ch73-233f7.1;Pcdhac1;si:ch73-233f7.1
ENSDARG00000060238;uacab;Uaca;uacab
ENSDARG00000099122;naa38;Naa38;naa38
ENSDARG00000007804;gas6;Gas6;gas6
ENSDARG00000099965;si:ch211-154o6.4;Pianp;FP085428.1
ENSDARG00000030832;otofa;Otof;otofa
ENSDARG00000038306;tsc22d1;Tsc22d1;tsc22d1
ENSDARG00000034753;tspan3a;Tspan3;tspan3a
ENSDARG00000059961;chpf2;Chpf2;chpf2
ENSDARG00000039650;itm2cb;Itm2c;itm2cb
ENSDARG00000005085;ggctb;Ggct;ggctb
ENSDARG00000004702;irf2bp2a;Irf2bp2;irf2bp2a
ENSDARG00000102878;mapre3b;Mapre3;mapre3b
ENSDARG00000059244;arfip2a;Arfip2;arfip2a
ENSDARG00000017338;kidins220b;Kidins220;kidins220b
ENSDARG00000101458;r3hdm1;R3hdm1;r3hdm1
ENSDARG00000099812;prrt4b;Prrt4;si:dkey-31f5.11
ENSDARG00000059059;emsy;Emsy;emsy
ENSDARG00000031307;zic4;Zic4;zic4
ENSDARG00000091127;klf15;Klf15;klf15
ENSDARG00000020679;clpp;Clpp;clpp
ENSDARG00000076978;pmchl;Pmch;pmchl
ENSDARG00000036571;sema3e;Sema3e;sema3e
ENSDARG00000013843;septin5a;Septin5;sept5a
ENSDARG00000033655;stmn1b;Stmn1;stmn1b
ENSDARG00000045150;csnk1e;Csnk1e;csnk1e
ENSDARG00000087798;pdyn;Pdyn;pdyn
ENSDARG00000056156;npdc1b;Npdc1;npdc1b
ENSDARG00000045846;osgep;Osgep;osgep
ENSDARG00000018602;rab5aa;Rab5a;rab5aa
ENSDARG00000026796;grm1a;Grm1;grm1a
ENSDARG00000101010;hpdl;Hpdl;hpdl
ENSDARG00000007753;cpne2;Cpne2;cpne2
ENSDARG00000034616;mlf2;Mlf2;mlf2
ENSDARG00000013000;ppfia2;Ppfia2;ppfia2
ENSDARG00000017982;cyp39a1;Cyp39a1;cyp39a1
ENSDARG00000089877;nicol1;Nicol1;si:dkeyp-75h12.5
ENSDARG00000043307;srd5a3;Srd5a3;srd5a3
ENSDARG00000005840;got2b;Got2;got2b
ENSDARG00000070284;sft2d3;Sft2d3;sft2d3
ENSDARG00000075100;neo1b;Neo1;neo1b
ENSDARG00000037932;lin7b;Lin7b;lin7b
ENSDARG00000104436;tubb4bl;Tubb4a;zgc:153426
ENSDARG00000041546;gypc;Gypc;gypc
ENSDARG00000101081;ptprub;Ptpru;ptprub
ENSDARG00000054542;il12bb;Il12b;il12bb
ENSDARG00000101295;psmd4a;Psmd4;psmd4a
ENSDARG00000069734;hbba2;Hbb-b2;hbba2
ENSDARG00000036645;rcbtb1;Rcbtb1;rcbtb1
ENSDARG00000007250;use1;Use1;use1
ENSDARG00000034503;per2;Per2;per2
ENSDARG00000006389;smad2;Smad2;smad2
ENSDARG00000094590;c2cd5;C2cd5;c2cd5
ENSDARG00000045944;slc6a1a;Slc6a1;slc6a1a
ENSDARG00000001994;stxbp1a;Stxbp1;stxbp1a
ENSDARG00000025309;dpf3;Dpf3;dpf3
ENSDARG00000089549;baalcb;Baalc;ENSDARG00000089549
ENSDARG00000003020;lrrc4.2;Lrrc4;lrrc4.2
ENSDARG00000060481;atl1;Atl1;atl1
ENSDARG00000075768;sdhb;Sdhb;sdhb
ENSDARG00000079738;znf219;Zfp219;znf219
ENSDARG00000097648;si:dkey-35i13.1;AI593442;si:dkey-35i13.1
ENSDARG00000004988;ppp3ca;Ppp3ca;ppp3ca
ENSDARG00000059368;gria4b;Gria4;gria4b
ENSDARG00000089787;crebzf;Crebzf;crebzf
ENSDARG00000056005;dnajc18;Dnajc18;dnajc18
ENSDARG00000103606;ndst1b;Ndst1;ndst1b
ENSDARG00000036630;plp2b;Plp2;plp2
ENSDARG00000062797;nell2b;Nell2;nell2b
ENSDARG00000099888;snn;Snn;snn
ENSDARG00000026247;insyn1;Insyn1;si:dkey-105e17.1
ENSDARG00000013965;cul2;Cul2;cul2
ENSDARG00000039123;trim9;Trim9;trim9
ENSDARG00000009851;wdr41;Wdr41;wdr41
ENSDARG00000073707;cnksr2b;Cnksr2;cnksr2b
ENSDARG00000003531;tcea1;Tcea1;tcea1
ENSDARG00000101619;micos10;Micos10;minos1
ENSDARG00000016854;neurod2;Neurod2;neurod2
ENSDARG00000099961;bnip3;Bnip3;bnip3
ENSDARG00000068596;cnot11;Cnot11;cnot11
ENSDARG00000019332;ndufb4;Ndufb4;ENSDARG00000019332
ENSDARG00000056619;arhgap42a;Arhgap42;arhgap42a
ENSDARG00000098810;vstm2b;Vstm2b;ENSDARG00000098810
ENSDARG00000070471;tarbp2;Tarbp2;tarbp2
ENSDARG00000003903;hapln2;Hapln2;hapln2
ENSDARG00000061233;abcc5;Abcc5;abcc5
ENSDARG00000039958;utp11;Utp11;utp11l
ENSDARG00000043448;itm2ca;Itm2c;itm2ca
ENSDARG00000074611;wdr37;Wdr37;wdr37
ENSDARG00000031598;calb1;Calb1;calb1
ENSDARG00000014196;myl1;Myl1;myl1
ENSDARG00000035256;eef2l2;Eef2;eef2l2
ENSDARG00000024920;tlcd5a;Tlcd5;tmem136a
ENSDARG00000043554;mrpl40;Mrpl40;mrpl40
ENSDARG00000073872;tpst1;Tpst1;tpst1
ENSDARG00000040991;cttnbp2;Cttnbp2;cttnbp2
ENSDARG00000043571;kif2a;Kif2a;KIF2A
ENSDARG00000061989;mpnd;Mpnd;mpnd
ENSDARG00000079276;ube2ql1;Ube2ql1;ube2ql1
ENSDARG00000045904;nr2e3;Nr2e3;nr2e3
ENSDARG00000004094;acsbg2;Acsbg3;acsbg2
ENSDARG00000001578;echs1;Echs1;echs1
ENSDARG00000098079;rab3gap1;Rab3gap1;rab3gap1
ENSDARG00000043673;si:dkey-174m14.3;Begain;ENSDARG00000043673
ENSDARG00000007678;ttyh3b;Ttyh3;ttyh3b
ENSDARG00000056181;ncam1a;Ncam1;ncam1a
ENSDARG00000074734;msl1a;Msl1;msl1a
ENSDARG00000026834;cdr2l;Cdr2l;cdr2l
ENSDARG00000058148;dnajc7;Dnajc7;dnajc7
ENSDARG00000033009;h3f3c;H3f3a;h3f3b.1
ENSDARG00000008141;rbl1;Rbl1;rbl1
ENSDARG00000076858;tcimb;Tcim;TCIM
ENSDARG00000100851;gphnb;Gphn;gphnb
ENSDARG00000068787;slc6a17;Slc6a17;slc6a17
ENSDARG00000003008;prkcea;Prkce;prkcea
ENSDARG00000079586;gabrb2a;Gabrb2;gabrb2
ENSDARG00000100503;sos1;Sos1;sos1
ENSDARG00000060005;mtrf1l;Mtrf1l;mtrf1l
ENSDARG00000019797;qrich1;Qrich1;qrich1
ENSDARG00000100876;sez6a;Sez6;sez6a
ENSDARG00000016858;smad7;Smad7;smad7
ENSDARG00000039563;loxl3b;Loxl3;loxl3b
ENSDARG00000004581;sel1l;Sel1l;sel1l
ENSDARG00000020699;slc9a8;Slc9a8;slc9a8
ENSDARG00000055719;ino80c;Ino80c;ino80c
ENSDARG00000026109;slc48a1b;Slc48a1;slc48a1b
ENSDARG00000103318;mrpl3;Mrpl3;mrpl3
ENSDARG00000104458;rnasekb;Rnasek;rnasekb
ENSDARG00000036394;pop7;Pop7;pop7
ENSDARG00000104470;syngr2b;Syngr2;syngr2b
ENSDARG00000043026;ttbk2b;Ttbk2;ttbk2b
ENSDARG00000062472;sin3b;Sin3b;sin3b
ENSDARG00000055524;rnf7;Rnf7;rnf7
ENSDARG00000101216;meaf6;Meaf6;meaf6
ENSDARG00000006797;nt5dc1;Nt5dc1;nt5dc1
ENSDARG00000037924;gna13b;Gna13;gna13b
ENSDARG00000039502;eef1a1a;Eef1a1;eef1a1a
ENSDARG00000017606;sys1;Sys1;sys1
ENSDARG00000058328;lsm7;Lsm7;lsm7
ENSDARG00000069168;si:dkey-73n10.1;1700017B05Rik;si:dkey-73n10.1
ENSDARG00000031136;moxd1;Moxd1;moxd1
ENSDARG00000062222;mxra8a;Mxra8;mxra8a
ENSDARG00000077842;ajuba;Ajuba;ajuba
ENSDARG00000003941;rrs1;Rrs1;rrs1
ENSDARG00000034893;rarab;Rara;rarab
ENSDARG00000045568;bcat1;Bcat1;bcat1
ENSDARG00000059722;ubac1;Ubac1;ubac1
ENSDARG00000052673;septin7b;Septin7;sept7b
ENSDARG00000076627;smg9;Smg9;smg9
ENSDARG00000045199;capn1;Capn1;ENSDARG00000045199
ENSDARG00000056027;hoxb8a;Hoxb8;hoxb8a
ENSDARG00000088290;foxj1b;Foxj1;foxj1b
ENSDARG00000073926;synrg;Synrg;synrg
ENSDARG00000090751;zc3h3;Zc3h3;zc3h3
ENSDARG00000056381;cfap97;Cfap97;cfap97
ENSDARG00000012222;nup35;Nup35;nup35
ENSDARG00000012040;rnf19a;Rnf19a;rnf19a
ENSDARG00000030583;foxk2a;Foxk2;foxk2
ENSDARG00000079985;nrip2;Nrip2;nrip2
ENSDARG00000037158;rcc1;Rcc1;rcc1
ENSDARG00000088225;stradb;Stradb;ENSDARG00000088225
ENSDARG00000071065;g6pd;G6pd2;g6pd
ENSDARG00000028976;pus3;Pus3;pus3
ENSDARG00000043323;lnx1;Lnx1;lnx1
ENSDARG00000058606;sik1;Sik1;sik1
ENSDARG00000014003;stard8;Stard8;stard8
ENSDARG00000033993;slc19a1;Slc19a1;slc19a1
ENSDARG00000006639;lnpk;Lnpk;lnpb
ENSDARG00000101308;smug1;Smug1;smug1
ENSDARG00000061579;myo1cb;Myo1c;myo1cb
ENSDARG00000017034;sqor;Sqor;sqrdl
ENSDARG00000012827;mettl3;Mettl3;mettl3
ENSDARG00000016742;rgs7bpb;Rgs7bp;rgs7bpb
ENSDARG00000040674;ctdsp1;Ctdsp1;ctdsp1
ENSDARG00000054610;coro1a;Coro1a;coro1a
ENSDARG00000055078;chac2;Chac2;chac2
ENSDARG00000062483;lyve1b;Lyve1;lyve1b
ENSDARG00000004378;yrk;Fgr;yrk
ENSDARG00000031647;stat2;Stat2;stat2
ENSDARG00000006621;pspc1;Pspc1;pspc1
ENSDARG00000068763;plcg2;Plcg2;plcg2
ENSDARG00000009018;rhbg;Rhbg;rhbg
ENSDARG00000043079;mmp23ba;Mmp23;MMP23B
ENSDARG00000078326;arhgap10;Arhgap10;arhgap10
ENSDARG00000004406;spra;Spr;spra
ENSDARG00000043973;znf292b;Zfp292;znf292b
ENSDARG00000015905;lztr1;Lztr1;lztr1
ENSDARG00000093496;si:zfos-905g2.1;Bend2;si:zfos-905g2.1
ENSDARG00000062020;gse1b;Gse1;gse1
ENSDARG00000042130;zp3a.2;Zp3;zp3a.2
ENSDARG00000074229;prr12a;Prr12;prr12a
ENSDARG00000018460;mbnl2;Mbnl2;mbnl2
ENSDARG00000077207;lzts2b;Lzts2;lzts2b
ENSDARG00000005972;ric8b;Ric8b;ric8b
ENSDARG00000020449;yipf3;Yipf3;yipf3
ENSDARG00000093182;eif2ak1;Eif2ak1;eif2ak1
ENSDARG00000077581;zzz3;Zzz3;zzz3
ENSDARG00000021378;phf21ab;Phf21a;phf21ab
ENSDARG00000098764;musk;Musk;musk
ENSDARG00000016350;cap1;Cap1;cap1
ENSDARG00000026787;aqp7;Aqp7;aqp7
ENSDARG00000078574;senp1;Senp1;ENSDARG00000078574
ENSDARG00000006604;nectin3b;Nectin3;pvrl3b
ENSDARG00000105346;zp2.2;Zp1;zp2.2
ENSDARG00000071040;smim8;Smim8;smim8
ENSDARG00000037929;strada;Strada;strada
ENSDARG00000054903;mta3;Mta3;mta3
ENSDARG00000024324;arhgap1;Arhgap1;arhgap1
ENSDARG00000055255;pitpnm3;Pitpnm3;pitpnm3
ENSDARG00000018923;fat2;Fat2;fat2
ENSDARG00000024598;homezb;Homez;homezb
ENSDARG00000077284;gdpd5a;Gdpd5;gdpd5a
ENSDARG00000019941;sgta;Sgta;sgta
ENSDARG00000098486;tollip;Tollip;tollip
ENSDARG00000024026;sdf2;Sdf2;sdf2
ENSDARG00000019596;nrd1a;Nrdc;nrd1a
ENSDARG00000030116;susd6;Susd6;susd6
ENSDARG00000063572;perp;Perp;perp
ENSDARG00000103195;dync1i2b;Dync1i2;dync1i2b
ENSDARG00000004618;stx2a;Stx2;stx2a
ENSDARG00000077618;rin3;Rin3;rin3
ENSDARG00000025549;ndufaf1;Ndufaf1;ndufaf1
ENSDARG00000071652;rrp8;Rrp8;rrp8
ENSDARG00000070702;s100v2;S100a13;s100v2
ENSDARG00000079854;scyl1;Scyl1;scyl1
ENSDARG00000003811;plxnb2a.1;Plxnb2;plxnb2a
ENSDARG00000068691;kctd4;Kctd4;kctd4
ENSDARG00000073858;pex26;Pex26;pex26
ENSDARG00000035595;ficd;Ficd;ficd
ENSDARG00000074848;smim7;Smim7;smim7
ENSDARG00000013681;shisa10.1;Shisa5;si:dkey-42i9.6
ENSDARG00000002467;rdh14b;Rdh14;rdh14b
ENSDARG00000026839;med21;Med21;med21
ENSDARG00000018425;ddx61;Ddx6;ddx61
ENSDARG00000042221;mthfd1l;Mthfd1l;mthfd1l
ENSDARG00000059267;hoxd11a;Hoxd11;hoxd11a
ENSDARG00000038543;wdr48b;Wdr48;wdr48b
ENSDARG00000054562;her15.1;Hes5;her15.1
ENSDARG00000044809;fpgs;Fpgs;fpgs
ENSDARG00000054864;aplp2;Aplp2;aplp2
ENSDARG00000058089;rprd2a;Rprd2;rprd2a
ENSDARG00000061525;slka;Slk;slka
ENSDARG00000019902;rcvrn2;Rcvrn;rcvrn2
ENSDARG00000007923;ptpn1;Ptpn1;ptpn1
ENSDARG00000089063;lactbl1a;Lactbl1;lactbl1a
ENSDARG00000044199;gnat1;Gnat1;gnat1
ENSDARG00000103849;mdh1ab;Mdh1;mdh1ab
ENSDARG00000106631;tmem63bb;Tmem63b;CABZ01072393.1
ENSDARG00000063519;plekhb1;Plekhb1;PLEKHB1
ENSDARG00000008788;camk1gb;Camk1g;camk1gb
ENSDARG00000070801;opa1;Opa1;opa1
ENSDARG00000039459;qsox1;Qsox1;qsox1
ENSDARG00000023217;crema;Crem;crema
ENSDARG00000027428;rpp30;Rpp30;rpp30
ENSDARG00000039701;emx2;Emx2;emx2
ENSDARG00000104042;b4galt4;B4galt4;b4galt4
ENSDARG00000040649;prickle1a;Prickle1;prickle1a
ENSDARG00000014556;serpinb1l3;Serpinb9h;serpinb1l3
ENSDARG00000009771;ppme1;Ppme1;ppme1
ENSDARG00000014796;wnt11;Wnt11;wnt11r
ENSDARG00000055798;heyl;Heyl;heyl
ENSDARG00000075989;arpc2;Arpc2;arpc2
ENSDARG00000016856;pon2;Pon1;pon2
ENSDARG00000029146;lrp1ab;Lrp1;lrp1ab
ENSDARG00000077069;srgn;Srgn;srgn
ENSDARG00000075556;luzp1;Luzp1;luzp1
ENSDARG00000075962;vav3b;Vav3;vav3b
ENSDARG00000020133;jdp2b;Jdp2;jdp2b
ENSDARG00000060366;slc12a9;Slc12a9;slc12a9
ENSDARG00000016307;mrpl46;Mrpl46;mrpl46
ENSDARG00000088073;fam110b;Fam110b;fam110b
ENSDARG00000002165;psme1;Psme1;psme1
ENSDARG00000076425;fbxl9;Fbxl9;lrrc29
ENSDARG00000096888;serpinb1l4;Serpinb9e;serpinb1l4
ENSDARG00000030022;nup188;Nup188;nup188
ENSDARG00000012729;hcls1;Hcls1;hcls1
ENSDARG00000038941;ppp1r1c;Ppp1r1c;ppp1r1c
ENSDARG00000017312;lmbrd2b;Lmbrd2;lmbrd2b
ENSDARG00000029783;dedd;Dedd;dedd
ENSDARG00000026183;polr2eb;Polr2e;polr2eb
ENSDARG00000045129;fkbp10b;Fkbp10;fkbp10b
ENSDARG00000008447;fkbp4;Fkbp4;fkbp4
ENSDARG00000053650;foxb1b;Foxb1;foxb1b
ENSDARG00000021032;foxd3;Foxd3;foxd3
ENSDARG00000102138;foxa1;Foxa1;foxa1
ENSDARG00000058133;foxd2;Foxd2;foxd2
ENSDARG00000042904;foxo3b;Foxo3;foxo3b
ENSDARG00000033742;nt5c1bb;Nt5c1b;nt5c1bb
ENSDARG00000104030;taf12;Taf12;taf12
ENSDARG00000028507;itgb4;Itgb4;itgb4
ENSDARG00000013711;plin3;Plin3;ENSDARG00000013711
ENSDARG00000019360;sec23b;Sec23b;sec23b
ENSDARG00000069946;itga6b;Itga6;itga6b
ENSDARG00000105863;wu:fl23c11;Il17rc;FO904970.1
ENSDARG00000041665;mkrn1;Mkrn3;mkrn1
ENSDARG00000039125;map4k5;Map4k5;map4k5
ENSDARG00000016743;angel2;Angel2;angel2
ENSDARG00000027689;pold1;Pold1;pold1
ENSDARG00000091253;smyd1b;Smyd1;smyd1b
ENSDARG00000054755;alox5ap;Alox5ap;alox5ap
ENSDARG00000021201;noto;Noto;noto
ENSDARG00000040080;fli1rs;Fli1;fli1b
ENSDARG00000020595;gnl3l;Gnl3l;gnl3l
ENSDARG00000045360;ube2wb;Ube2w;flj11011l
ENSDARG00000042563;mis18bp1;Mis18bp1;mis18bp1
ENSDARG00000018272;wdr33;Wdr33;wdr33
ENSDARG00000075380;kri1;Kri1;kri1
ENSDARG00000038847;gins3;Gins3;gins3
ENSDARG00000052567;tmem35;Tmem35a;tmem35
ENSDARG00000054583;mfsd6b;Mfsd6;mfsd6b
ENSDARG00000098224;tlcd4b;Tlcd4;tmem56b
ENSDARG00000036038;harbi1;Harbi1;harbi1
ENSDARG00000001710;flot1a;Flot1;flot1a
ENSDARG00000019371;flt1;Flt1;flt1
ENSDARG00000038957;flvcr2a;Flvcr2;flvcr2a
ENSDARG00000028118;dscamb;Dscam;dscamb
ENSDARG00000079131;atxn7l3b;Atxn7l3;si:dkeyp-118b1.2
ENSDARG00000031720;clstn1;Clstn1;clstn1
ENSDARG00000023591;nrbf2b;Nrbf2;nrbf2b
ENSDARG00000063370;sgk2a;Sgk2;sgk2a
ENSDARG00000012586;fmnl2a;Fmnl2;fmnl2a
ENSDARG00000067995;myhz1.2;Myh13;myhz1.2
ENSDARG00000067997;myhz1.3;Myh3;myhz1.3
ENSDARG00000012944;myhz2;Myh4;myhz2
ENSDARG00000095930;myha;Myh4;myha
ENSDARG00000036156;fnbp1a;Fnbp1;fnbp1a
ENSDARG00000061147;zfp64;Zfp64;zfp64
ENSDARG00000086158;ccbe1;Ccbe1;ccbe1
ENSDARG00000041572;zfpm1;Zfpm1;zfpm1
ENSDARG00000040123;zfpm2a;Zfpm2;zfpm2a
ENSDARG00000100560;zfpm2b;Zfpm2;zfpm2b
ENSDARG00000071198;cep20;Cep20;fopnl
ENSDARG00000015355;fosl1a;Fosl1;fosl1a
ENSDARG00000029179;foxd1;Foxd1;foxd1
ENSDARG00000070389;foxf2b;Foxf2;foxf2b
ENSDARG00000101919;foxj1a;Foxj1;foxj1a
ENSDARG00000042180;foxl2a;Foxl2;foxl2
ENSDARG00000086055;foxl3;Foxl3;si:dkey-7e14.3
ENSDARG00000003200;foxm1;Foxm1;foxm1
ENSDARG00000099555;foxo1a;Foxo1;foxo1a
ENSDARG00000061549;foxo1b;Foxo1;foxo1b
ENSDARG00000024619;foxo6b;Foxo6;si:ch211-206a7.2
ENSDARG00000100486;foxo6a;Foxo6;si:dkey-11f5.5
ENSDARG00000014181;foxp1b;Foxp1;foxp1b
ENSDARG00000055750;foxp3a;Foxp3;foxp3a
ENSDARG00000055395;foxq1b;Foxq1;foxq1b
ENSDARG00000030896;foxq1a;Foxq1;foxq1a
ENSDARG00000004864;foxr1;Foxr2;zgc:171734
ENSDARG00000074016;ptgfr;Ptgfr;ptgfr
ENSDARG00000010555;pdha1b;Pdha1;pdha1b
ENSDARG00000052131;gli3;Gli3;gli3
ENSDARG00000079949;supt16h;Supt16;supt16h
ENSDARG00000043898;timm10b;Timm10b;timm10b
ENSDARG00000044596;pgap2;Pgap2;pgap2
ENSDARG00000053196;mtor;Mtor;mtor
ENSDARG00000044098;egr2a;Egr2;egr2a
ENSDARG00000055229;ncs1a;Ncs1;ncs1a
ENSDARG00000028071;bmp1a;Bmp1;bmp1a
ENSDARG00000074590;wdpcp;Wdpcp;wdpcp
ENSDARG00000027807;frk;Frk;fynrk
ENSDARG00000079622;frmd5b;Frmd5;frmd5
ENSDARG00000037353;frs2b;Frs2;frs2b
ENSDARG00000053130;pcp4a;Pcp4;pcp4a
ENSDARG00000059680;fscn1a;Fscn1;fscn1a
ENSDARG00000074396;fscn2b;Fscn2;fscn2b
ENSDARG00000010841;fshb;Fshb;fshb
ENSDARG00000025275;gbgt1l1;Gbgt1;gbgt1l1
ENSDARG00000092718;gbgt1l2;Gbgt1;gbgt1l2
ENSDARG00000035555;gbgt1l3;Gbgt1;gbgt1l3
ENSDARG00000010029;spon1a;Spon1;spon1a
ENSDARG00000011785;tbx6;Tbx6;tbx6
ENSDARG00000057992;fstb;Fst;fstb
ENSDARG00000015559;fstl1a;Fstl1;fstl1a
ENSDARG00000070835;tnnc2.2;Tnnc2;tnnc2
ENSDARG00000055349;pknox2;Pknox2;pknox2
ENSDARG00000075368;mrm2;Mrm2;ftsj2
ENSDARG00000036345;cmtr2;Cmtr2;cmtr2
ENSDARG00000030830;cmtr1;Cmtr1;cmtr1
ENSDARG00000061095;stk36;Stk36;stk36
ENSDARG00000087927;nudt9;Nudt9;nudt9
ENSDARG00000035890;fuca1.1;Fuca1;fuca1.1
ENSDARG00000015449;fut8a;Fut8;fut8a
ENSDARG00000069139;grik1a;Grik1;grik1a
ENSDARG00000009209;slc9a6a;Slc9a6;slc9a6a
ENSDARG00000057741;nr1h4;Nr1h4;nr1h4
ENSDARG00000031046;nr1h5;Nr1h5;nr1h5
ENSDARG00000011370;fyna;Fyn;fyna
ENSDARG00000025319;fynb;Fyn;fynb
ENSDARG00000106062;fzd1;Fzd1;fzd1
ENSDARG00000014673;fzd9b;Fzd9;fzd9b
ENSDARG00000025420;fzd5;Fzd5;fzd5
ENSDARG00000021664;fzd3a;Fzd3;fzd3a
ENSDARG00000058692;fzd3b;Fzd3;fzd3b
ENSDARG00000045444;fzd8a;Fzd8;fzd8a
ENSDARG00000038569;fzd8b;Fzd8;fzd8b
ENSDARG00000060004;fzd7a;Fzd7;fzd7a
ENSDARG00000087968;or63b2;Or2at4;or122-2
ENSDARG00000015254;fzr1a;Fzr1;fzr1a
ENSDARG00000017084;bud31;Bud31;bud31
ENSDARG00000053326;gna11b;Gna11;gna11b
ENSDARG00000010002;gna11a;Gna11;gna11a
ENSDARG00000017108;kcna1b;Kcna1;kcna1b
ENSDARG00000086374;isg15;Isg15;isg15
ENSDARG00000071551;xrcc6;Xrcc6;xrcc6
ENSDARG00000009553;gng3;Gng3;gng3
ENSDARG00000062942;kcna1a;Kcna1;kcna1a
ENSDARG00000013721;g6pc1a.2;G6pc1;g6pca.2
ENSDARG00000014967;g6pc1b;G6pc1;g6pcb
ENSDARG00000030307;hspa12b;Hspa12b;hspa12b
ENSDARG00000086215;gpr156;Gpr156;gpr156
ENSDARG00000058736;gabra6b;Gabra6;gabra6b
ENSDARG00000035557;gabarapa;Gabarap;gabarapa
ENSDARG00000040971;zgc:92606;Gabarapl1;ENSDARG00000040971
ENSDARG00000016667;gabbr1b;Gabbr1;gabbr1b
ENSDARG00000027419;gad1b;Gad1;gad1b
ENSDARG00000015537;gad2;Gad2;gad2
ENSDARG00000104571;gadd45ab;Gadd45a;gadd45ab
ENSDARG00000043581;gadd45aa;Gadd45a;gadd45aa
ENSDARG00000013576;gadd45bb;Gadd45b;gadd45bb
ENSDARG00000019417;gadd45ga;Gadd45g;gadd45ga
ENSDARG00000062711;gal3st1a;Gal3st1;gal3st1a
ENSDARG00000104217;gpc2;Gpc2;gpc2
ENSDARG00000091377;gal;Gal;galn
ENSDARG00000042418;galnt17;Galnt17;galnt17
ENSDARG00000100889;galnt18a;Galnt18;galnt18a
ENSDARG00000059438;galnt18b;Galnt18;galnt18b
ENSDARG00000025826;gna12a;Gna12;gna12a
ENSDARG00000073765;gna13a;Gna13;gna13a
ENSDARG00000025013;gna14a;Gna14;gna14a
ENSDARG00000016364;gna15.1;Gna15;gna15.1
ENSDARG00000071416;gna15.4;Gna15;gna15.4
ENSDARG00000021647;gnai1;Gnai1;gnai1
ENSDARG00000018174;gnai2a;Gnai2;gnai2a
ENSDARG00000030644;gnai3;Gnai3;gnai3
ENSDARG00000016676;gnao1a;Gnao1;gnao1a
ENSDARG00000036058;gnao1b;Gnao1;gnao1b
ENSDARG00000045415;gnal;Gnal;gnal
ENSDARG00000011487;gnaq;Gnaq;gnaq
ENSDARG00000043094;gnas;Gnas;gnas
ENSDARG00000042529;gnat2;Gnat2;gnat2
ENSDARG00000099844;gnaz;Gnaz;GNAZ
ENSDARG00000005522;galr1a;Galr1;galr1a
ENSDARG00000010301;b4galt6;B4galt6;b4galt6
ENSDARG00000014490;tac1;Tac1;tac1
ENSDARG00000042992;crygs1;Crygs;crygs1
ENSDARG00000025943;crygs3;Crygb;crygs3
ENSDARG00000076811;ganabb;Ganab;ganab
ENSDARG00000015628;psmd10;Psmd10;psmd10
ENSDARG00000076889;ralgapa1;Ralgapa1;ralgapa1
ENSDARG00000059070;gars1;Gars1;gars
ENSDARG00000036152;gas2b;Gas2;gas2b
ENSDARG00000074443;gas7a;Gas7;gas7a
ENSDARG00000101364;wfikkn1;Wfikkn1;wfikkn1
ENSDARG00000004823;asz1;Asz1;asz1
ENSDARG00000039647;slc6a1b;Slc6a1;slc6a1b
ENSDARG00000059327;gata2a;Gata2;gata2a
ENSDARG00000006192;gatad2ab;Gatad2a;gatad2ab
ENSDARG00000020618;gatd3;Gatd3a;zgc:112056
ENSDARG00000018985;castor2;Castor2;gatsl2
ENSDARG00000079588;castor1;Castor1;gatsl3
ENSDARG00000076058;gba1;Gba1;gba
ENSDARG00000054941;ldlrad4b;Ldlrad4;ldlrad4b
ENSDARG00000086216;prr13;Prr13;prr13
ENSDARG00000044685;nr0b2a;Nr0b2;nr0b2a
ENSDARG00000077926;nopchap1;Nopchap1;si:dkey-48p11.3
ENSDARG00000039697;shtn1;Shtn1;shtn1
ENSDARG00000086753;bbln;Bbln;gb:bc139872
ENSDARG00000105114;crebrf;Crebrf;crebrf
ENSDARG00000000966;ncor2;Ncor2;ncor2
ENSDARG00000016089;bicral;Bicral;bicral
ENSDARG00000092970;tmsb2;Tmsb10;tmsb2
ENSDARG00000078111;ap5z1;Ap5z1;ap5z1
ENSDARG00000062442;meiob;Meiob;meiob
ENSDARG00000078868;tmem74b;Tmem74b;tmem74b
ENSDARG00000074506;tmem94;Tmem94;tmem94
ENSDARG00000004114;tti1;Tti1;tti1
ENSDARG00000104178;trir;Trir;trir
ENSDARG00000078578;fam222bb;Fam222b;fam222bb
ENSDARG00000022020;focad;Focad;focad
ENSDARG00000078891;trappc14;Trappc14;si:dkey-3k24.5
ENSDARG00000069590;tmem150c;Tmem150c;tmem150c
ENSDARG00000035966;pgr;Pgr;pgr
ENSDARG00000031768;roraa;Rora;roraa
ENSDARG00000042477;nr2c2;Nr2c2;nr2c2
ENSDARG00000070721;vdrb;Vdr;vdrb
ENSDARG00000104734;kat2a;Kat2a;kat2a
ENSDARG00000071272;ncoa6;Ncoa6;ncoa6
ENSDARG00000042954;slc17a9a;Slc17a9;slc17a9a
ENSDARG00000075057;prorp;Prorp;si:dkeyp-33b5.4
ENSDARG00000032885;si:ch211-226m7.4;Cfap107;si:ch211-226m7.4
ENSDARG00000029296;nexmifb;Nexmif;NEXMIF
ENSDARG00000101536;rpp25a;Rpp25;CR376821.1
ENSDARG00000061719;washc4;Washc4;WASHC4
ENSDARG00000077072;si:ch73-280o22.2;2210408I21Rik;si:ch73-280o22.2
ENSDARG00000075397;cipca;Cipc;cipca
ENSDARG00000089871;jcada;Jcad;jcada
ENSDARG00000016527;helz2a;Helz2;helz2
ENSDARG00000063411;lrrc73;Lrrc73;lrrc73
ENSDARG00000079857;sanbr;Sanbr;si:ch211-189k9.2
ENSDARG00000090444;ponzr1;Cnfn;ponzr1
ENSDARG00000101743;cfap68;Cfap68;gb:eh456644
ENSDARG00000103619;si:ch73-238c9.1;2310011J03Rik;si:ch73-238c9.1
ENSDARG00000079756;peak1;Peak1;peak1
ENSDARG00000088258;mosmoa;Mosmo;ENSDARG00000088258
ENSDARG00000061020;ccdc186;Ccdc186;ccdc186
ENSDARG00000075956;faxca;Faxc;faxca
ENSDARG00000101393;si:dkey-31g6.6;Gm525;si:dkey-31g6.6
ENSDARG00000089320;ccdc175;Ccdc175;ccdc175
ENSDARG00000025325;ccsapa;Ccsap;ccsapa
ENSDARG00000019834;edrf1;Edrf1;edrf1
ENSDARG00000007195;grm2b;Grm2;grm2b
ENSDARG00000025504;gucy2f;Gucy2d;gucy2f
ENSDARG00000026820;gucy2d;Gucy2e;gc3
ENSDARG00000042341;tmem251;Lyset;tmem251
ENSDARG00000010454;guca1aa;Guca1a;guca1a
ENSDARG00000013393;guca1b;Guca1b;guca1b
ENSDARG00000101567;guca1ab.1;Guca1a;guca1e
ENSDARG00000037057;gcdha;Gcdh;gcdha
ENSDARG00000098831;gcdhb;Gcdh;gcdhb
ENSDARG00000079296;gcga;Gcg;gcga
ENSDARG00000036272;gcgrb;Gcgr;gcgrb
ENSDARG00000104022;gcgra;Gcgr;gcgra
ENSDARG00000070453;gch1;Gch1;gch1
ENSDARG00000039328;ccndbp1;Ccndbp1;ccndbp1
ENSDARG00000020948;gmcl1;Gmcl1;gmcl1
ENSDARG00000045413;gcm2;Gcm2;gcm2
ENSDARG00000101508;nr6a1a;Nr6a1;nr6a1a
ENSDARG00000014480;nr6a1b;Nr6a1;nr6a1b
ENSDARG00000098752;csf3b;Csf3;csf3b
ENSDARG00000045959;csf3r;Csf3r;csf3r
ENSDARG00000069133;mstnb;Mstn;mstnb
ENSDARG00000039959;gdnfa;Gdnf;gdnfa
ENSDARG00000074466;gdpd3a;Gdpd3;gdpd3a
ENSDARG00000017676;mmp2;Mmp2;mmp2
ENSDARG00000074653;si:ch211-233m11.1;Nlrp4e;si:ch211-233m11.1
ENSDARG00000097653;si:dkey-23k10.3;Rnh1;si:dkey-23k10.3
ENSDARG00000095665;si:ch211-191a16.2;Nlrp3;si:ch211-191a16.2
ENSDARG00000068621;nlrc11;Nlrp4e;si:ch211-181d7.3
ENSDARG00000088274;si:ch211-181d7.1;Nlrp9c;si:ch211-181d7.1
ENSDARG00000030267;gtf3aa;Gtf3a;gtf3aa
ENSDARG00000044457;gfi1ab;Gfi1;gfi1ab
ENSDARG00000020746;gfi1aa;Gfi1;gfi1aa
ENSDARG00000042723;gfra2a;Gfra2;gfra2a
ENSDARG00000056651;gfra4a;Gfra4;gfra4a
ENSDARG00000039666;gfus.1;Gfus;tsta3
ENSDARG00000039669;gfus.2;Gfus;TSTA3
ENSDARG00000042661;gfus.3;Gfus;ENSDARG00000042661
ENSDARG00000103667;gga3a;Gga3;gga3
ENSDARG00000023526;ggt1a;Ggt1;ggt1a
ENSDARG00000103464;pggt1b;Pggt1b;pggt1b
ENSDARG00000052045;ggt5a;Ggt5;ggt5a
ENSDARG00000078258;ggt5b;Ggt5;ENSDARG00000078258
ENSDARG00000038185;gh1;Gh;gh1
ENSDARG00000055569;ghdc;Ghdc;ghdc
ENSDARG00000054771;ghra;Ghr;ghra
ENSDARG00000027740;adcyap1b;Adcyap1;adcyap1b
ENSDARG00000104961;ghrhra;Ghrhr;ghrhra
ENSDARG00000056230;ghsra;Ghsr;ghsra
ENSDARG00000057117;ghsrb;Ghsr;ghsrb
ENSDARG00000078691;gigyf1b;Gigyf1;gigyf1b
ENSDARG00000056378;ifi30a;Ifi30;ifi30
ENSDARG00000075666;tsc22d3;Tsc22d3;tsc22d3
ENSDARG00000009488;gipc2;Gipc2;gipc2
ENSDARG00000061915;git2a;Git2;git2a
ENSDARG00000076800;tnfrsf18;Tnfrsf18;tnfrsf18
ENSDARG00000005485;ucmab;Ucma;ucmab
ENSDARG00000027799;ucmaa;Ucma;ucmaa
ENSDARG00000008503;glcci1a;Glcci1;glcci1
ENSDARG00000068981;glceb;Glce;glceb
ENSDARG00000005095;glcea;Glce;glcea
ENSDARG00000018953;gclm;Gclm;gclm
ENSDARG00000043559;gle1;Gle1;gle1
ENSDARG00000056934;hepacama;Hepacam;hepacama
ENSDARG00000058267;glmna;Glmn;glmna
ENSDARG00000040705;glsb;Gls;glsb
ENSDARG00000062812;glsa;Gls;glsa
ENSDARG00000022550;gxylt1b;Gxylt1;gxylt1b
ENSDARG00000044191;gxylt2;Gxylt2;gxylt2
ENSDARG00000061921;gltpa;Gltp;gltpa
ENSDARG00000067889;gltpd2b;Gltpd2;gltpd2
ENSDARG00000007715;lgsn;Lgsn;lgsn
ENSDARG00000021352;gria1a;Gria1;gria1a
ENSDARG00000032714;gria1b;Gria1;gria1b
ENSDARG00000070173;gria2a;Gria2;gria2a
ENSDARG00000052765;gria2b;Gria2;gria2b
ENSDARG00000032737;gria3a;Gria3;gria3a
ENSDARG00000037498;gria3b;Gria3;gria3b
ENSDARG00000037496;gria4a;Gria4;gria4a
ENSDARG00000055302;grid2;Grid2;grid2
ENSDARG00000090820;slc2a10;Slc2a10;slc2a10
ENSDARG00000056196;slc2a2;Slc2a2;slc2a2
ENSDARG00000013295;slc2a3a;Slc2a3;slc2a3a
ENSDARG00000058731;slc2a6;Slc2a6;slc2a6
ENSDARG00000043665;glrx5;Glrx5;glrx5
ENSDARG00000018534;slc6a9;Slc6a9;slc6a9
ENSDARG00000067964;slc6a5;Slc6a5;slc6a5
ENSDARG00000037556;st3gal5;St3gal5;st3gal5
ENSDARG00000023498;gmppab;Gmppa;gmppab
ENSDARG00000090454;gnb1a;Gnb1;gnb1a
ENSDARG00000041619;rack1;Rack1;gnb2l1
ENSDARG00000002696;gnb3b;Gnb3;gnb3b
ENSDARG00000004358;gnb3a;Gnb3;gnb3a
ENSDARG00000055377;gnb5b;Gnb5;gnb5b
ENSDARG00000035798;gngt1;Gng11;gngt1
ENSDARG00000003375;gng12a;Gng12;gng12a
ENSDARG00000024740;gng13a;Gng13;gng13a
ENSDARG00000010680;gngt2a;Gngt2;gngt2a
ENSDARG00000054203;npffr1l1;Npffr1;npffr1l1
ENSDARG00000062631;npffr1l2;Npffr1;npffr1l2
ENSDARG00000010712;npffr1l3;Npffr1;npffr1l3
ENSDARG00000038116;gnrhr4;Gnrhr;gnrhr4
ENSDARG00000100593;gnrhr1;Gnrhr;gnrhr1
ENSDARG00000003553;gnrhr2;Gnrhr;gnrhr2
ENSDARG00000023766;gnsa;Gns;gnsa
ENSDARG00000052110;mboat4;Mboat4;mboat4
ENSDARG00000077815;cdc26;Cdc26;cdc26
ENSDARG00000024771;slc24a5;Slc24a5;slc24a5
ENSDARG00000036295;golga7ba;Golga7b;golga7ba
ENSDARG00000100977;golim4a;Golim4;golim4a
ENSDARG00000089413;mbpb;Mbp;mbpb
ENSDARG00000052851;golph3a;Golph3;golph3
ENSDARG00000014545;golim4b;Golim4;golim4b
ENSDARG00000059308;golt1bb;Golt1b;golt1bb
ENSDARG00000071494;fshr;Fshr;fshr
ENSDARG00000040479;cga;Cga;cga
ENSDARG00000014634;mbtps1;Mbtps1;mbtps1
ENSDARG00000041068;got2a;Got2;got2a
ENSDARG00000104693;il6st;Il6st;il6st
ENSDARG00000102506;lrp2a;Lrp2;lrp2a
ENSDARG00000056615;cybb;Cybb;cybb
ENSDARG00000090585;gpc1b;Gpc1;gpc1b
ENSDARG00000104219;gpc6b;Gpc6;gpc6b
ENSDARG00000043180;gpd1b;Gpd1;gpd1b
ENSDARG00000074661;gper1;Gper1;gper1
ENSDARG00000024479;pigk;Pigk;pigk
ENSDARG00000101366;cmklr2;Cmklr2;gpr1
ENSDARG00000105416;adgrg4a;Adgrg4;adgrg4a
ENSDARG00000076994;adgra2;Adgra2;adgra2
ENSDARG00000069208;stx7l;Stx7;stx7l
ENSDARG00000037244;gpr137;Gpr137;gpr137
ENSDARG00000077134;gpr158a;Gpr158;gpr158a
ENSDARG00000055659;gpr161b;Gpr161;gpr161
ENSDARG00000058903;gpr161a;Gpr161;ENSDARG00000058903
ENSDARG00000054930;tpra1;Tpra1;tpra1
ENSDARG00000009534;wls;Wls;wls
ENSDARG00000094860;gpr3;Gpr3;gpr186
ENSDARG00000004592;gpr22a;Gpr22;gpr22a
ENSDARG00000033635;npffr2a;Npffr2;NPFFR2
ENSDARG00000021137;adgrv1;Adgrv1;adgrv1
ENSDARG00000062960;armc10;Armcx1;armc10
ENSDARG00000077080;gprc5ba;Gprc5b;gprc5ba
ENSDARG00000075043;gprin3b;Gprin3;si:dkeyp-123h10.2
ENSDARG00000019541;gpt;Gpt;gpt2l
ENSDARG00000074582;gfra4b;Gfra4;graf4b
ENSDARG00000103736;gramd2aa;Gramd2a;gramd2aa
ENSDARG00000005414;grapa;Grap;grapa
ENSDARG00000000588;tamalin;Tamalin;grasp
ENSDARG00000016750;abcc6a;Abcc6;abcc6a
ENSDARG00000002013;grb10a;Grb10;grb10a
ENSDARG00000029546;grem1a;Grem1;grem1a
ENSDARG00000090720;grem1a;Grem1;grem1a
ENSDARG00000103092;grem2b;Grem2;grem2b
ENSDARG00000061974;grhl2b;Grhl2;grhl2b
ENSDARG00000068264;grhpra;Grhpr;grhpra
ENSDARG00000013441;hey2;Hey2;hey2
ENSDARG00000030376;grin2bb;Grin2b;grin2bb
ENSDARG00000078149;grin2ca;Grin2c;grin2ca
ENSDARG00000052746;grinab;Grina;grinab
ENSDARG00000075017;myzap;Myzap;myzap
ENSDARG00000017929;ncoa2;Ncoa2;ncoa2
ENSDARG00000070448;grk4;Grk4;grk4
ENSDARG00000098320;grm1b;Grm1;grm1b
ENSDARG00000102067;grm5b;Grm5;grm5b
ENSDARG00000004445;grm5a;Grm5;grm5a
ENSDARG00000017742;grm6a;Grm6;grm6a
ENSDARG00000076508;grm8b;Grm8;grm8b
ENSDARG00000077654;grm8a;Grm8;grm8a
ENSDARG00000004954;grna;Grn;grna
ENSDARG00000002787;tle3a;Tle3;tle3a
ENSDARG00000029936;grtp1a;Grtp1;grtp1a
ENSDARG00000100944;glrx2;Glrx2;glrx2
ENSDARG00000098785;glrx3;Glrx3;glrx3
ENSDARG00000069865;grxcr1b;Grxcr1;grxcr1
ENSDARG00000035735;gsx1;Gsx1;gsx1
ENSDARG00000043322;gsx2;Gsx2;gsx2
ENSDARG00000015681;gsk3ab;Gsk3a;gsk3ab
ENSDARG00000045262;gsnb;Gsn;gsnb
ENSDARG00000098627;gspt1l;Gspt2;gspt1l
ENSDARG00000090228;gsta.1;Gsta2;gsta.1
ENSDARG00000039832;gsta.2;Gsta1;gsta.2
ENSDARG00000029473;gstm.2;Gstm4;gstm.2
ENSDARG00000088116;gstm.3;Gstm4;gstm.3
ENSDARG00000103019;gstp1.1;Gstp1;gstp2
ENSDARG00000017388;gstt1b;Gstt2;gstt1b
ENSDARG00000010941;pomgnt2;Pomgnt2;pomgnt2
ENSDARG00000069910;gtf2f2a;Gtf2f2;gtf2f2a
ENSDARG00000071583;gtf3ab;Gtf3a;gtf3ab
ENSDARG00000099363;lhb;Fshb;lhb
ENSDARG00000026081;lhcgr;Lhcgr;lhcgr
ENSDARG00000071059;gtpbp2b;Gtpbp2;gtpbp2b
ENSDARG00000102651;gtpbp2b;Gtpbp2;ENSDARG00000102651
ENSDARG00000069386;mtg1;Mtg1;mtg1
ENSDARG00000013787;gucy1a1;Gucy1a1;gucy1a3
ENSDARG00000086790;gucy1b1;Gucy1b1;gucy1b3
ENSDARG00000018329;gc2;Gucy2f;gc2
ENSDARG00000005776;guk1b;Guk1;guk1b
ENSDARG00000001733;gulp1a;Gulp1;gulp1a
ENSDARG00000059391;gyg1b;Gyg1;gyg1b
ENSDARG00000017058;large2;Large2;gyltl1b
ENSDARG00000078451;gzm3;Gzmg;gzm3
ENSDARG00000001859;dbx1b;Dbx1;dbx1b
ENSDARG00000103015;hist1h2a2;H2ac18;HIST2H2AB
ENSDARG00000087897;macroh2a2;Macroh2a2;h2afy2
ENSDARG00000068820;h2az2a;H2az2;h2afva
ENSDARG00000029406;h2ax;H2ax;h2afx
ENSDARG00000068995;h2ax1;H2ac21;ENSDARG00000068995
ENSDARG00000088686;hist1h2a11;H2ac18;HIST2H2AB
ENSDARG00000094154;hist2h3c;H3c15;hist2h3c
ENSDARG00000021086;znf367;Zfp367;znf367
ENSDARG00000074860;slc5a7a;Slc5a7;slc5a7a
ENSDARG00000098636;slc5a7a;Slc5a7;ENSDARG00000098636
ENSDARG00000017781;hsd17b10;Hsd17b10;hsd17b10
ENSDARG00000030765;hadh;Hadh;hadh
ENSDARG00000060813;plekha7a;Plekha7;plekha7a
ENSDARG00000012467;spint1b;Spint1;spint1b
ENSDARG00000102175;hamp;Hamp;hamp
ENSDARG00000056557;copb1;Copb1;copb1
ENSDARG00000068516;hapln1b;Hapln1;hapln1b
ENSDARG00000051876;ush1c;Ush1c;ush1c
ENSDARG00000035984;mnx1;Mnx1;mnx1
ENSDARG00000031246;hbegfb;Hbegf;hbegfb
ENSDARG00000090194;lamtor5;Lamtor5;lamtor5
ENSDARG00000099358;hccsb;Hccs;hccsb
ENSDARG00000028131;hccsa.1;Hccs;hccsa.1
ENSDARG00000021208;serpind1;Serpind1;serpind1
ENSDARG00000023722;hcrtr2;Hcrtr2;hcrtr2
ENSDARG00000073850;hdac7b;Hdac7;hdac7b
ENSDARG00000056642;hdac9b;Hdac9;hdac9b
ENSDARG00000019530;hdgfl2;Hdgfl2;hdgfrp2
ENSDARG00000027826;pudp;Pudp;pudp
ENSDARG00000038159;tcf7l1a;Tcf7l1;tcf7l1a
ENSDARG00000016573;mroh1;Mroh1;mroh1
ENSDARG00000068992;hspa8;Hspa8;hspa8
ENSDARG00000071694;ndc80;Ndc80;ndc80
ENSDARG00000004291;hecw1b;Hecw1;hecw1b
ENSDARG00000062447;hecw2a;Hecw2;hecw2a
ENSDARG00000018441;heg1;Heg1;heg1
ENSDARG00000079818;helq;Helq;helq
ENSDARG00000018871;henmt1;Henmt1;henmt1
ENSDARG00000059231;hephl1a;Hephl1;hephl1a
ENSDARG00000007097;her13;Hes6;her13
ENSDARG00000019335;hes6;Hes6;hes6
ENSDARG00000054560;her15.2;Hes5;her15.1
ENSDARG00000075389;herc56.2;Herc6;si:ch211-281g13.4
ENSDARG00000074136;herc56.3;Herc6;zgc:163136
ENSDARG00000074052;herc56.4;Herc6;si:ch211-281g13.5
ENSDARG00000029830;myf6;Myf6;myf6
ENSDARG00000079578;rbpms2b;Rbpms2;rbpms2b
ENSDARG00000070538;hey1;Hey1;hey1
ENSDARG00000074897;hes2.1;Hes2;hes2.1
ENSDARG00000068168;hes2.2;Hes2;hes2.2
ENSDARG00000038205;her2;Hes5;her2
ENSDARG00000032963;her12;Hes5;her12
ENSDARG00000056400;helt;Helt;helt
ENSDARG00000045544;hgfa;Hgf;hgfa
ENSDARG00000058733;ihha;Ihh;ihha
ENSDARG00000043055;mfsd14a1;Mfsd14a;hiat1b
ENSDARG00000013117;mfsd14a2;Mfsd14a;hiat1a
ENSDARG00000007959;hibadhb;Hibadh;hibadhb
ENSDARG00000034293;hif1ab;Hif1a;hif1ab
ENSDARG00000006181;hif1aa;Hif1a;hif1aa
ENSDARG00000008697;epas1a;Epas1;epas1a
ENSDARG00000100826;hif1al;Hif3a;hif1al
ENSDARG00000062562;egln2;Egln2;egln2
ENSDARG00000032553;egln3;Egln3;egln3
ENSDARG00000002707;her11;Hes7;her11
ENSDARG00000098249;asmt;Asmt;asmt
ENSDARG00000070441;zdhhc17;Zdhhc17;zdhhc17
ENSDARG00000013505;ube2kb;Ube2k;ube2kb
ENSDARG00000068125;nfu1;Nfu1;nfu1
ENSDARG00000099920;zgc:163040;H4c8;hist1h4l
ENSDARG00000035519;histh1l1;H1f2;histh1l
ENSDARG00000039987;hivep2a;Hivep2;hivep2a
ENSDARG00000075928;hivep3a;Hivep3;hivep3a
ENSDARG00000027082;hmbox1a;Hmbox1;hmbox1a
ENSDARG00000008840;hmbsa;Hmbs;hmbsa
ENSDARG00000055991;hmbsb;Hmbs;hmbsb
ENSDARG00000028335;hmga1a;Hmga1;hmga1a
ENSDARG00000099175;hmgb1a;Hmgb1;hmgb1a
ENSDARG00000053990;hmgb2b;Hmgb2;hmgb2b
ENSDARG00000029722;hmgb2a;Hmgb2;hmgb2a
ENSDARG00000052734;hmgcra;Hmgcr;hmgcra
ENSDARG00000105206;hmgcrb;Hmgcr;hmgcrb
ENSDARG00000052496;arhgap45a;Arhgap45;hmha1a
ENSDARG00000102975;nsg2;Nsg2;hmp19
ENSDARG00000070955;hmx3a;Hmx3;hmx3a
ENSDARG00000070824;ndufb5;Ndufb5;ndufb5
ENSDARG00000011564;sfpq;Sfpq;sfpq
ENSDARG00000004706;syf2;Syf2;syf2
ENSDARG00000034470;aldoab;Aldoart2;aldoab
ENSDARG00000019353;sparc;Sparc;sparc
ENSDARG00000075833;lyve1a;Lyve1;lyve1a
ENSDARG00000003206;chchd6a;Chchd6;chchd6a
ENSDARG00000029544;id2b;Id2;id2b
ENSDARG00000010873;ddx17;Ddx17;ENSDARG00000010873
ENSDARG00000070050;sfrp2;Sfrp2;sfrp2
ENSDARG00000074242;serbp1a;Serbp1;serbp1a
ENSDARG00000040248;crata;Crat;crata
ENSDARG00000057484;srsf2a;Srsf2;srsf2a
ENSDARG00000036371;acta1a;Acta1;acta1a
ENSDARG00000015627;rgs6;Rgs6;rgs6
ENSDARG00000004757;ybx1;Ybx1;ybx1
ENSDARG00000012682;pfn2a;Pfn2;pfn2l
ENSDARG00000104845;mipol1;Mipol1;mipol1
ENSDARG00000014976;lims2;Lims1;lims2
ENSDARG00000032725;rps27a;Rps27a;rps27a
ENSDARG00000038066;kpna2;Kpna2;kpna2
ENSDARG00000015978;cox5ba;Cox5b;COX5B
ENSDARG00000017441;mylz3;Myl1;mylz3
ENSDARG00000037178;zic2b;Zic2;zic2b
ENSDARG00000056151;tyrp1b;Tyrp1;tyrp1b
ENSDARG00000059373;dnajc8;Dnajc8;dnajc8
ENSDARG00000027088;ptgdsb.1;Mup2;ptgdsb.1
ENSDARG00000011405;rps9;Rps9;rps9
ENSDARG00000014817;ranbp1;Ranbp1;ranbp1
ENSDARG00000016304;tfdp1b;Tfdp1;tfdp1b
ENSDARG00000039757;mcfd2;Mcfd2;mcfd2
ENSDARG00000020494;znf330;Zfp330;znf330
ENSDARG00000007960;hnrnpaba;Hnrnpab;hnrnpaba
ENSDARG00000030012;lrrfip1a;Lrrfip1;lrrfip1a
ENSDARG00000016481;ptpn2a;Ptpn2;ptpn2a
ENSDARG00000063474;arfgef1;Arfgef1;arfgef1
ENSDARG00000058734;prdx1;Prdx1;prdx1
ENSDARG00000029069;tnni2a.4;Tnni2;tnni2a.4
ENSDARG00000000175;hoxb2a;Hoxb2;hoxb2a
ENSDARG00000101076;irx3a;Irx3;irx3a
ENSDARG00000011615;mybpc3;Mybpc3;mybpc3
ENSDARG00000036057;tradd;Tradd;tradd
ENSDARG00000055715;capn8;Capn8;capn8
ENSDARG00000104771;timm44;Timm44;timm44
ENSDARG00000074759;ccar1;Ccar1;ccar1
ENSDARG00000029856;cnn3b;Cnn3;cnn3b
ENSDARG00000045843;apex1;Apex1;apex1
ENSDARG00000102317;rpl26;Rpl26;rpl26
ENSDARG00000069082;mrm3b;Mrm3;rnmtl1b
ENSDARG00000013430;bhmt;Bhmt;bhmt
ENSDARG00000044968;vcla;Vcl;vcla
ENSDARG00000087640;nsfl1c;Nsfl1c;nsfl1c
ENSDARG00000099387;jpt1a;Jpt1;jpt1a
ENSDARG00000099312;jpt1b;Jpt1;jpt1b
ENSDARG00000022295;hnf1bb;Hnf1b;hnf1bb
ENSDARG00000007982;onecut1;Onecut1;onecut1
ENSDARG00000031632;chst10;Chst10;chst10
ENSDARG00000036675;hnrnpa1b;Hnrnpa1;hnrnpa1b
ENSDARG00000004735;hnrnpub;Hnrnpu;hnrnpub
ENSDARG00000059351;hnrnpa3;Hnrnpa3;hnrnpa3
ENSDARG00000003429;hnrnpdl;Hnrnpdl;hnrpdl
ENSDARG00000018914;hnrnpk;Hnrnpk;hnrnpk
ENSDARG00000035324;hnrnpl;Hnrnpl;hnrpl
ENSDARG00000014569;hnrnpr;Hnrnpr;hnrnpr
ENSDARG00000040564;hnrnpul1;Hnrnpul1;hnrnpul1
ENSDARG00000101759;homer1b;Homer1;homer1b
ENSDARG00000010789;homer3b;Homer3;homer3b
ENSDARG00000029764;mef2ca;Mef2c;mef2ca
ENSDARG00000089368;hopx;Hopx;hopx
ENSDARG00000020544;rem1;Rem1;rem1
ENSDARG00000003965;tlx1;Tlx1;tlx1
ENSDARG00000011273;tlx2;Tlx2;tlx2
ENSDARG00000013057;hoxb5a;Hoxb5;hoxb5a
ENSDARG00000010630;hoxb6a;Hoxb6;hoxb6a
ENSDARG00000104307;hoxa1a;Hoxa1;hoxa1a
ENSDARG00000031337;hoxa10b;Hoxa10;hoxa10b
ENSDARG00000102631;hoxc11b;Hoxc11;hoxc11b
ENSDARG00000007009;hoxa11b;Hoxa11;hoxa11b
ENSDARG00000036254;hoxa13b;Hoxa13;hoxa13b
ENSDARG00000026513;hoxb6b;Hoxb6;hoxb6b
ENSDARG00000054025;hoxb8b;Hoxb8;hoxb8b
ENSDARG00000056819;hoxa9b;Hoxa9;hoxa9b
ENSDARG00000029263;hoxb3a;Hoxb3;hoxb3a
ENSDARG00000070348;hoxc10a;Hoxc10;hoxc10a
ENSDARG00000070351;hoxc11a;Hoxc11;hoxc11a
ENSDARG00000070338;hoxc4a;Hoxc4;hoxc4a
ENSDARG00000057859;hoxd10a;Hoxd10;hoxd10a
ENSDARG00000059263;hoxd12a;Hoxd12;hoxd12a
ENSDARG00000059256;hoxd13a;Hoxd13;hoxd13a
ENSDARG00000059280;hoxd3a;Hoxd3;hoxd3a
ENSDARG00000059274;hoxd9a;Hoxd9;hoxd9a
ENSDARG00000103862;hoxa4a;Hoxa4;hoxa4a
ENSDARG00000101954;hoxc6b;Hoxc6;hoxc6b
ENSDARG00000044935;hpdb;Hpd;hpdb
ENSDARG00000086425;prpf3;Prpf3;prpf3
ENSDARG00000036993;erbb3b;Erbb3;erbb3b
ENSDARG00000097344;bloc1s3;Bloc1s3;CR387932.1
ENSDARG00000068828;bloc1s3;Bloc1s3;bloc1s3
ENSDARG00000014208;bloc1s3;Bloc1s3;zgc:55413
ENSDARG00000012609;hpxa;Hpx;hpx
ENSDARG00000021550;rad23b;Rad23b;rad23b
ENSDARG00000098497;hrasa;Hras;hrasa
ENSDARG00000005651;hrasb;Hras;hrasb
ENSDARG00000100021;plaat1;Plaat1;hrasls
ENSDARG00000100497;hic2;Hic2;hic2
ENSDARG00000107444;hrh2a;Hrh2;hrh2a
ENSDARG00000063212;prmt2;Prmt2;prmt2
ENSDARG00000019791;prmt3;Prmt3;prmt3
ENSDARG00000045760;prmt8b;Prmt8;prmt8b
ENSDARG00000069706;prmt6;Prmt6;prmt6
ENSDARG00000020201;cdc73;Cdc73;cdc73
ENSDARG00000035882;rida;Rida;hrsp12
ENSDARG00000099478;hs2st1a;Hs2st1;hs2st1a
ENSDARG00000041921;hsbp1b;Hsbp1;hsbp1b
ENSDARG00000071377;hsd11b1la;Hsd11b1;hsd11b1la
ENSDARG00000008306;rdh5;Rdh5;rdh5
ENSDARG00000008818;hsf1;Hsf1;hsf1
ENSDARG00000063037;lipea;Lipe;lipea
ENSDARG00000019874;hsph1;Hsph1;hsph1
ENSDARG00000102295;dnaja3b;Dnaja3;dnaja3b
ENSDARG00000075954;serpinh1a;Serpinh1;serpinh1a
ENSDARG00000055723;hsp70l;Hspa2;hsp70l
ENSDARG00000029150;hsp90ab1;Hsp90ab1;hsp90ab1
ENSDARG00000018989;hspa4b;Hspa4;hspa4b
ENSDARG00000004754;hspa4a;Hspa4;hspa4a
ENSDARG00000077236;hspb6;Hspb6;hspb6
ENSDARG00000078674;hspb9;Hspb9;hspb9
ENSDARG00000039601;ier3ip1;Ier3ip1;ier3ip1
ENSDARG00000015153;wdr91;Wdr91;wdr91
ENSDARG00000007630;mkrn2;Mkrn2;mkrn2
ENSDARG00000045951;kat5b;Kat5;kat5b
ENSDARG00000053580;htr1fb;Htr1f;htr1fb
ENSDARG00000093745;htr1aa;Htr1a;htr1aa
ENSDARG00000054124;htr1d;Htr1d;htr1d
ENSDARG00000038869;htr5aa;Htr5a;htr5aa
ENSDARG00000068557;htr5ab;Htr5a;htr5ab
ENSDARG00000056949;htr7a;Htr7;htr7a
ENSDARG00000032831;htra1a;Htra1;htra1a
ENSDARG00000092625;htra2-14;Htra2;si:dkey-10b15.8
ENSDARG00000068966;tnfrsf14;Tnfrsf14;si:ch211-261n11.7
ENSDARG00000044566;fabp6;Fabp6;fabp6
ENSDARG00000078180;sc:d0202;Icam2;sc:d0202
ENSDARG00000023472;ctnnb2;Ctnnb1;ctnnb2
ENSDARG00000103027;clns1a;Clns1a;clns1a
ENSDARG00000009087;cd74a;Cd74;cd74a
ENSDARG00000078835;mrpl58;Mrpl58;ict1
ENSDARG00000077817;cxxc4;Cxxc4;cxxc4
ENSDARG00000016607;echdc2;Echdc2;echdc2
ENSDARG00000061124;srpra;Srpra;srpr
ENSDARG00000075743;mrpl47;Mrpl47;mrpl47
ENSDARG00000035556;rps6ka3a;Rps6ka1;rps6ka3a
ENSDARG00000030155;ssbp3b;Ssbp3;ssbp3b
ENSDARG00000102937;hspbp1;Hspbp1;hspbp1
ENSDARG00000061345;wwp2;Wwp2;wwp2
ENSDARG00000017673;nova2;Nova2;nova2
ENSDARG00000036060;exosc6;Exosc6;exosc6
ENSDARG00000042799;atpaf1;Atpaf1;atpaf1
ENSDARG00000033170;sult2st1;Sult2b1;sult2st1
ENSDARG00000103422;usp10;Usp10;usp10
ENSDARG00000001729;strn3;Strn3;strn3
ENSDARG00000042151;skia;Ski;skia
ENSDARG00000026180;prpf8;Prpf8;prpf8
ENSDARG00000063627;bop1;Bop1;bop1
ENSDARG00000037012;slc3a2b;Slc3a2;slc3a2b
ENSDARG00000063701;rreb1a;Rreb1;rreb1a
ENSDARG00000008884;hprt1;Hprt1;hprt1
ENSDARG00000060430;zfyve28;Zfyve28;zfyve28
ENSDARG00000062592;myl10;Myl10;myl10
ENSDARG00000020252;btbd10b;Btbd10;btbd10b
ENSDARG00000012248;rgma;Rgma;rgma
ENSDARG00000043640;cenpn;Cenpn;cenpn
ENSDARG00000053569;sox3;Sox3;sox3
ENSDARG00000097630;rbis;Rbis;si:ch211-282b22.1
ENSDARG00000056318;kansl2;Kansl2;kansl2
ENSDARG00000070055;arfip1;Arfip1;arfip1
ENSDARG00000099266;vasna;Vasn;vasna
ENSDARG00000095268;cd34;Cd34;si:dkey-261h17.1
ENSDARG00000055989;tmem161b;Tmem161b;tmem161b
ENSDARG00000044362;unc119b;Unc119b;unc119b
ENSDARG00000034773;ncapd3;Ncapd3;ncapd3
ENSDARG00000035650;evla;Evl;evla
ENSDARG00000042835;tfdp2;Tfdp2;tfdp2
ENSDARG00000013730;slc4a4a;Slc4a4;slc4a4a
ENSDARG00000076120;foxp4;Foxp4;foxp4
ENSDARG00000013853;lmo4a;Lmo4;lmo4a
ENSDARG00000022727;epha2b;Epha1;epha2b
ENSDARG00000037879;lfng;Lfng;lfng
ENSDARG00000060457;pmp22b;Pmp22;pmp22b
ENSDARG00000030871;siah1;Siah1b;siah1
ENSDARG00000038446;nrp2b;Nrp2;nrp2b
ENSDARG00000056600;papss2b;Papss2;papss2b
ENSDARG00000060023;ncapg2;Ncapg2;ncapg2
ENSDARG00000032049;enah;Enah;enah
ENSDARG00000069356;adgrl2a;Adgrl2;adgrl2a
ENSDARG00000054423;slc7a6;Slc7a6;slc7a6
ENSDARG00000103996;spdl1;Spdl1;spdl1
ENSDARG00000018898;zfand5a;Zfand5;zfand5a
ENSDARG00000041830;tsn;Tsn;tsn
ENSDARG00000006219;gnl3;Gnl3;gnl3
ENSDARG00000020811;efemp2b;Efemp2;efemp2b
ENSDARG00000003544;adarb1b;Adarb1;adarb1b
ENSDARG00000071478;lnx2b;Lnx2;lnx2b
ENSDARG00000053127;helb;Helb;helb
ENSDARG00000016651;znf106a;Zfp106;znf106a
ENSDARG00000060001;mettl9;Mettl9;mettl9
ENSDARG00000015266;mab21l2;Mab21l2;mab21l2
ENSDARG00000030176;zgc:92429;Itgb1bp2;ITGB1BP2
ENSDARG00000101540;fgf3;Fgf3;fgf3
ENSDARG00000104264;xkr4;Xkr4;zgc:123035
ENSDARG00000077298;gas1a;Gas1;gas1a
ENSDARG00000045516;itih2;Itih2;itih2
ENSDARG00000087780;tiam2a;Tiam2;tiam2a
ENSDARG00000029524;impdh1b;Impdh1;impdh1b
ENSDARG00000071015;pbxip1a;Pbxip1;pbxip1a
ENSDARG00000016260;fxr2;Fxr2;fxr2
ENSDARG00000005525;acy3.2;Acy3;acy3.2
ENSDARG00000059911;bbs7;Bbs7;bbs7
ENSDARG00000057093;kdm5ba;Kdm5b;kdm5ba
ENSDARG00000013670;hyou1;Hyou1;hyou1
ENSDARG00000078077;dph2;Dph2;dph2
ENSDARG00000011582;sox5;Sox5;sox5
ENSDARG00000105748;nmnat1;Nmnat1;nmnat1
ENSDARG00000055398;foxc1b;Foxc1;foxc1b
ENSDARG00000054619;fras1;Fras1;fras1
ENSDARG00000104451;slc39a7;Slc39a7;slc39a7
ENSDARG00000003789;dennd5b;Dennd5b;dennd5b
ENSDARG00000070794;greb1;Greb1;greb1
ENSDARG00000053298;nkx2.2a;Nkx2-2;nkx2.2a
ENSDARG00000020442;snx5;Snx5;snx5
ENSDARG00000087333;scoca;Scoc;scoca
ENSDARG00000034396;mars1;Mars1;mars
ENSDARG00000089805;pcdh18a;Pcdh18;pcdh18a
ENSDARG00000045401;mllt10;Mllt10;mllt10
ENSDARG00000004937;skp2;Skp2;skp2
ENSDARG00000075964;plekhg4;Plekhg4;plekhg4
ENSDARG00000028943;mtss1la;Mtss2;mtss1la
ENSDARG00000036816;pou2f2a;Pou2f2;pou2f2a
ENSDARG00000101989;thrap3a;Thrap3;thrap3a
ENSDARG00000074760;ttc7a;Ttc7;ttc7a
ENSDARG00000020956;pck2;Pck2;pck2
ENSDARG00000033594;ido1;Ido2;ido1
ENSDARG00000086881;ier2b;Ier2;IER2
ENSDARG00000006427;fabp2;Fabp2;fabp2
ENSDARG00000062976;iffo1a;Iffo1;iffo1a
ENSDARG00000039243;ifi27.2;Ifi27;zgc:152791
ENSDARG00000002293;ifi44f5;Ifi44l;si:ch211-197g15.9
ENSDARG00000094747;ifi44f5;Ifi44l;si:ch211-197g15.6
ENSDARG00000017489;ifi27.1;Ifi27;zgc:123068
ENSDARG00000078389;ifi27.4;Ifi27l2b;si:dkey-188i13.7
ENSDARG00000008098;ifit9;Ifit1;ifit9
ENSDARG00000007467;ifit10;Ifit1bl2;ifit10
ENSDARG00000090537;ifit11;Ifit1bl2;ifit11
ENSDARG00000090977;ifit12;Ifit1;ifit12
ENSDARG00000057173;ifit8;Ifit1bl2;ifit8
ENSDARG00000093303;ifitm1;Ifitm7;ifitm1
ENSDARG00000025607;ifnphi1;Ifnb1;ifnphi1
ENSDARG00000069012;ifnphi2;Ifnk;ifnphi2
ENSDARG00000070676;ifnphi3;Ifna14;ifnphi3
ENSDARG00000100678;ifnphi4;Ifnb1;ifnphi4
ENSDARG00000024211;ifng1;Ifng;ifng1-2
ENSDARG00000045671;ifng1r;Ifng;ifng1-1
ENSDARG00000045673;il22;Il22;il22
ENSDARG00000094132;igf1;Igf1;igf1
ENSDARG00000003421;igf2bp2a;Igf2bp2;igf2bp2a
ENSDARG00000052470;igfbp2a;Igfbp2;igfbp2a
ENSDARG00000031422;igfbp2b;Igfbp2;igfbp2b
ENSDARG00000099144;igfbp3;Igfbp3;igfbp3
ENSDARG00000025348;igfbp5b;Igfbp5;igfbp5b
ENSDARG00000039264;igfbp5a;Igfbp5;igfbp5a
ENSDARG00000034434;igf1rb;Igf1r;igf1rb
ENSDARG00000027423;igf1ra;Igf1r;igf1ra
ENSDARG00000069274;ighmbp2;Ighmbp2;ighmbp2
ENSDARG00000009930;cadm2a;Cadm2;cadm2a
ENSDARG00000000943;dzip1;Dzip1;dzip1
ENSDARG00000094204;elp1;Elp1;elp1
ENSDARG00000013539;ikzf1;Ikzf1;ikzf1
ENSDARG00000007693;nfkbiab;Nfkbia;nfkbiab
ENSDARG00000011662;chuk;Chuk;chuk
ENSDARG00000079123;ikbkb;Ikbkb;ikbkb
ENSDARG00000070606;ikbke;Ikbke;ikbke
ENSDARG00000098401;fam136a;Fam136a;fam136a
ENSDARG00000099516;mettl23;Mettl23;mettl23
ENSDARG00000042534;rsrc2;Rsrc2;rsrc2
ENSDARG00000003398;rbpja;Rbpj;rbpja
ENSDARG00000044803;dhrs3b;Dhrs3;dhrs3b
ENSDARG00000019838;ugdh;Ugdh;ugdh
ENSDARG00000103553;sf3b3;Sf3b3;sf3b3
ENSDARG00000005513;naca;Naca;naca
ENSDARG00000039830;gng5;Gng5;gng5
ENSDARG00000031495;seta;Set;seta
ENSDARG00000005251;rpe;Rpe;rpe
ENSDARG00000010981;zdhhc3a;Zdhhc3;zdhhc3a
ENSDARG00000044153;ppp1cb;Ppp1cb;ppp1cb
ENSDARG00000003235;nup88;Nup88;nup88
ENSDARG00000037188;rpa2;Rpa2;rpa2
ENSDARG00000032430;ppp2r1bb;Ppp2r1b;ppp2r1bb
ENSDARG00000068711;crfb4;Il10rb;crfb4
ENSDARG00000033727;il12ba;Il12b;il12ba
ENSDARG00000038878;il12a;Il12a;il12a
ENSDARG00000052157;il12rb2;Il12rb2;il12rb2
ENSDARG00000080020;il13ra1;Il13ra1;il13ra1
ENSDARG00000039436;il13ra2;Il13ra2;il13ra2
ENSDARG00000037553;il1rapl2;Il1rapl2;il1rapl2
ENSDARG00000089383;il1fma;Il36rn;il1fma
ENSDARG00000069961;il21r.1;Il21r;il21r.1
ENSDARG00000078649;il21r.2;Il21r;il21r.2
ENSDARG00000053620;ebi3;Ebi3;ebi3
ENSDARG00000068858;il2rga;Il2rg;il2rga
ENSDARG00000053702;il2rgb;Il2rg;il2rgb
ENSDARG00000090344;il19l;Il20;il19l
ENSDARG00000076586;csf2rb;Csf2rb2;csf2rb
ENSDARG00000077809;il13;Il13;il13
ENSDARG00000087909;il4;Il4;il4
ENSDARG00000105177;ilf3b;Ilf3;ilf3b
ENSDARG00000052966;nmt1a;Nmt1;nmt1a
ENSDARG00000015392;dhx15;Dhx15;dhx15
ENSDARG00000018691;phf2;Phf2;phf2
ENSDARG00000020898;cyb5r4;Cyb5r4;cyb5r4
ENSDARG00000068214;ccni;Ccni;ccni
ENSDARG00000039203;mffb;Mff;ENSDARG00000039203
ENSDARG00000024785;ctnna2;Ctnna2;ctnna2
ENSDARG00000030133;fkbp6;Fkbp6;fkbp6
ENSDARG00000099077;fkbp6;Fkbp6;ENSDARG00000099077
ENSDARG00000102100;mrc1a;Mrc1;mrc1a
ENSDARG00000010956;sh3glb1b;Sh3glb1;sh3glb1b
ENSDARG00000012718;wee2;Wee2;wee2
ENSDARG00000018110;pak4;Pak4;pak4
ENSDARG00000011407;col2a1b;Col2a1;col2a1b
ENSDARG00000074851;s1pr4;S1pr4;s1pr4
ENSDARG00000037229;denr;Denr;denr
ENSDARG00000014222;zgc:86598;Csnk2a1;zgc:86598
ENSDARG00000004836;dnajc5ab;Dnajc5;dnajc5ab
ENSDARG00000078983;fam118b;Fam118a;fam118b
ENSDARG00000101512;tmx4;Tmx4;tmx4
ENSDARG00000093313;ubb;Ubb;ubb
ENSDARG00000015252;st3gal3b;St3gal3;st3gal3b
ENSDARG00000053466;timmdc1;Timmdc1;timmdc1
ENSDARG00000004636;ccdc9;Ccdc9;ccdc9
ENSDARG00000038768;mrpl12;Mrpl12;mrpl12
ENSDARG00000032535;praf2;Praf2;praf2
ENSDARG00000056270;atpaf2;Atpaf2;atpaf2
ENSDARG00000102997;rrn3;Rrn3;rrn3
ENSDARG00000068833;dclre1b;Dclre1b;dclre1b
ENSDARG00000011825;cetn3;Cetn3;cetn3
ENSDARG00000038456;mrps35;Mrps35;mrps35
ENSDARG00000058202;pex16;Pex16;pex16
ENSDARG00000004517;ppat;Ppat;ppat
ENSDARG00000003205;ngly1;Ngly1;ngly1
ENSDARG00000060362;nadkb;Nadk;nadkb
ENSDARG00000015349;mfge8a;Mfge8;mfge8a
ENSDARG00000076004;ppp2r3b;Ppp2r3d;ppp2r3b
ENSDARG00000025391;pfdn2;Pfdn2;pfdn2
ENSDARG00000020241;icmt;Icmt;icmt
ENSDARG00000012387;pdha1a;Pdha1;pdha1a
ENSDARG00000062916;mrpl37;Mrpl37;mrpl37
ENSDARG00000003675;cryl1;Cryl1;cryl1
ENSDARG00000069671;maip1;Maip1;MAIP1
ENSDARG00000023672;timm8a;Timm8a1;timm8a
ENSDARG00000029710;lrrc30a;Lrrc30;lrrc30a
ENSDARG00000053835;plekhh1;Plekhh1;plekhh1
ENSDARG00000043467;ndufb11;Ndufb11;ndufb11
ENSDARG00000059079;vps25;Vps25;vps25
ENSDARG00000062987;tyw1;Tyw1;tyw1
ENSDARG00000077822;si:dkey-6i22.5;Pmf1;si:dkey-6i22.5
ENSDARG00000003592;surf1;Surf1;surf1
ENSDARG00000091304;card19;Card19;card19
ENSDARG00000104587;srl;Srl;srl
ENSDARG00000068641;taf10;Taf10;taf10
ENSDARG00000056892;pals2a;Pals2;mpp6a
ENSDARG00000042122;acot11b;Acot11;acot11b
ENSDARG00000036056;vrk3;Vrk3;vrk3
ENSDARG00000045606;alkbh3;Alkbh3;alkbh3
ENSDARG00000090581;wdr4;Wdr4;wdr4
ENSDARG00000059613;nprl2;Nprl2;nprl2
ENSDARG00000095577;cybrd1;Cybrd1;cybrd1
ENSDARG00000018854;scaf4b;Scaf4;scaf4b
ENSDARG00000039577;ptk2bb;Ptk2b;ptk2bb
ENSDARG00000034423;sncga;Sncg;sncga
ENSDARG00000011146;uqcrb;Uqcrb;uqcrb
ENSDARG00000045249;nif3l1;Nif3l1;nif3l1
ENSDARG00000025043;trip13;Trip13;trip13
ENSDARG00000036158;nudcd1;Nudcd1;nudcd1
ENSDARG00000055086;ggnbp2;Ggnbp2;ggnbp2
ENSDARG00000069157;tmem135;Tmem135;tmem135
ENSDARG00000056028;slc22a7a;Slc22a7;slc22a7a
ENSDARG00000092954;mrpl34;Mrpl34;mrpl34
ENSDARG00000055548;npat;Npat;npat
ENSDARG00000063249;mrpl9;Mrpl9;mrpl9
ENSDARG00000052331;abcf2b;Abcf2;abcf2b
ENSDARG00000078433;spc25;Spc25;spc25
ENSDARG00000067752;pigl;Pigl;pigl
ENSDARG00000091511;gpx7;Gpx7;gpx7
ENSDARG00000004199;spam1;Hyal5;spam1
ENSDARG00000024141;cav3;Cav3;cav3
ENSDARG00000055339;mipepb;Mipep;ENSDARG00000055339
ENSDARG00000045027;rab9a;Rab9;rab9a
ENSDARG00000101423;cyp2y3;Cyp2b23;cyp2y3
ENSDARG00000070673;ptgr2;Ptgr2;ptgr2
ENSDARG00000073910;cinp;Cinp;cinp
ENSDARG00000056233;tmem179ba;Tmem179b;ENSDARG00000056233
ENSDARG00000077549;aifm2;Aifm2;aifm2
ENSDARG00000054666;pgpep1;Pgpep1;pgpep1
ENSDARG00000052713;lrrtm1;Lrrtm1;lrrtm1
ENSDARG00000061004;cox11;Cox11;cox11
ENSDARG00000061006;cyb5d2;Cyb5d2;cyb5d2
ENSDARG00000043287;atg101;Atg101;atg101
ENSDARG00000095180;abr;Abr;si:ch211-253h3.1
ENSDARG00000070743;tmem45a;Tmem45a2;tmem45a
ENSDARG00000102827;ubfd1;Ubfd1;ubfd1
ENSDARG00000086856;stk35;Stk35;stk35
ENSDARG00000044923;ube2wa;Ube2w;ube2w
ENSDARG00000090268;krt1-19e;Krt17;krtt1c19e
ENSDARG00000053204;snx22;Snx22;snx22
ENSDARG00000078500;dap3;Dap3;dap3
ENSDARG00000011727;b9d1;B9d1;b9d1
ENSDARG00000036235;zbtb3;Zbtb3;zbtb3
ENSDARG00000045487;rps16;Rps16;rps16
ENSDARG00000038917;rad50;Rad50;rad50
ENSDARG00000059400;tmem167b;Tmem167b;tmem167b
ENSDARG00000015156;fbln2;Fbln2;fbln2
ENSDARG00000104111;mrps30;Mrps30;mrps30
ENSDARG00000056410;fdx1;Fdx1;fdx1
ENSDARG00000088663;lman2lb;Lman2l;lman2lb
ENSDARG00000059902;vps16;Vps16;vps16
ENSDARG00000062258;armc8;Armc8;armc8
ENSDARG00000062568;mrpl2;Mrpl2;mrpl2
ENSDARG00000002613;rpa3;Rpa3;rpa3
ENSDARG00000009074;cbr4;Cbr4;cbr4
ENSDARG00000030177;uchl3;Uchl4;uchl3
ENSDARG00000055592;capn2b;Capn2;capn2b
ENSDARG00000040440;snrpd2;Snrpd2;snrpd2
ENSDARG00000006392;exosc9;Exosc9;exosc9
ENSDARG00000055101;hmox2a;Hmox2;hmox2a
ENSDARG00000004160;reep3b;Reep3;reep3b
ENSDARG00000040650;gps1;Gps1;gps1
ENSDARG00000042544;degs2;Degs2;degs2
ENSDARG00000011170;ndrg2;Ndrg2;ndrg2
ENSDARG00000102261;rsph1;Rsph1;ENSDARG00000102261
ENSDARG00000099143;fnta;Fnta;fnta
ENSDARG00000063177;manf;Manf;manf
ENSDARG00000054696;psmb4;Psmb4;psmb4
ENSDARG00000040290;pon3.1;Pon1;pon3.2
ENSDARG00000013461;supt7l;Supt7l;supt7l
ENSDARG00000100791;tril;Tril;tril
ENSDARG00000033138;lyrm2;Lyrm2;lyrm2
ENSDARG00000086618;psma3;Psma3;psma3
ENSDARG00000053973;fetub;Fetub;fetub
ENSDARG00000044895;fmoda;Fmod;fmoda
ENSDARG00000076486;acp1;Acp1;acp1
ENSDARG00000010318;srpx;Srpx;srpx
ENSDARG00000040869;upp1;Upp1;upp1
ENSDARG00000078458;ppp1r37;Ppp1r37;ppp1r37
ENSDARG00000045913;mrps10;Mrps10;mrps10
ENSDARG00000104031;mrpl33;Mrpl33;mrpl33
ENSDARG00000099441;cbx4;Cbx4;cbx4
ENSDARG00000041040;piga;Piga;piga
ENSDARG00000040303;nbn;Nbn;nbn
ENSDARG00000055412;mylk4b;Mylk4;mylk4b
ENSDARG00000022309;dspa;Dsp;dspa
ENSDARG00000004270;atl3;Atl3;atl3
ENSDARG00000045447;slc35g2b;Slc35g2;slc35g2b
ENSDARG00000057833;gulp1b;Gulp1;gulp1b
ENSDARG00000076324;lmtk2;Krit1;lmtk2
ENSDARG00000098823;pdzd4;Pdzd4;ENSDARG00000098823
ENSDARG00000062929;fam83gb;Fam83g;FAM83G
ENSDARG00000101670;kntc1;Kntc1;kntc1
ENSDARG00000088799;xxylt1;Xxylt1;xxylt1
ENSDARG00000044625;pcf11;Pcf11;pcf11
ENSDARG00000056745;necab2;Necab2;necab2
ENSDARG00000010047;neu3.2;Neu3;neu3.2
ENSDARG00000045683;ccdc87;Ccdc87;ccdc87
ENSDARG00000010655;ppm1kb;Ppm1k;ppm1k
ENSDARG00000023279;psmd4b;Psmd4;psmd4b
ENSDARG00000062868;eea1;Eea1;eea1
ENSDARG00000003974;spoplb;Spopl;spoplb
ENSDARG00000022659;snx4;Snx4;snx4
ENSDARG00000102632;ubc;Ubc;ubc
ENSDARG00000034270;ogdha;Ogdh;ogdha
ENSDARG00000076128;prkar1aa;Prkar1a;prkar1aa
ENSDARG00000027183;nampt2;Nampt;namptb
ENSDARG00000012723;rbm14a;Rbm14;rbm14a
ENSDARG00000053110;pkib;Pkib;pkib
ENSDARG00000068710;nid1a;Nid1;nid1a
ENSDARG00000068708;ifrd1;Ifrd1;ifrd1
ENSDARG00000077870;taf9;Taf9;taf9
ENSDARG00000013892;sorl1;Sorl1;sorl1
ENSDARG00000033418;gpatch1;Gpatch1;gpatch1
ENSDARG00000075923;txnrd2.2;Txnrd2;TXNRD2
ENSDARG00000055474;dexi;Dexi;dexi
ENSDARG00000056664;arfip2b;Arfip2;arfip2b
ENSDARG00000099966;polr2a;Polr2a;polr2a
ENSDARG00000091006;cobl;Cobl;cobl
ENSDARG00000044074;loxl2b;Loxl2;loxl2b
ENSDARG00000039974;rai14;Rai14;rai14
ENSDARG00000028442;cplane2;Cplane2;rsg1
ENSDARG00000011724;marveld1;Marveld1;marveld1
ENSDARG00000086327;srrm4;Srrm4;srrm4
ENSDARG00000079009;abca1b;Abca1;abca1b
ENSDARG00000061195;cnnm2a;Cnnm2;cnnm2a
ENSDARG00000086265;bsnd;Bsnd;bsnd
ENSDARG00000060695;znf346;Zfp346;znf346
ENSDARG00000009740;ppp1r7;Ppp1r7;ppp1r7
ENSDARG00000074521;map6a;Map6;map6a
ENSDARG00000054031;mxd4;Mxd4;mxd4
ENSDARG00000073731;dok4;Dok4;dok4
ENSDARG00000069066;nufip2;Nufip2;nufip2
ENSDARG00000054778;pogza;Pogz;pogza
ENSDARG00000015807;rab22a;Rab22a;rab22a
ENSDARG00000042899;elapor1;Elapor1;si:ch211-163l21.8
ENSDARG00000003693;hars;Hars1;hars
ENSDARG00000035823;zmym4.1;Zmym4;zmym4
ENSDARG00000076928;tet2;Tet2;tet2
ENSDARG00000007727;rgl2;Rgl2;rgl2
ENSDARG00000058470;mapk13;Mapk13;mapk13
ENSDARG00000043247;gtf3c3;Gtf3c3;gtf3c3
ENSDARG00000004325;casp9;Casp9;casp9
ENSDARG00000101116;vps33a;Vps33a;vps33a
ENSDARG00000011519;myl4;Myl3;myl4
ENSDARG00000070704;thap7;Thap7;thap7
ENSDARG00000030449;crabp2b;Crabp2;crabp2b
ENSDARG00000044034;tmem86a;Tmem86a;tmem86a
ENSDARG00000061651;marveld2b;Marveld2;marveld2b
ENSDARG00000060797;pfkmb;Pfkm;pfkmb
ENSDARG00000075333;tbc1d25;Tbc1d25;tbc1d25
ENSDARG00000021265;mybpc2b;Mybpc2;mybpc2b
ENSDARG00000045145;shisa9a;Shisa9;shisa9a
ENSDARG00000056079;l3mbtl2;L3mbtl2;l3mbtl2
ENSDARG00000059835;zfyve27;Zfyve27;zfyve27
ENSDARG00000098942;rp9;Rp9;rp9
ENSDARG00000069608;palm2akap2;Pakap;palm2
ENSDARG00000022918;tbcc;Tbcc;tbcc
ENSDARG00000075584;itfg1;Itfg1;itfg1
ENSDARG00000038030;rbx1;Rbx1;rbx1
ENSDARG00000015947;matn4;Matn4;matn4
ENSDARG00000061640;sipa1l2;Sipa1l2;sipa1l2
ENSDARG00000099298;xrcc5;Xrcc5;xrcc5
ENSDARG00000078179;fndc3ba;Fndc3b;fndc3ba
ENSDARG00000068893;mettl5;Mettl5;mettl5
ENSDARG00000101291;txndc11;Txndc11;txndc11
ENSDARG00000070543;grin2ab;Grin2a;grin2ab
ENSDARG00000059046;psmd5;Psmd5;psmd5
ENSDARG00000010596;slc7a6os;Slc7a6os;slc7a6os
ENSDARG00000016044;gins4;Gins4;gins4
ENSDARG00000078784;mgaa;Mga;mgaa
ENSDARG00000077909;rce1a;Rce1;rce1a
ENSDARG00000007077;ankrd50l;Ankrd50;si:dkey-145p14.5
ENSDARG00000092134;rad54b;Rad54b;rad54b
ENSDARG00000023797;ryr1b;Ryr1;ryr1b
ENSDARG00000020702;odf2b;Odf2;odf2b
ENSDARG00000077471;hmces;Hmces;hmces
ENSDARG00000086207;grin2da;Grin2d;grin2da
ENSDARG00000035167;mrpl48;Mrpl48;mrpl48
ENSDARG00000005236;srcap;Srcap;srcap
ENSDARG00000013860;ptpmt1;Ptpmt1;ptpmt1
ENSDARG00000102511;cript;Cript;cript
ENSDARG00000010130;smpdl3b;Smpdl3b;smpdl3b
ENSDARG00000053362;cilp;Cilp;cilp
ENSDARG00000034195;top2b;Top2b;top2b
ENSDARG00000031108;lrba;Lrba;lrba
ENSDARG00000057497;stk35l;Stk35;stk35l
ENSDARG00000011152;rpp14;Rpp14;rpp14
ENSDARG00000057586;sall3b;Sall3;sall3b
ENSDARG00000023584;cdc7;Cdc7;cdc7
ENSDARG00000011824;pbxip1b;Pbxip1;pbxip1b
ENSDARG00000071049;si:dkey-119m7.4;Slc22a30;si:dkey-119m7.4
ENSDARG00000070080;nbeaa;Nbea;nbeaa
ENSDARG00000056247;bricd5;Bricd5;bricd5
ENSDARG00000076297;nfatc3a;Nfatc3;nfatc3a
ENSDARG00000011932;prkcbp1l;Zmynd8;prkcbp1l
ENSDARG00000013667;tbck;Tbck;tbck
ENSDARG00000017612;pnpo;Pnpo;pnpo
ENSDARG00000004594;znf800a;Zfp800;znf800a
ENSDARG00000098771;cbx8b;Cbx8;cbx8b
ENSDARG00000035253;npr3;Npr3;npr3
ENSDARG00000058828;ccdc51;Ccdc51;ccdc51
ENSDARG00000105344;pkd1l2a;Pkd1l2;pkd1l2a
ENSDARG00000035357;gnb2;Gnb2;gnb2
ENSDARG00000105310;gnb2;Gnb2;si:cabz01039271.2
ENSDARG00000091931;gpatch4;Gpatch4;gpatch4
ENSDARG00000062476;snapc5;Snapc5;snapc5
ENSDARG00000010619;themis;Themis;themis
ENSDARG00000002174;itfg2;Itfg2;itfg2
ENSDARG00000079122;tmx2a;Tmx2;tmx2a
ENSDARG00000039892;gnpnat1;Gnpnat1;gnpnat1
ENSDARG00000004771;ankrd10b;Ankrd10;ankrd10b
ENSDARG00000017014;ywhae2;Ywhae;ywhae2
ENSDARG00000063518;zgc:153913;Cpn2;zgc:153913
ENSDARG00000006878;phf21aa;Phf21a;phf21aa
ENSDARG00000063313;plbd1a;Plbd1;plbd1
ENSDARG00000055781;ptger3;Ptger3;ptger3
ENSDARG00000039241;prkcaa;Prkca;prkca
ENSDARG00000052553;lig3;Lig3;lig3
ENSDARG00000103740;fundc2;Fundc2b;fundc2
ENSDARG00000018611;lbx1b;Lbx1;lbx1b
ENSDARG00000018820;flncb;Flnc;flncb
ENSDARG00000090301;usp48;Usp48;usp48
ENSDARG00000058528;cnot10;Cnot10;cnot10
ENSDARG00000073867;rex1bd;Rex1bd;si:ch211-87h14.3
ENSDARG00000086336;si:ch211-157b11.12;9430015G10Rik;si:ch211-157b11.12
ENSDARG00000069507;mettl27;Mettl27;mettl27
ENSDARG00000010415;sirt4;Sirt4;sirt4
ENSDARG00000012745;poc1bl;Galnt4;poc1bl
ENSDARG00000103235;mfsd8;Mfsd8;mfsd8
ENSDARG00000070266;spock3;Spock3;spock3
ENSDARG00000055589;s100t;S100a6;s100t
ENSDARG00000075177;ribc2;Ribc2;ribc2
ENSDARG00000015765;iah1;Iah1;iah1
ENSDARG00000014770;usp4;Usp4;usp4
ENSDARG00000043666;abt1;Abt1;abt1
ENSDARG00000099411;zgc:158343;Ier3;zgc:158343
ENSDARG00000044265;cdc37l1;Cdc37l1;cdc37l1
ENSDARG00000073847;rbm15;Rbm15;rbm15
ENSDARG00000030786;mpi;Mpi;mpi
ENSDARG00000057151;prep;Prep;prep
ENSDARG00000030241;vbp1;Vbp1;vbp1
ENSDARG00000052343;spata18;Spata18;spata18
ENSDARG00000063509;lrrc58b;Lrrc58;lrrc58b
ENSDARG00000004721;pals1b;Pals1;mpp5b
ENSDARG00000092181;pals1b;Pals1;im:7140055
ENSDARG00000104103;rps6kc1;Rps6kc1;rps6kc1
ENSDARG00000043548;atg4da;Atg4d;atg4da
ENSDARG00000059843;fam135a;Fam135a;fam135a
ENSDARG00000103370;lrrc8da;Lrrc8d;lrrc8da
ENSDARG00000090963;atp6ap1lb;Atp6ap1l;atp6ap1lb
ENSDARG00000003829;galnt2;Galnt2;galnt2
ENSDARG00000044541;ppp1r14ba;Ppp1r14bl;ppp1r14ba
ENSDARG00000055133;cenpf;Cenpf;cenpf
ENSDARG00000101188;rab11fip5b;Rab11fip5;CABZ01048053.1
ENSDARG00000098334;exosc3;Exosc3;exosc3
ENSDARG00000014704;pgm2l1;Pgm2l1;pgm2l1
ENSDARG00000077341;ppp1r14c;Ppp1r14c;ppp1r14c
ENSDARG00000074156;sgca;Sgca;sgca
ENSDARG00000055737;ube3a;Ube3a;ube3a
ENSDARG00000089885;slc16a12b;Slc16a12;slc16a12b
ENSDARG00000024642;pip5k1ab;Pip5k1a;pip5k1ab
ENSDARG00000060510;cul4b;Cul4b;cul4b
ENSDARG00000016994;ssrp1b;Ssrp1;ssrp1b
ENSDARG00000016721;sdha;Sdha;sdha
ENSDARG00000059128;uqcrh;Uqcrh;uqcrh
ENSDARG00000069280;tsen15;Tsen15;tsen15
ENSDARG00000098439;nr1h3;Nr1h3;nr1h3
ENSDARG00000087457;ecscr;Ecscr;ecscr
ENSDARG00000094107;ttf1.6;Ttf1;si:ch73-37h15.2
ENSDARG00000044380;rbmx2;Rbmx2;rbmx2
ENSDARG00000063333;nup210;Nup210;nup210
ENSDARG00000078924;tmco4;Tmco4;tmco4
ENSDARG00000015653;tnip1;Tnip1;tnip1
ENSDARG00000055620;acad9;Acad9;acad9
ENSDARG00000067838;riox1;Riox1;riox1
ENSDARG00000045704;dclre1c;Dclre1c;dclre1c
ENSDARG00000061185;naa60;Naa60;nat15
ENSDARG00000018559;kdm7ab;Kdm7a;kdm7ab
ENSDARG00000059701;flii;Flii;flii
ENSDARG00000088539;ponzr2;Cnfn;ponzr2
ENSDARG00000004753;mylkb;Mylk;mylkb
ENSDARG00000007025;ttc9c;Ttc9c;ttc9c
ENSDARG00000017928;xrcc3;Xrcc3;xrcc3
ENSDARG00000040162;fgfbp3;Fgfbp3;zgc:165461
ENSDARG00000054344;gabpb2b;Gabpb2;gabpb2b
ENSDARG00000020735;efcab6;Efcab6;efcab6
ENSDARG00000013023;nsun3;Nsun3;nsun3
ENSDARG00000061256;mcrip2;Mcrip2;ENSDARG00000061256
ENSDARG00000079632;pold4;Pold4;ENSDARG00000079632
ENSDARG00000017036;svilc;Svil;si:dkeyp-57f11.2
ENSDARG00000071009;kif20ba;Kif20b;kif20ba
ENSDARG00000073859;kif13bb;Kif13b;kif13bb
ENSDARG00000094258;commd9;Commd9;commd9
ENSDARG00000044755;gcnt4b.2;Gcnt4;ENSDARG00000044755
ENSDARG00000043663;faub;Fau;faub
ENSDARG00000030094;malb;Mal;mal
ENSDARG00000103712;plpp7a;Plpp7;plpp7
ENSDARG00000022410;rrp12;Rrp12;rrp12
ENSDARG00000054032;rab24;Rab24;rab24
ENSDARG00000074442;alx4b;Alx4;alx4b
ENSDARG00000012039;ift56;Ift56;ttc26
ENSDARG00000090993;rnf4;Rnf4;rnf4
ENSDARG00000057148;mocos;Mocos;mocos
ENSDARG00000024651;snrpa1;Snrpa1;snrpa1
ENSDARG00000010032;cmtm7;Cmtm7;cmtm7
ENSDARG00000098074;trip4;Trip4;trip4
ENSDARG00000011769;cpm;Cpm;cpm
ENSDARG00000091777;mapkap1;Mapkap1;mapkap1
ENSDARG00000099021;setdb1b;Setdb1;setdb1b
ENSDARG00000053082;thada;Thada;thada
ENSDARG00000044567;ttc1;Ttc1;ttc1
ENSDARG00000074967;zgc:162698;Tmem87b;ENSDARG00000074967
ENSDARG00000063535;chd4a;Chd4;chd4a
ENSDARG00000102674;ckap5;Ckap5;ckap5
ENSDARG00000042126;elmo3;Elmo3;elmo3
ENSDARG00000075446;naa25;Naa25;naa25
ENSDARG00000044144;wapla;Wapl;wapla
ENSDARG00000075159;meltf;Meltf;mfi2
ENSDARG00000041078;chka;Chka;chka
ENSDARG00000070717;slc25a18;Slc25a18;slc25a18
ENSDARG00000041252;gemin4;Gemin4;gemin4
ENSDARG00000061437;inpp5f;Inpp5f;inpp5f
ENSDARG00000026170;hps1;Hps1;hps1
ENSDARG00000058394;abhd10b;Abhd10;tagln3b
ENSDARG00000070746;sft2d2a;Sft2d2;ENSDARG00000070746
ENSDARG00000077938;cd248b;Cd248;cd248b
ENSDARG00000052497;slc23a4;Slc23a4;zgc:110789
ENSDARG00000063634;hpse;Hpse;hpse
ENSDARG00000044767;tspan10;Tspan10;tspan10
ENSDARG00000041925;cryba2b;Cryba2;cryba2b
ENSDARG00000055472;nubp1;Nubp1;nubp1
ENSDARG00000067913;ints9;Ints9;ints9
ENSDARG00000060594;hadhab;Hadha;hadhab
ENSDARG00000053509;kazald3;Kazald1;kazald3
ENSDARG00000078807;paxx;Paxx;paxx
ENSDARG00000043746;nrxn3a;Nrxn3;nrxn3a
ENSDARG00000078535;lrrcc1;Lrrcc1;lrrcc1
ENSDARG00000014954;snx33;Snx33;snx33
ENSDARG00000069681;pcgf6;Pcgf6;pcgf6
ENSDARG00000040453;wdfy2;Wdfy2;wdfy2
ENSDARG00000019299;znf687b;Zfp687;znf687b
ENSDARG00000075169;bbs1;Bbs1;bbs1
ENSDARG00000078894;hemk1;Hemk1;hemk1
ENSDARG00000089139;iftap;Iftap;im:7145024
ENSDARG00000073944;zfhx3a;Zfhx3;si:ch73-386h18.1
ENSDARG00000034060;elac2;Elac2;elac2
ENSDARG00000070399;alg2;Alg2;alg2
ENSDARG00000035458;atp2a1l;Atp2a1;atp2a1l
ENSDARG00000071294;tonsl;Tonsl;tonsl
ENSDARG00000016613;mcat;Mcat;mcat
ENSDARG00000075178;lpcat3;Lpcat3;lpcat3
ENSDARG00000052606;dpp9;Dpp9;dpp9
ENSDARG00000103516;sec24c;Sec24c;sec24c
ENSDARG00000058158;trim55b;Trim55;trim55b
ENSDARG00000061201;acsf2;Acsf2;acsf2
ENSDARG00000034309;cox10;Cox10;cox10
ENSDARG00000104435;map7b;Map7;ENSDARG00000104435
ENSDARG00000062727;cep290;Cep290;cep290
ENSDARG00000009942;cdc6;Cdc6;cdc6
ENSDARG00000079900;shroom4;Shroom4;shroom4
ENSDARG00000020242;fermt2;Fermt2;fermt2
ENSDARG00000062142;stoml1;Stoml1;stoml1
ENSDARG00000059983;zufsp;Zup1;zufsp
ENSDARG00000101061;eif2a;Eif2a;eif2a
ENSDARG00000055240;xdh;Xdh;xdh
ENSDARG00000055151;smyd2a;Smyd2;smyd2a
ENSDARG00000037891;mlx;Mlx;mlx
ENSDARG00000004154;orai1b;Orai1;orai1b
ENSDARG00000039878;ambra1b;Ambra1;ambra1b
ENSDARG00000052527;mul1;Mul1;mul1b
ENSDARG00000004843;foxp1a;Foxp1;foxp1a
ENSDARG00000060109;aggf1;Aggf1;aggf1
ENSDARG00000044556;pacs1a;Pacs1;pacs1a
ENSDARG00000012219;dpf2;Dpf2;dpf2
ENSDARG00000087226;kbtbd2;Kbtbd2;kbtbd2
ENSDARG00000062089;uggt2;Uggt2;uggt2
ENSDARG00000054829;pik3c3;Pik3c3;pik3c3
ENSDARG00000054302;ehd4;Ehd4;ehd4
ENSDARG00000101561;dbt;Dbt;dbt
ENSDARG00000100440;fastkd3;Fastkd3;fastkd3
ENSDARG00000099554;sec16b;Sec16b;sec16b
ENSDARG00000075331;golga4;Golga4;golga4
ENSDARG00000051925;cyb5r2;Cyb5r2;cyb5r2
ENSDARG00000061890;atp13a2;Atp13a2;atp13a2
ENSDARG00000071032;pnkd;Pnkd;pnkd
ENSDARG00000100442;cfh;Cfhr1;cfh
ENSDARG00000088690;ddias;Ddias;ddias
ENSDARG00000079482;gid4;Gid4;GID4
ENSDARG00000071467;zbtb33;Zbtb33;zbtb33
ENSDARG00000061889;ppcs;Ppcs;ppcs
ENSDARG00000056387;rnf17;Rnf17;rnf17
ENSDARG00000040064;acp6;Acp6;acp6
ENSDARG00000101999;cog3;Cog3;cog3
ENSDARG00000077836;ttc22;Ttc22;ttc22
ENSDARG00000003313;eps8l1b;Eps8l1;si:ch73-70c5.1
ENSDARG00000022139;ocstamp;Ocstamp;ocstamp
ENSDARG00000095378;gdf10a;Gdf10;gdf10a
ENSDARG00000062108;iffo1b;Iffo1;iffo1b
ENSDARG00000098954;stard13b;Stard13;stard13b
ENSDARG00000014101;pyroxd2;Pyroxd2;pyroxd2
ENSDARG00000052374;faf2;Faf2;faf2
ENSDARG00000037928;ddx42;Ddx42;ddx42
ENSDARG00000060150;psmd11a;Psmd11;psmd11a
ENSDARG00000091801;serpinb14;Serpinb9f;serpinb14
ENSDARG00000068760;tnks1bp1;Tnks1bp1;tnks1bp1
ENSDARG00000037810;adtrp1;Adtrp;zgc:112175
ENSDARG00000055284;afap1;Afap1;afap1
ENSDARG00000074245;spen;Spen;spen
ENSDARG00000004537;kmt2a;Kmt2a;kmt2a
ENSDARG00000079555;ccdc85cb;Ccdc85c;ccdc85cb
ENSDARG00000099722;zgc:153993;Bax;zgc:153993
ENSDARG00000104660;lratb.1;Lrat;si:ch73-132f6.5
ENSDARG00000099106;afmid;Afmid;afmid
ENSDARG00000053554;wdr76;Wdr76;wdr76
ENSDARG00000020377;eif4g2a;Eif4g2;eif4g2a
ENSDARG00000041904;ankzf1;Ankzf1;ankzf1
ENSDARG00000060469;pik3r4;Pik3r4;pik3r4
ENSDARG00000057218;tbc1d15;Tbc1d15;tbc1d15
ENSDARG00000068575;tmem51a;Tmem51;tmem51a
ENSDARG00000039424;snrpb2;Snrpb2;snrpb2
ENSDARG00000020895;bag1;Bag1;bag1
ENSDARG00000029692;rufy3;Rufy3;rufy3
ENSDARG00000052522;snx11;Snx11;snx11
ENSDARG00000067601;arfgap2;Arfgap2;arfgap2
ENSDARG00000069672;tyw5;Tyw5;tyw5
ENSDARG00000059900;tbc1d9;Tbc1d9;tbc1d9
ENSDARG00000068064;sirt1;Sirt1;sirt1
ENSDARG00000017180;npc1;Npc1;npc1
ENSDARG00000055566;mastl;Mastl;mastl
ENSDARG00000075296;fam83c;Fam83c;fam83c
ENSDARG00000060207;traf7;Traf7;traf7
ENSDARG00000054973;itsn2b;Itsn2;itsn2b
ENSDARG00000002377;mief2;Mief2;mief2
ENSDARG00000075393;spock2;Spock2;spock2
ENSDARG00000010098;pank1b;Pank1;pank1b
ENSDARG00000057323;e2f8;E2f8;e2f8
ENSDARG00000043667;clmnb;Clmn;zgc:100997
ENSDARG00000038397;rpap2;Rpap2;rpap2
ENSDARG00000061397;trip12;Trip12;trip12
ENSDARG00000053575;gpat2;Gpat2;gpat2
ENSDARG00000077883;fam83d;Fam83d;fam83d
ENSDARG00000070109;ncapg;Ncapg;ncapg
ENSDARG00000055270;msrab;Msra;si:ch1073-358c10.1
ENSDARG00000090854;lsm11;Lsm11;lsm11
ENSDARG00000060126;acyp1;Acyp1;acyp1
ENSDARG00000012790;tmem161a;Tmem161a;tmem161a
ENSDARG00000007526;ndufs2;Ndufs2;ndufs2
ENSDARG00000104710;psip1a;Psip1;psip1a
ENSDARG00000100584;ccdc40;Ccdc40;ccdc40
ENSDARG00000054911;tmsb;Tmsb10;tmsb
ENSDARG00000074184;arhgap32b;Arhgap32;arhgap32b
ENSDARG00000008263;mfsd4ab;Mfsd4a;mfsd4ab
ENSDARG00000055518;pygma;Pygm;pygma
ENSDARG00000010978;trmt1;Trmt1;trmt1
ENSDARG00000086927;pik3c2b;Pik3c2b;pik3c2b
ENSDARG00000025859;lmf2b;Lmf2;lmf2b
ENSDARG00000037955;pih1d1;Pih1d1;pih1d1
ENSDARG00000036084;itln2;Itln1;itln2
ENSDARG00000025076;marveld2a;Marveld2;marveld2a
ENSDARG00000045067;kcnk1a;Kcnk1;kcnk1a
ENSDARG00000074311;mast2;Mast2;mast2
ENSDARG00000012199;gpt2;Gpt2;gpt2
ENSDARG00000059719;fam169aa;Fam169a;fam169aa
ENSDARG00000027612;gatad1;Gatad1;gatad1
ENSDARG00000039493;naa20;Naa20;naa20
ENSDARG00000061981;lap3;Lap3;lap3
ENSDARG00000053113;ly75;Ly75;ly75
ENSDARG00000017023;ak7b;Ak7;ak7b
ENSDARG00000074617;wfs1b;Wfs1;wfs1b
ENSDARG00000008127;pcdh15b;Pcdh15;pcdh15b
ENSDARG00000041006;st3gal4;St3gal4;st3gal4
ENSDARG00000093768;prr18;Prr18;prr18
ENSDARG00000098753;elmo1;Elmo1;elmo1
ENSDARG00000071378;micos13;Micos13;si:dkey-78l4.14
ENSDARG00000086705;prob1;Prob1;prob1
ENSDARG00000074955;nup98;Nup98;nup98
ENSDARG00000052842;ppifb;Ppif;ppifb
ENSDARG00000051874;stra6;Stra6;stra6
ENSDARG00000051931;edc3;Edc3;edc3
ENSDARG00000069832;sfxn4;Sfxn4;sfxn4
ENSDARG00000062216;narfl;Ciao3;narfl
ENSDARG00000030999;mybl1;Mybl1;mybl1
ENSDARG00000105118;zgc:171566;Ggh;zgc:171566
ENSDARG00000052025;pomgnt1;Pomgnt1;pomgnt1
ENSDARG00000037935;aldh16a1;Aldh16a1;aldh16a1
ENSDARG00000040727;tfb1m;Tfb1m;tfb1m
ENSDARG00000029955;glb1l;Glb1l;glb1l
ENSDARG00000078041;xpo1a;Xpo1;xpo1a
ENSDARG00000002305;me3;Me3;me3
ENSDARG00000098902;ubxn8;Ubxn8;ubxn8
ENSDARG00000076718;prkra;Prkra;prkra
ENSDARG00000056532;serinc2;Serinc2;serinc2
ENSDARG00000070168;sod3a;Sod3;sod3a
ENSDARG00000059601;map1aa;Map1a;map1aa
ENSDARG00000027501;usp20;Usp20;usp20
ENSDARG00000007383;kcnk6;Kcnk6;kcnk6
ENSDARG00000057064;enpep;Enpep;enpep
ENSDARG00000077301;mlf1;Mlf1;mlf1
ENSDARG00000011498;si:ch211-212o1.2;Peds1;ENSDARG00000011498
ENSDARG00000059423;prune2;Prune2;prune2
ENSDARG00000057108;serpine3;Serpine3;serpine3
ENSDARG00000015747;aarsd1;Aarsd1;aarsd1
ENSDARG00000056621;ctcf;Ctcf;ctcf
ENSDARG00000103926;inpp5e;Inpp5e;inpp5e
ENSDARG00000075132;fh;Fh1;fh
ENSDARG00000078888;iqgap1;Iqgap1;iqgap1
ENSDARG00000093412;sertad2a;Sertad2;sertad2a
ENSDARG00000039661;slc36a4;Slc36a4;slc36a4
ENSDARG00000033845;igsf9ba;Igsf9b;igsf9ba
ENSDARG00000103505;fbxl3a;Fbxl3;fbxl3a
ENSDARG00000055027;pomt2;Pomt2;pomt2
ENSDARG00000077388;obsl1b;Obsl1;obsl1b
ENSDARG00000021466;ireb2;Ireb2;ireb2
ENSDARG00000088813;ppp1r3ab;Ppp1r3a;ppp1r3ab
ENSDARG00000039279;golga5;Golga5;golga5
ENSDARG00000098391;psmg3;Psmg3;psmg3
ENSDARG00000018658;aar2;Aar2;aar2
ENSDARG00000034693;mysm1;Mysm1;mysm1
ENSDARG00000100709;agxt2;Agxt2;agxt2
ENSDARG00000008548;arhgap12a;Arhgap12;arhgap12a
ENSDARG00000015901;ptbp2b;Ptbp2;ptbp2b
ENSDARG00000054707;dhx8;Dhx8;dhx8
ENSDARG00000092671;pard3ba;Pard3b;pard3ba
ENSDARG00000104846;atg10;Atg10;atg10
ENSDARG00000095185;si:ch211-274p24.2;Liat1;si:ch211-274p24.2
ENSDARG00000004405;snx10a;Snx10;snx10a
ENSDARG00000102717;tmem42a;Tmem42;tmem42a
ENSDARG00000015394;thoc7;Thoc7;thoc7
ENSDARG00000016656;mgme1;Mgme1;mgme1
ENSDARG00000052556;fgfrl1b;Fgfrl1;fgfrl1b
ENSDARG00000098431;comp;Comp;COMP
ENSDARG00000012887;znf143a;Zfp143;znf143a
ENSDARG00000055225;dock8;Dock8;dock8
ENSDARG00000000804;rassf6;Rassf6;rassf6
ENSDARG00000074264;tmem186;Tmem186;tmem186
ENSDARG00000079104;mfhas1;Mfhas1;mfhas1
ENSDARG00000053646;adrb3a;Adrb3;adrb3a
ENSDARG00000060442;tmem259;Tmem259;tmem259
ENSDARG00000079248;mn1b;Mn1;mn1b
ENSDARG00000095651;hmx1;Hmx1;hmx1
ENSDARG00000039455;tspan15;Tspan15;tspan15
ENSDARG00000068562;rbm33a;Rbm33;rbm33a
ENSDARG00000102787;fam193a;Fam193a;fam193a
ENSDARG00000007465;tdrd1;Tdrd1;tdrd1
ENSDARG00000103251;sh3pxd2b;Sh3pxd2b;sh3pxd2b
ENSDARG00000045681;irf5;Irf5;irf5
ENSDARG00000077830;borcs5;Borcs5;borcs5
ENSDARG00000079071;jam2b;Jam2;jam2b
ENSDARG00000059908;ccdc86;Ccdc86;si:ch211-217k17.7
ENSDARG00000076391;npm2a;Npm2;npm2a
ENSDARG00000019556;clcn7;Clcn7;clcn7
ENSDARG00000018399;rps6kb1a;Rps6kb1;rps6kb1a
ENSDARG00000060847;setd1ba;Setd1b;setd1ba
ENSDARG00000014465;arhgef25b;Arhgef25;arhgef25b
ENSDARG00000060991;mief1;Mief1;mief1
ENSDARG00000070843;arid3a;Arid3a;arid3a
ENSDARG00000024092;lmbr1;Lmbr1;lmbr1
ENSDARG00000028201;commd8;Commd8;commd8
ENSDARG00000103802;btbd8;Btbd8;si:ch73-389b16.2
ENSDARG00000067979;gtf3c5;Gtf3c5;gtf3c5
ENSDARG00000055076;nxf1b;Nxf2;nxf1
ENSDARG00000079443;vipb;Vip;vipb
ENSDARG00000088619;rexo4;Rexo4;rexo4
ENSDARG00000010154;vstm4a;Vstm4;vstm4a
ENSDARG00000076308;pdp1;Pdp1;pdp1
ENSDARG00000061357;chst6;Chst5;CHST6
ENSDARG00000078941;ano9a;Ano9;ano9a
ENSDARG00000102050;mcoln3b;Mcoln3;ENSDARG00000102050
ENSDARG00000069192;zgc:163030;Cst11;zgc:163030
ENSDARG00000009436;ubxn7;Ubxn7;ubxn7
ENSDARG00000074730;pkmyt1;Pkmyt1;pkmyt1
ENSDARG00000053381;plpp1a;Plpp1;plpp1a
ENSDARG00000089564;mdfi;Mdfi;MDFI
ENSDARG00000092478;sdhaf1;Sdhaf1;sdhaf1
ENSDARG00000070320;exoc1l;Exoc1l;ENSDARG00000070320
ENSDARG00000077157;synpo2b;Synpo2;synpo2b
ENSDARG00000073786;cmbl;Cmbl;cmbl
ENSDARG00000076259;tbr1a;Tbr1;tbr1a
ENSDARG00000006124;kdm5c;Kdm5c;kdm5c
ENSDARG00000078523;ddr1;Ddr1;ddr1
ENSDARG00000062304;pdpk1a;Pdpk1;pdpk1a
ENSDARG00000057255;emc1;Emc1;emc1
ENSDARG00000054609;slco2b1;Slco2b1;slco2b1
ENSDARG00000061844;arhgef15b;Arhgef15;si:dkey-38p12.3
ENSDARG00000069339;tbc1d24;Tbc1d24;tbc1d24
ENSDARG00000096382;neu3.1;Neu3;neu3.1
ENSDARG00000015824;lemd3;Lemd3;lemd3
ENSDARG00000053884;med13a;Med13;med13a
ENSDARG00000043003;pcyt2;Pcyt2;pcyt2
ENSDARG00000070006;rcn1;Rcn1;rcn1
ENSDARG00000003307;stx16;Stx16;stx16
ENSDARG00000077859;ndufaf4;Ndufaf4;ndufaf4
ENSDARG00000058203;smc1al;Smc1a;smc1al
ENSDARG00000074933;polg2;Polg2;polg2
ENSDARG00000055973;zar1l;Zar1l;zar1l
ENSDARG00000037919;rbbp6;Rbbp6;rbbp6
ENSDARG00000061778;fmn2b;Fmn2;fmn2b
ENSDARG00000024537;emilin1a;Emilin1;emilin1a
ENSDARG00000060021;vcpkmt;Vcpkmt;vcpkmt
ENSDARG00000099280;utp20;Utp20;utp20
ENSDARG00000044053;vsnl1b;Vsnl1;vsnl1b
ENSDARG00000071357;map4k3b;Map4k3;map4k3b
ENSDARG00000063466;isy1;Isy1;isy1
ENSDARG00000075542;zfhx4;Zfhx4;zfhx4
ENSDARG00000070833;lin52;Lin52;lin52
ENSDARG00000060868;mbtd1;Mbtd1;mbtd1
ENSDARG00000099885;trim105;Trim69;trim105
ENSDARG00000031702;prkg1b;Prkg1;prkg1b
ENSDARG00000021408;poglut3;Poglut3;kdelc2
ENSDARG00000062594;coq7;Coq7;coq7
ENSDARG00000055350;sun1b;Sun1;sun1
ENSDARG00000051975;cd99;Cd99;cd99
ENSDARG00000092383;snorc;Snorc;si:dkeyp-12a9.5
ENSDARG00000069269;wdr35;Wdr35;wdr35
ENSDARG00000058630;zgc:162472;Bdp1;zgc:162472
ENSDARG00000069439;ptgdsa;Lcn2;ptgdsa
ENSDARG00000074286;hint3;Hint3;hint3
ENSDARG00000059817;mtmr12;Mtmr12;mtmr12
ENSDARG00000033967;trmt2b;Trmt2b;trmt2b
ENSDARG00000060252;mogs;Mogs;mogs
ENSDARG00000075422;mrpl49;Mrpl49;ENSDARG00000075422
ENSDARG00000077227;fbxl6;Fbxl6;fbxl6
ENSDARG00000109055;ftr81;Trim80;zgc:136302
ENSDARG00000037570;polr1d;Polr1d;polr1d
ENSDARG00000058231;nt5c2b;Nt5c2;nt5c2b
ENSDARG00000009046;nphp1;Nphp1;nphp1
ENSDARG00000014378;slc12a4;Slc12a4;slc12a4
ENSDARG00000029100;chchd1;Chchd1;chchd1
ENSDARG00000079636;fam177a1;Fam177a;fam177a1
ENSDARG00000103666;dapk2b;Dapk2;dapk2b
ENSDARG00000086269;ndst2a;Ndst2;ndst2a
ENSDARG00000073837;senp2;Semp2l2a;senp2
ENSDARG00000062267;kdm3b;Kdm3b;kdm3b
ENSDARG00000086764;mdc1;Mdc1;mdc1
ENSDARG00000057456;ppp3ccb;Ppp3cc;ppp3ccb
ENSDARG00000097205;ulk2;Ulk2;ulk2
ENSDARG00000002494;itgb6;Itgb6;itgb6
ENSDARG00000078992;wnk1a;Wnk1;wnk1a
ENSDARG00000077950;tor1;Tor1b;tor1
ENSDARG00000060477;vps8;Vps8;vps8
ENSDARG00000012397;eya4;Eya4;eya4
ENSDARG00000030053;eef1db;Eef1d;eef1db
ENSDARG00000040713;rbbp9;Rbbp9;rbbp9
ENSDARG00000063097;scube1;Scube1;scube1
ENSDARG00000067984;gas1b;Gas1;gas1b
ENSDARG00000058114;bpnt2;Bpnt2;impad1
ENSDARG00000024964;patj;Patj;inadl
ENSDARG00000026925;nos2a;Nos2;nos2a
ENSDARG00000031976;nos2b;Nos2;nos2b
ENSDARG00000098766;pcxa;Pcx;pcxa
ENSDARG00000022413;ing5a;Ing5;ing5a
ENSDARG00000063352;inpp4aa;Inpp4a;inpp4aa
ENSDARG00000078618;inpp5kb;Inpp5k;inpp5kb
ENSDARG00000035350;ins;Ins2;ins
ENSDARG00000070966;insl5a;Insl5;insl5a
ENSDARG00000045070;itgb3b;Itgb3;itgb3b
ENSDARG00000056767;itgb3a;Itgb3;itgb3a
ENSDARG00000061265;lmln;Lmln;lmln
ENSDARG00000002779;pdx1;Pdx1;pdx1
ENSDARG00000003446;ippk;Ippk;ippk
ENSDARG00000029291;ipmkb;Ipmk;ipmkb
ENSDARG00000060618;ipo13b;Ipo13;ipo13
ENSDARG00000057276;iqca1;Iqca1;iqca1
ENSDARG00000068678;iqcg;Iqcg;iqcg
ENSDARG00000077709;iqsec2b;Iqsec2;iqsec2b
ENSDARG00000078311;dcaf6;Dcaf6;dcaf6
ENSDARG00000011948;insra;Insr;insra
ENSDARG00000071524;insrb;Insr;insrb
ENSDARG00000043492;irf1a;Irf1;irf1a
ENSDARG00000043249;irf1b;Irf1;txndc15
ENSDARG00000040465;irf2b;Irf2;irf2
ENSDARG00000098635;irf2bp2b;Irf2bp2;irf2bp2b
ENSDARG00000006560;irf4a;Irf4;irf4a
ENSDARG00000069844;acod1;Acod1;irg1
ENSDARG00000056594;irx1b;Irx1;irx1b
ENSDARG00000034043;irx5a;Irx5;irx5a
ENSDARG00000074070;irx5b;Irx5;irx5b
ENSDARG00000026376;aco1;Aco1;aco1
ENSDARG00000075282;irs2b;Irs2;irs2b
ENSDARG00000075450;mkxa;Mkx;mkxa
ENSDARG00000003904;sycp1;Sycp1;sycp1
ENSDARG00000074754;ifi27.6;Ifi27l2b;si:dkey-188i13.9
ENSDARG00000075151;ifi27.7;Ifi27l2a;si:dkey-188i13.10
ENSDARG00000092895;ifi27.8;Ifi27l2a;si:dkey-188i13.11
ENSDARG00000016457;irf9;Irf9;irf9
ENSDARG00000004023;isl1a;Isl1;isl1
ENSDARG00000021055;isl1b;Isl1;isl1l
ENSDARG00000003971;isl2a;Isl2;isl2a
ENSDARG00000053499;isl2b;Isl2;isl2b
ENSDARG00000053859;ism2b;Ism2;ism2b
ENSDARG00000005034;crppa;Crppa;ispd
ENSDARG00000074903;itcha;Itch;itcha
ENSDARG00000071449;fam234a;Fam234a;fam234a
ENSDARG00000036086;itga11a;Itga11;itga11a
ENSDARG00000067848;nmrk2;Nmrk2;nmrk2
ENSDARG00000020232;eif6;Eif6;eif6
ENSDARG00000055053;itih3a.2;Itih1;itih1
ENSDARG00000055036;itih3a.1;Itih3;itih3a
ENSDARG00000007098;itm2ba;Itm2b;itm2ba
ENSDARG00000044175;oxtrb;Oxtr;oxtrl
ENSDARG00000033956;oxtra;Oxtr;oxtr
ENSDARG00000013056;itpk1a;Itpk1;itpk1a
ENSDARG00000014655;itpr1a;Itpr1;itpr1a
ENSDARG00000068576;olfcd3;Vmn2r120;olfcd3
ENSDARG00000098492;olfcd2;Vmn2r26;olfcd2
ENSDARG00000057624;cops5;Cops5;cops5
ENSDARG00000043443;kcnj13;Kcnj13;kcnj13
ENSDARG00000021389;jag2b;Jag2;jag2b
ENSDARG00000013168;jag1b;Jag1;jag1b
ENSDARG00000104808;jak2a;Jak2;jak2a
ENSDARG00000018882;jak2b;Jak2;jak2b
ENSDARG00000058996;jam2a;Jam2;jam2a
ENSDARG00000061794;jam3b;Jam3;jam3b
ENSDARG00000060925;jarid2a;Jarid2;jarid2a
ENSDARG00000003293;sox9a;Sox9;sox9a
ENSDARG00000078133;kdm2ab;Kdm2a;kdm2ab
ENSDARG00000059653;kdm2aa;Kdm2a;kdm2aa
ENSDARG00000062531;mapk8ip3;Mapk8ip3;mapk8ip3
ENSDARG00000019103;kdm4ab;Kdm4a;kdm4ab
ENSDARG00000099675;kdm4b;Kdm4b;kdm4b
ENSDARG00000061504;kdm4c;Kdm4c;kdm4c
ENSDARG00000056929;kdm6bb;Kdm6b;kdm6bb
ENSDARG00000088087;kdm6ba;Kdm6b;kdm6ba
ENSDARG00000102512;kdm8;Kdm8;kdm8
ENSDARG00000102896;jmjd6;Jmjd6;jmjd6
ENSDARG00000009870;mapk8b;Mapk8;mapk8b
ENSDARG00000031888;mapk8a;Mapk8;mapk8a
ENSDARG00000077364;mapk9;Mapk9;mapk9
ENSDARG00000102730;mapk10;Mapk10;mapk10
ENSDARG00000058603;jph1a;Jph1;jph1a
ENSDARG00000013457;mtrex;Mtrex;skiv2l2
ENSDARG00000074378;junba;Junb;junba
ENSDARG00000104773;junbb;Junb;junbb
ENSDARG00000045956;kcnk10b;Kcnk10;kcnk10b
ENSDARG00000062849;kcnk10a;Kcnk10;kcnk10a
ENSDARG00000057049;kcnk18;Kcnk18;kcnk18
ENSDARG00000035390;tnpo1;Tnpo1;tnpo1
ENSDARG00000039066;klhl31;Klhl31;klhl31
ENSDARG00000068888;klhl41a;Klhl41;klhl41a
ENSDARG00000039052;klhl40a;Klhl40;klhl40a
ENSDARG00000019125;klhl40b;Klhl40;klhl40b
ENSDARG00000078187;slc12a5b;Slc12a5;slc12a5b
ENSDARG00000046014;kcna6a;Kcna6;kcna6a
ENSDARG00000008140;kcnab1a;Kcnab1;kcnab1a
ENSDARG00000038862;kcnb2a;Kcnb2;kcnb2
ENSDARG00000051852;kcnc1a;Kcnc1;kcnc1a
ENSDARG00000027940;kcnf1a;Kcnf1;kcnf1a
ENSDARG00000062967;kcng4a;Kcng4;kcng4a
ENSDARG00000024167;kcnh1a;Kcnh1;kcnh1a
ENSDARG00000029881;kcnh2a;Kcnh2;kcnh2a
ENSDARG00000061990;kcnh4b;Kcnh4;kcnh4b
ENSDARG00000043220;kcnh5a;Kcnh5;kcnh5a
ENSDARG00000091232;kcnj1a.1;Kcnj1;kcnj1a.1
ENSDARG00000104965;kcnj12a;Kcnj12;kcnj12a
ENSDARG00000019418;kcnj2a;Kcnj2;kcnj2a
ENSDARG00000043557;kcnk13b;Kcnk13;kcnk13b
ENSDARG00000055123;kcnk2a;Kcnk2;kcnk2a
ENSDARG00000043466;kcnk3a;Kcnk3;kcnk3a
ENSDARG00000079840;kcnma1a;Kcnma1;kcnma1a
ENSDARG00000006568;kcnmb2a;Kcnmb1;kcnmb2
ENSDARG00000001712;s100p;Kcnmb2;si:ch211-247n2.1
ENSDARG00000023546;kcnn1b;Kcnn1;kcnn1b
ENSDARG00000059798;kcnq1.1;Kcnq1;kcnq1
ENSDARG00000069953;kcnq5b;Kcnq5;kcnq5b
ENSDARG00000023703;kctd6b;Kctd6;kctd6b
ENSDARG00000010603;kctd9b;Kctd9;kctd9b
ENSDARG00000031971;poglut2;Poglut2;kdelc1
ENSDARG00000037361;kdelr2b;Kdelr2;kdelr2b
ENSDARG00000079834;kdf1a;Kdf1;kdf1a
ENSDARG00000017321;kdr;Kdr;kdr
ENSDARG00000016132;keap1a;Keap1;keap1a
ENSDARG00000028618;krt18b;Krt18;ENSDARG00000028618
ENSDARG00000103953;med12;Med12;med12
ENSDARG00000013207;zeb1b;Zeb1;zeb1b
ENSDARG00000016531;klhl4;Klhl4;klhl4
ENSDARG00000077264;wdr43;Wdr43;wdr43
ENSDARG00000097772;si:ch211-185a18.2;2700049A03Rik;si:ch211-185a18.2
ENSDARG00000034227;si:dkey-243i1.1;4933427D14Rik;si:dkey-243i1.1
ENSDARG00000069995;dpy19l1l;Dpy19l1;dpy19l1l
ENSDARG00000057227;matcap2;Matcap2;si:dkey-222b8.4
ENSDARG00000035023;khdc4;Khdc4;kiaa0907
ENSDARG00000019160;sh3bp5la;Sh3bp5l;sh3bp5la
ENSDARG00000079731;kif13ba;Kif13b;kif13ba
ENSDARG00000013343;kif26ba;Kif26b;kif26ba
ENSDARG00000079500;kif3cb;Kif3c;kif3cb
ENSDARG00000098936;kif5aa;Kif5a;kif5aa
ENSDARG00000077257;timd4;Timd4;timd4
ENSDARG00000030938;fermt3b;Fermt3;fermt3b
ENSDARG00000104389;kcnj2b;Kcnj2;kcnj2b
ENSDARG00000062618;kcnj12b;Kcnj12;kcnj12b
ENSDARG00000075914;kcnj14;Kcnj14;kcnj14
ENSDARG00000090815;kcnj10a;Kcnj10;kcnj10a
ENSDARG00000045589;kcnj8;Kcnj8;kcnj8
ENSDARG00000051880;kcnj11;Kcnj11;kcnj11
ENSDARG00000001634;kirrel1a;Kirrel1;kirrel1a
ENSDARG00000056998;kirrel1b;Kirrel1;kirrel1b
ENSDARG00000002728;kiss1ra;Kiss1r;kiss1ra
ENSDARG00000067563;kiss1rb;Kiss1r;kiss1rb
ENSDARG00000075829;kiss1;Kiss1;kiss1
ENSDARG00000070917;kitlga;Kitl;kitlga
ENSDARG00000058042;kitlgb;Kitl;kitlgb
ENSDARG00000030844;klf11a;Klf11;klf11a
ENSDARG00000015495;klf3;Klf3;klf3
ENSDARG00000061368;klf13;Klf13;klf13
ENSDARG00000069342;zgc:153115;Klf16;zgc:153115
ENSDARG00000018757;klf5l;Klf5;klf5l
ENSDARG00000079922;klf4;Klf4;klf4
ENSDARG00000062106;klf5b;Klf5;klf5b
ENSDARG00000073857;klf7a;Klf7;klf7a
ENSDARG00000043821;klf7b;Klf7;klf7b
ENSDARG00000017400;klf1;Klf1;klf1
ENSDARG00000006011;klhl42;Klhl42;klhl42
ENSDARG00000001882;kbtbd12;Kbtbd12;kbtbd12
ENSDARG00000074634;keap1b;Keap1;keap1b
ENSDARG00000021739;klhl24a;Klhl24;klhl24a
ENSDARG00000102418;enc2;Klhl25;enc2
ENSDARG00000075339;ipp;Ipp;ipp
ENSDARG00000035398;enc1;Enc1;enc1
ENSDARG00000031383;klhl38a;Klhl38;klhl38a
ENSDARG00000021582;dynlrb1;Dynlrb1;dynlrb1
ENSDARG00000078650;kcna4;Kcna4;kcna4
ENSDARG00000086571;kcna7;Kcna7;knca7
ENSDARG00000012073;kif15;Kif15;kif15
ENSDARG00000055876;msmo1;Msmo1;msmo1
ENSDARG00000017121;mafba;Mafb;mafba
ENSDARG00000062579;kremen1;Kremen1;kremen1
ENSDARG00000023082;krt1-19d;Krt42;krt1-19d
ENSDARG00000044976;krt93;Krt19;krt93
ENSDARG00000019365;krt99;Krt26;zgc:110712
ENSDARG00000014356;krt95;Krt19;krt95
ENSDARG00000092947;cyt1;Krt12;cyt1
ENSDARG00000043242;si:dkey-222f2.1;Krt75;si:dkey-222f2.1
ENSDARG00000058462;zgc:158846;Gm5414;zgc:158846
ENSDARG00000053463;poglut1;Poglut1;poglut1
ENSDARG00000103643;unc45a;Unc45a;unc45a
ENSDARG00000055855;kcnc3a;Kcnc3;kcnc3a
ENSDARG00000105255;zbtb4;Zbtb4;zbtb4
ENSDARG00000005942;vmn2r1;Vmn2r1;v2rl1
ENSDARG00000015025;l1camb;L1cam;nadl1.1
ENSDARG00000007149;l1cama;L1cam;nadl1.2
ENSDARG00000011466;afg1la;Afg1l;afg1la
ENSDARG00000042902;afg1lb;Afg1l;afg1lb
ENSDARG00000019181;rpsa;Rpsa;rpsa
ENSDARG00000000861;scrib;Scrib;scrib
ENSDARG00000103479;ptprfa;Ptprf;ptprfa
ENSDARG00000005126;large1;Large1;large
ENSDARG00000078401;larp4aa;Larp4;larp4aa
ENSDARG00000002365;cers5;Cers5;cers5
ENSDARG00000053583;cers6;Cers6;cers6
ENSDARG00000099265;slc7a5;Slc7a5;slc7a5
ENSDARG00000037748;slc43a1b;Slc43a1;slc43a1b
ENSDARG00000032976;cmlc1;Myl4;cmlc1
ENSDARG00000074471;vps39;Vps39;vps39
ENSDARG00000099980;bpifcl;Lbp;bpifcl
ENSDARG00000018321;lbx1a;Lbx1;lbx1a
ENSDARG00000101127;map1lc3b;Map1lc3b;map1lc3b
ENSDARG00000088357;acadl;Acadl;acadl
ENSDARG00000009472;med19b;Med19;med19b
ENSDARG00000061231;tinagl1;Tinagl1;tinagl1
ENSDARG00000044862;opn1lw1;Opn1mw;opn1lw1
ENSDARG00000036215;lcp2b;Lcp2;lcp2b
ENSDARG00000103158;ldb1b;Ldb1;ENSDARG00000103158
ENSDARG00000019579;ldb2a;Ldb2;ldb2a
ENSDARG00000034896;ldb2b;Ldb2;ldb2b
ENSDARG00000010137;ldb1a;Ldb1;ldb1a
ENSDARG00000101251;ldha;Ldha;ldha
ENSDARG00000019644;ldhba;Ldhb;ldhba
ENSDARG00000029476;ldlra;Ldlr;ldlra
ENSDARG00000069843;kctd12.1;Kctd12;kctd12.1
ENSDARG00000095553;lenep;Lenep;lenep
ENSDARG00000033436;mboat7;Mboat7;mboat7
ENSDARG00000016404;ptch1;Ptch1;ptch1
ENSDARG00000091085;lepa;Lep;lepa
ENSDARG00000071212;p3h1;P3h1;p3h1
ENSDARG00000103026;p3h2;P3h2;p3h2
ENSDARG00000057879;p3h3;P3h3;p3h3
ENSDARG00000015889;zc3h15;Zc3h15;zc3h15
ENSDARG00000077515;letm2;Letm2;letm2
ENSDARG00000035435;m17;Cntf;m17
ENSDARG00000037805;lgals3bp.3;Lgals3bp;lgals3bpa
ENSDARG00000040528;lgals3bp.1;Lgals3bp;lgals3bpb
ENSDARG00000037066;lgals8a;Lgals8;lgals8a
ENSDARG00000041060;lgals9l3;Lgals9;lgals9l3
ENSDARG00000089463;dhx58;Dhx58;dhx58
ENSDARG00000012929;eif2d;Eif2d;eif2d
ENSDARG00000011821;plod2;Plod2;plod2
ENSDARG00000004363;lhfpl6;Lhfpl6;lhfp
ENSDARG00000098153;lhfpl2b;Lhfpl2;lhfpl2b
ENSDARG00000076943;lhfpl4b;Lhfpl4;lhfpl4b
ENSDARG00000056458;lhfpl5b;Lhfpl5;lhfpl5b
ENSDARG00000006896;lhx6a;Lhx6;lhx6
ENSDARG00000055639;ruvbl2;Ruvbl2;ruvbl2
ENSDARG00000014018;lhx1a;Lhx1;lhx1a
ENSDARG00000057936;lhx5;Lhx5;lhx5
ENSDARG00000007944;lhx1b;Lhx1;lhx1b
ENSDARG00000041870;ift172;Ift172;ift172
ENSDARG00000103467;limk1a;Limk1;limk1a
ENSDARG00000016999;lin28ab;Lin28a;lin28a
ENSDARG00000063194;lin54;Lin54;lin54
ENSDARG00000035899;lingo1b;Lingo1;lingo1b
ENSDARG00000069970;lingo2b;Lingo2;lingo2b
ENSDARG00000086879;lins1;Lins1;lins1
ENSDARG00000053476;lipca;Lipc;lipca
ENSDARG00000061214;lpin2;Lpin2;lipin2
ENSDARG00000100095;anxa1b;Anxa1;anxa1b
ENSDARG00000026595;pafah1b1b;Pafah1b1;pafah1b1b
ENSDARG00000032013;pafah1b1a;Pafah1b1;pafah1b1a
ENSDARG00000104573;slc12a2;Slc12a2;slc12a2
ENSDARG00000068143;slc39a6;Slc39a6;slc39a6
ENSDARG00000046074;stk11;Stk11;stk11
ENSDARG00000102657;lman2la;Lman2l;lman2la
ENSDARG00000099566;lmbrd2a;Lmbrd2;lmbrd2a
ENSDARG00000008720;lmo3;Lmo3;lmo3
ENSDARG00000056111;lmod1a;Lmod1;lmod1a
ENSDARG00000104815;lmx1ba;Lmx1b;lmx1ba
ENSDARG00000006003;mycla;Mycl;mycla
ENSDARG00000099874;agap2;Agap2;agap2
ENSDARG00000029177;lnx2a;Lnx2;lnx2a
ENSDARG00000056964;ilk;Ilk;ilk
ENSDARG00000077778;adamts9;Adamts9;adamts9
ENSDARG00000103101;ndufc1;Ndufc1;NDUFC1
ENSDARG00000061062;nemp2;Nemp2;nemp2
ENSDARG00000012030;dnaaf1;Dnaaf1;dnaaf1
ENSDARG00000014685;esco2;Esco2;esco2
ENSDARG00000078592;nomo;Nomo1;nomo
ENSDARG00000020607;emc3;Emc3;emc3
ENSDARG00000058861;ncln;Ncln;ncl1
ENSDARG00000056656;tspan18a;Tspan18;tspan18a
ENSDARG00000078567;lonrf1;Lonrf1;lonrf1l
ENSDARG00000070686;cdipt;Cdipt;cdipt
ENSDARG00000003259;loxa;Lox;loxa
ENSDARG00000062552;lpar6a;Lpar6;lpar6a
ENSDARG00000010384;lpar5a;Lpar5;lpar5a
ENSDARG00000070029;ehhadh;Ehhadh;ehhadh
ENSDARG00000089292;adgrl1a;Adgrl1;adgrl1a
ENSDARG00000061121;adgrl3.1;Adgrl3;adgrl3.1
ENSDARG00000020239;lpin1a;Lpin1;lpin1
ENSDARG00000002231;plpp2a;Plpp2;plpp2a
ENSDARG00000059933;plpp3;Plpp3;plpp3
ENSDARG00000101478;plppr2a;Plppr2;plppr2a
ENSDARG00000028552;plppr3b;Plppr3;plppr3b
ENSDARG00000010144;plppr3a;Plppr3;plppr3a
ENSDARG00000079671;plppr4a;Plppr4;plppr4a
ENSDARG00000057209;plppr5a;Plppr5;plppr5a
ENSDARG00000101348;plppr5b;Plppr5;plppr5b
ENSDARG00000006257;vldlr;Vldlr;vldlr
ENSDARG00000037278;lrata;Lrat;lrata
ENSDARG00000019179;lrit1a;Lrit1;lrit1a
ENSDARG00000057054;lrit3b;Lrit3;lrit3b
ENSDARG00000006921;lrp5;Lrp5;lrp5
ENSDARG00000071491;nrros;Nrros;nrros
ENSDARG00000075147;lrrc38a;Lrrc38;lrrc38a
ENSDARG00000041300;drc3;Drc3;drc3
ENSDARG00000069402;lrrc4.1;Lrrc4;lrrc4.1
ENSDARG00000053318;dnaaf11;Dnaaf11;lrrc6
ENSDARG00000057632;ppp1r42;Ppp1r42;ppp1r42
ENSDARG00000032188;lrrc8aa;Lrrc8a;lrrc8aa
ENSDARG00000103840;lrrc8db;Lrrc8d;lrrc8db
ENSDARG00000102407;cep97;Cep97;cep97
ENSDARG00000077569;lrrn3a;Lrrn3;lrrn3a
ENSDARG00000040668;lrrc51;Lrrc51;lrrc51
ENSDARG00000045483;lrtm2a;Lrtm2;lrtm2a
ENSDARG00000099291;lsr;Lsr;lsr
ENSDARG00000013598;tnfb;Lta;tnfb
ENSDARG00000020483;lta;Lta;lta
ENSDARG00000024877;ptgr1.1;Ptgr1;ptgr1
ENSDARG00000090190;bcam;Bcam;bcam
ENSDARG00000045580;lum;Lum;lum
ENSDARG00000104775;ly6m2;Lypd8;si:ch211-134a4.1
ENSDARG00000102159;ly6m6;Lypd8l;si:ch211-134a4.5
ENSDARG00000103320;lclat1;Lclat1;lclat1
ENSDARG00000103271;pla2g15;Pla2g15;pla2g15
ENSDARG00000014159;mtdha;Mtdh;mtdha
ENSDARG00000057789;lyz;Lyz2;lyz
ENSDARG00000056874;lygl1;Lyg1;lygl1
ENSDARG00000074597;lzts2a;Lzts2;lzts2a
ENSDARG00000006292;cfap91;Cfap91;maats1
ENSDARG00000008803;marcksb;Marcks;marcksb
ENSDARG00000032039;mxd1;Mxd1;mxd1
ENSDARG00000098350;mxd3;Mxd3;mxd3
ENSDARG00000036096;smad3a;Smad3;smad3a
ENSDARG00000010207;smad3b;Smad3;smad3b
ENSDARG00000075226;smad4a;Smad4;smad4a
ENSDARG00000053209;smad6a;Smad6;smad6a
ENSDARG00000021938;smad9;Smad9;smad9
ENSDARG00000013122;maf1a;Maf1;maf1
ENSDARG00000044155;mafaa;Mafa;mafaa
ENSDARG00000018109;mafga;Mafg;mafga
ENSDARG00000100097;mafgb;Mafg;mafgb
ENSDARG00000058212;ndnl2;Mageb2;ndnl2
ENSDARG00000038635;magoh;Magohb;magoh
ENSDARG00000051956;isca1;Isca1;isca1
ENSDARG00000027825;naa50;Naa50;naa50
ENSDARG00000070401;mala.1;Mal;ENSDARG00000070401
ENSDARG00000024017;mdga2a;Mdga2;mdga2a
ENSDARG00000017886;zbtb11;Zbtb11;zbtb11
ENSDARG00000076592;man1b1b;Man1b1;man1b1b
ENSDARG00000037195;tshr;Tshr;tshr
ENSDARG00000017127;pdzk1ip1;Pdzk1ip1;pdzk1ip1
ENSDARG00000019715;metap1d;Metap1d;metap1d
ENSDARG00000099184;map2k6;Map2k6;map2k6
ENSDARG00000063583;map2k4a;Map2k4;map2k4a
ENSDARG00000021509;tab2;Tab2;tab2
ENSDARG00000062063;tab3;Tab3;tab3
ENSDARG00000068745;map4l;Map4;map4l
ENSDARG00000001234;map4k2;Map4k2;map4k2
ENSDARG00000068480;map7d2a;Map7d2;map7d2a
ENSDARG00000102229;mapk8ip1a;Mapk8ip1;mapk8ip1a
ENSDARG00000057075;lamtor3;Lamtor3;lamtor3
ENSDARG00000002659;mapre1b;Mapre1;mapre1b
ENSDARG00000042927;mapre1a;Mapre1;mapre1a
ENSDARG00000099871;myo7aa;Myo7a;myo7aa
ENSDARG00000070487;marc1;Mtarc1;ENSDARG00000070487
ENSDARG00000037487;marchf1;Marchf1;march1
ENSDARG00000061738;marchf2;Marchf2;march2
ENSDARG00000056439;marchf4b;Marchf4;march4
ENSDARG00000055839;marchf4a;Marchf4;MARCH4
ENSDARG00000032552;marchf5;Marchf5;march5
ENSDARG00000062489;marchf8;Marchf8;march8
ENSDARG00000055740;marchf9;Marchf9;march9
ENSDARG00000035715;marcksl1b;Marcksl1;marcksl1b
ENSDARG00000024966;mark4b;Mark4;MARK4
ENSDARG00000102964;axin1;Axin1;axin1
ENSDARG00000061173;st14a;St14;st14a
ENSDARG00000060051;slc47a2.1;Slc47a1;slc47a2
ENSDARG00000074561;slc47a3;Slc47a1;ENSDARG00000074561
ENSDARG00000046012;slc47a1;Slc47a1;slc47a1
ENSDARG00000079340;slc47a4;Slc47a1;ENSDARG00000079340
ENSDARG00000044655;st14b;St14;st14b
ENSDARG00000102320;mob1a;Mob1a;mob1a
ENSDARG00000009169;mob1ba;Mob1b;mob1ba
ENSDARG00000077690;mb21d2;Mb21d2;mb21d2
ENSDARG00000027602;lrfn1;Lrfn1;lrfn1
ENSDARG00000025699;mbd1b;Mbd1;mbd1b
ENSDARG00000042551;mboat2b;Mboat2;mboat2b
ENSDARG00000002510;dmbx1b;Dmbx1;dmbx1b
ENSDARG00000022895;mcf2a;Mcf2;mcf2a
ENSDARG00000019507;mcm5;Mcm5;mcm5
ENSDARG00000013528;mcm9;Mcm9;mcm9
ENSDARG00000002285;mcoln1a;Mcoln1;mcoln1a
ENSDARG00000058848;mcoln1b;Mcoln1;mcoln1b
ENSDARG00000078363;mcoln3a;Mcoln3;mcoln3a
ENSDARG00000020984;slc16a10;Slc16a10;slc16a10
ENSDARG00000045051;slc16a3b;Slc16a3;slc16a3
ENSDARG00000016964;mcur1;Mcur1;ENSDARG00000016964
ENSDARG00000090649;ly86;Ly86;ly86
ENSDARG00000018553;ifih1;Ifih1;ifih1
ENSDARG00000006624;ppp2r2ab;Ppp2r2a;ppp2r2ab
ENSDARG00000004472;atat1;Atat1;atat1
ENSDARG00000071339;borcs8;Borcs8;borcs8
ENSDARG00000021974;sfr1;Sfr1;sfr1
ENSDARG00000077840;meis2b;Meis2;meis2b
ENSDARG00000002937;meis1a;Meis1;meis1a
ENSDARG00000007825;map2k1;Map2k1;map2k1
ENSDARG00000037545;mtnr1aa;Mtnr1a;mtnr1aa
ENSDARG00000053833;mtnr1ba;Mtnr1b;mtnr1ba
ENSDARG00000086493;mtnr1bb;Mtnr1b;mtnr1bb
ENSDARG00000007553;opn4.1;Opn4;opn4.1
ENSDARG00000009782;myh11a;Myh11;myh11a
ENSDARG00000089456;men1;Men1;men1
ENSDARG00000040911;meox2a;Meox2;meox2a
ENSDARG00000029747;mep1a.1;Mep1a;mep1a.1
ENSDARG00000008029;mep1a.2;Mep1a;mep1a.2
ENSDARG00000037533;mep1ba;Mep1b;mep1b
ENSDARG00000074695;mertka;Mertk;mertka
ENSDARG00000079017;tlnrd1;Tlnrd1;mesdc1
ENSDARG00000063030;mesd;Mesd;mesdc2
ENSDARG00000017078;mespaa;Mesp1;mespaa
ENSDARG00000068761;mespab;Mesp1;mespab
ENSDARG00000030347;mespba;Mesp2;mespba
ENSDARG00000070546;msgn1;Msgn1;msgn1
ENSDARG00000102571;metap2b;Metap2;metap2b
ENSDARG00000069261;metap2a;Metap2;metap2a
ENSDARG00000103889;mettl17;Mettl17;mettl17
ENSDARG00000102144;eef1akmt2;Eef1akmt2;mettl10
ENSDARG00000022399;ntmt1;Ntmt1;ntmt1
ENSDARG00000042033;ntmt2;Ntmt2;mettl11b
ENSDARG00000033957;trmt44;Trmt44;trmt44
ENSDARG00000079080;etfbkmt;Etfbkmt;mettl20
ENSDARG00000056726;tmt1a.1;Tmt1b;mettl7a
ENSDARG00000028478;tmt1a.2;Tmt1a;si:ch211-173n18.3
ENSDARG00000060889;tmt1a.3;Tmt1b;si:ch211-173n18.4
ENSDARG00000042526;sebox;Sebox;sebox
ENSDARG00000090783;mfap4.1;Mfap4;mfap4
ENSDARG00000032318;mfsd6a;Mfsd6;mfsd6a
ENSDARG00000053753;mffa;Mff;mff
ENSDARG00000045803;mfge8b;Mfge8;mfge8b
ENSDARG00000037429;tll1;Tll1;tll1
ENSDARG00000079219;mfn1b;Mfn1;mfn1b
ENSDARG00000052994;slc25a28;Slc25a28;slc25a28
ENSDARG00000035909;mfsd2ab;Mfsd2a;mfsd2ab
ENSDARG00000030630;mfsd2aa;Mfsd2a;mfsd2aa
ENSDARG00000023768;mfsd4aa;Mfsd4a;mfsd4aa
ENSDARG00000079571;mfsd4b;Mfsd4b2;mfsd4b
ENSDARG00000067639;prpf4;Prpf4;prpf4
ENSDARG00000055996;rps8a;Rps8;rps8a
ENSDARG00000103433;rpl14;Rpl14;rpl14
ENSDARG00000071353;mgarpa;Mgarp;si:ch211-235e9.8
ENSDARG00000019228;mogat2;Mogat2;mogat2
ENSDARG00000038069;mgat3a;Mgat3;mgat3a
ENSDARG00000071506;mgat5;Mgat5;mgat5
ENSDARG00000011841;atp5l;Atp5mg;atp5l
ENSDARG00000029064;uqcrq;Uqcrq;uqcrq
ENSDARG00000014091;osr1;Osr1;osr1
ENSDARG00000039910;rbm42;Rbm42;rbm42
ENSDARG00000011222;ccdc28b;Ccdc28b;ccdc28b
ENSDARG00000038612;dnaaf6;Dnaaf6rt;pih1d3
ENSDARG00000044692;eri1;Eri1;eri1
ENSDARG00000013705;ccm2;Ccm2;ccm2
ENSDARG00000068738;cox5b2;Cox5b;cox5b2
ENSDARG00000020197;rpl5a;Rpl5;rpl5a
ENSDARG00000079504;mfn2;Mfn2;mfn2
ENSDARG00000079564;myh7;Myh6;vmhc
ENSDARG00000004150;grm2a;Grm2;grm2a
ENSDARG00000100072;mgrn1a;Mgrn1;mgrn1a
ENSDARG00000032618;mgst1.1;Mgst1;mgst1.1
ENSDARG00000022165;mgst1.2;Mgst1;mgst1.2
ENSDARG00000102744;mgst3a;Mgst3;mgst3a
ENSDARG00000076307;mhc2d8.37b2;H2-Ab1;si:zfos-2070c2.3
ENSDARG00000041705;mhc2d8.45b1;H2-Ab1;si:busm1-228j01.6
ENSDARG00000008184;mia3;Mia3;mia3
ENSDARG00000102874;immt;Immt;immt
ENSDARG00000097017;mical3a;Mical3;mical3a
ENSDARG00000079811;micall1a;Micall1;micall1a
ENSDARG00000041072;mier1a;Mier1;mier1a
ENSDARG00000006253;mier3a;Mier3;mier3a
ENSDARG00000044751;ddt;Ddt;ddt
ENSDARG00000036359;riox2;Riox2;riox2
ENSDARG00000102082;nr3c2;Nr3c2;nr3c2
ENSDARG00000045172;minpp1b;Minpp1;minpp1b
ENSDARG00000055344;mipepa;Mipep;mipep
ENSDARG00000008859;mylipa;Mylip;mylipa
ENSDARG00000081476;mir126a;Mir126a;dre-mir-126a
ENSDARG00000083082;dre-mir-129-2;Mir129-2;dre-mir-129-2
ENSDARG00000081190;dre-mir-132-1;Mir132;dre-mir-132-1
ENSDARG00000099996;rhot1a;Rhot1;rhot1a
ENSDARG00000056328;rhot2;Rhot2;rhot2
ENSDARG00000100136;dcp1a;Dcp1a;dcp1a
ENSDARG00000045484;dcp1b;Dcp1b;dcp1b
ENSDARG00000037833;mitfb;Mitf;mitfb
ENSDARG00000003732;mitfa;Mitf;mitfa
ENSDARG00000059811;smpd5;Smpd5;smpd5
ENSDARG00000004851;hinfp;Hinfp;hinfp
ENSDARG00000077177;map2k4b;Map2k4;map2k4b
ENSDARG00000008279;map2k7;Map2k7;map2k7
ENSDARG00000088307;mrtfba;Mrtfb;mkl2a
ENSDARG00000076867;mrtfbb;Mrtfb;mkl2b
ENSDARG00000015164;mknk2b;Mknk2;mknk2b
ENSDARG00000086655;mkrn2os.1;Mkrn2os;mkrn2os.1
ENSDARG00000076752;tmem67;Tmem67;tmem67
ENSDARG00000025326;myl12.2;Myl12b;myl12.2
ENSDARG00000053424;myl2b;Myl2;myl2b
ENSDARG00000038123;myl9a;Myl9;myl9a
ENSDARG00000060697;kmt2bb;Kmt2b;kmt2bb
ENSDARG00000043185;mllt1a;Mllt1;mllt1a
ENSDARG00000062481;mlphb;Mlph;mlphb
ENSDARG00000070991;mlpha;Mlph;mlpha
ENSDARG00000005870;mmadhcb;Mmadhc;mmadhc
ENSDARG00000087446;mmd2a;Mmd2;mmd2a
ENSDARG00000009825;mmp23bb;Mmp23;mmp23bb
ENSDARG00000010556;mmp25b;Mmp25;mmp25b
ENSDARG00000102956;mmp17b;Mmp17;mmp17b
ENSDARG00000045887;mmp30;Mmp7;mmp30
ENSDARG00000102167;ppox;Ppox;ppox
ENSDARG00000073988;mntb;Mnt;mntb
ENSDARG00000043451;cab39;Cab39;cab39
ENSDARG00000043705;mob3c;Mob3c;mob3c
ENSDARG00000056085;mob4;Mob4;mob4
ENSDARG00000032324;epb41l5;Epb41l5;epb41l5
ENSDARG00000058128;msna;Msn;msna
ENSDARG00000098786;rangrf;Rangrf;rangrf
ENSDARG00000069296;moxd1l;Moxd2;moxd1l
ENSDARG00000068974;lim2.1;Lim2;lim2.1
ENSDARG00000037402;lim2.3;Lim2;lim2.3
ENSDARG00000015445;lim2.4;Lim2;lim2.4
ENSDARG00000041295;lim2.5;Lim2;lim2.5
ENSDARG00000035562;mpdu1a;Mpdu1;mpdu1a
ENSDARG00000020136;ptges;Ptges;ptges
ENSDARG00000010957;mpp2b;Mpp2;mpp2b
ENSDARG00000015184;mpp3a;Mpp3;mpp3a
ENSDARG00000058222;mpp4a;Mpp4;mpp4a
ENSDARG00000006272;pals1a;Pals1;mpp5a
ENSDARG00000029761;pals2b;Pals2;mpp6b
ENSDARG00000034907;paqr7b;Paqr7;paqr7b
ENSDARG00000088828;paqr8;Paqr8;paqr8
ENSDARG00000041361;ttk;Ttk;ttk
ENSDARG00000060308;urb1;Urb1;urb1
ENSDARG00000004948;bccip;Bccip;bccip
ENSDARG00000061490;u2surp;U2surp;u2surp
ENSDARG00000029612;gpkow;Gpkow;gpkow
ENSDARG00000098466;ube2a;Ube2a;ube2a
ENSDARG00000061400;csgalnact2;Csgalnact2;csgalnact2
ENSDARG00000031891;tbx1;Tbx1;tbx1
ENSDARG00000062865;mrasb;Mras;mras
ENSDARG00000038822;mrc1b;Mrc1;mrc1b
ENSDARG00000032261;rngtt;Rngtt;rngtt
ENSDARG00000104719;abcc1;Abcc1;abcc1
ENSDARG00000014031;abcc2;Abcc2;abcc2
ENSDARG00000007285;mrpl57;Mrpl57;mrpl57
ENSDARG00000013050;abcc12;Abcc12;abcc12
ENSDARG00000079823;kgd4;Mrps36;mrps36
ENSDARG00000094809;ms4a17a.11;Ms4a4a;ms4a17a.14
ENSDARG00000101023;msx2b;Msx2;msx2b
ENSDARG00000038909;msl2a;Msl2;msl2a
ENSDARG00000028740;msnb;Msn;msnb
ENSDARG00000035360;mink1;Mink1;mink1
ENSDARG00000029587;msraa;Msra;msra
ENSDARG00000060235;mst1ra;Mst1r;mst1ra
ENSDARG00000011312;stk3;Stk3;stk3
ENSDARG00000060390;stk26;Stk26;stk26
ENSDARG00000041623;mt2;Mt2;mt2
ENSDARG00000100774;cmc4;Cmc4;cmc4
ENSDARG00000003207;mterf3;Mterf3;mterf3
ENSDARG00000086405;mterf2;Mterf2;mterf2
ENSDARG00000102898;mtf1;Mtf1;CABZ01041223.1
ENSDARG00000074169;gpam;Gpam;gpam
ENSDARG00000074337;cbfa2t2;Cbfa2t2;cbfa2t2
ENSDARG00000030573;nudt1;Nudt1;nudt1
ENSDARG00000008388;mmp14b;Mmp14;mmp14b
ENSDARG00000056690;mtmr1a;Mtmr1;mtmr1a
ENSDARG00000037101;mtmr7a;Mtmr7;mtmr7a
ENSDARG00000063895;mt-nd1;mt-Nd1;mt-nd1
ENSDARG00000063914;mt-nd3;mt-Nd3;mt-nd3
ENSDARG00000063917;mt-nd4;mt-Nd4;mt-nd4
ENSDARG00000063916;mt-nd4l;mt-Nd4l;mt-nd4l
ENSDARG00000008637;mttp;Mttp;mtp
ENSDARG00000030367;metrn;Metrn;metrn
ENSDARG00000087260;mtss1lb;Mtss2;mtss1lb
ENSDARG00000034105;mtus1b;Mtus1;mtus1b
ENSDARG00000062347;mtus2a;Mtus2;mtus2a
ENSDARG00000036109;mtx1b;Mtx1;mtx1b
ENSDARG00000069382;mxtx1;Duxbl1;mxtx1
ENSDARG00000070331;muc5.1;Muc5b;muc5.1
ENSDARG00000021398;mul2;Mul1;mul1a
ENSDARG00000094300;nupr1a;Nupr1;ENSDARG00000094300
ENSDARG00000056743;cavin4b;Cavin4;cavin4b
ENSDARG00000086685;trim63b;Trim63;trim63b
ENSDARG00000029596;trim55a;Trim55;trim55a
ENSDARG00000029907;trim54;Trim54;trim54
ENSDARG00000060554;mmut;Mmut;mut
ENSDARG00000043734;trmu;Trmu;trmu
ENSDARG00000056125;myct1a;Myct1;myct1a
ENSDARG00000045296;cops9;Cops9;myeov2
ENSDARG00000079782;myh7l;Myh7;vmhcl
ENSDARG00000076075;myh7ba;Myh7b;myh7ba
ENSDARG00000035322;myh7bb;Myh7b;myh7bb
ENSDARG00000103969;smyhc2;Myh6;smyhc2
ENSDARG00000099115;smyhc2;Myh6;ENSDARG00000099115
ENSDARG00000008030;myl9b;Myl9;myl9b
ENSDARG00000017004;myo10;Myo10;myo10
ENSDARG00000075752;myo18aa;Myo18a;myo18aa
ENSDARG00000024694;myo1b;Myo1b;myo1b
ENSDARG00000036179;myo1ea;Myo1e;myo1ea
ENSDARG00000076729;myo9aa;Myo9a;myo9aa
ENSDARG00000071465;lrrc39;Lrrc39;lrrc39
ENSDARG00000036104;myo1g;Myo1g;MYO1G
ENSDARG00000010784;ppp1r12a;Ppp1r12a;ppp1r12a
ENSDARG00000012311;myoz2a;Myoz2;myoz2a
ENSDARG00000038814;myripb;Myrip;myrip
ENSDARG00000027187;kat8;Kat8;kat8
ENSDARG00000099465;rnf213a;Rnf213;rnf213a
ENSDARG00000040584;eef1akmt1;Eef1akmt1;n6amt2
ENSDARG00000016830;rimkla;Rimkla;rimkla
ENSDARG00000042940;nab1a;Nab1;nab1a
ENSDARG00000078238;nacc1b;Nacc1;nacc1b
ENSDARG00000091320;nlrc6;Nlrp4e;zgc:136791
ENSDARG00000078234;nlrc7;Nlrp12;si:dkey-253d23.12
ENSDARG00000076819;nlrc8;Nlrp4e;si:dkey-121n8.4
ENSDARG00000076110;nwd1;Nwd1;nwd1
ENSDARG00000074591;eda;Eda;eda
ENSDARG00000007181;nadk2;Nadk2;nadk2
ENSDARG00000016936;hmcn1;Hmcn1;hmcn1
ENSDARG00000030598;nampt1;Nampt;nampta
ENSDARG00000102419;azi2;Azi2;azi2
ENSDARG00000043012;napgb;Napg;napgb
ENSDARG00000012903;slc34a2a;Slc34a2;slc34a2a
ENSDARG00000036864;slc34a2b;Slc34a2;slc34a2b
ENSDARG00000027930;naprt;Naprt;naprt
ENSDARG00000020217;cpsf4;Cpsf4;cpsf4
ENSDARG00000074185;pcsk9;Pcsk9;pcsk9
ENSDARG00000003213;naa15a;Naa15;naa15a
ENSDARG00000086670;ice2;Ice2;ice2
ENSDARG00000037794;nptx2a;Nptx2;nptx2a
ENSDARG00000098738;scn4aa;Scn4a;scn4aa
ENSDARG00000034588;scn4ab;Scn4a;scn4ab
ENSDARG00000086819;scn1laa;Scn7a;scn1a
ENSDARG00000005775;scn8aa;Scn8a;scn8aa
ENSDARG00000044808;slc4a4b;Slc4a4;slc4a4b
ENSDARG00000076566;kank3;Kank3;kank3
ENSDARG00000011334;ncaldb;Ncald;ncaldb
ENSDARG00000007220;ncam1b;Ncam1;ncam1b
ENSDARG00000035326;nccrp1;Nccrp1;nccrp1
ENSDARG00000013855;slc12a3;Slc12a3;slc12a3
ENSDARG00000062087;nceh1b.1;Nceh1;nceh1b.1
ENSDARG00000075369;nck1b;Nck1;nck1b
ENSDARG00000021439;ncoa4;Ncoa4;ncoa4
ENSDARG00000035285;ncor1;Ncor1;ncor1
ENSDARG00000013422;slc8a1a;Slc8a1;slc8a1a
ENSDARG00000043406;slc8a1b;Slc8a1;slc8a1b
ENSDARG00000008912;slc8a2a;Slc8a2;slc8a2a
ENSDARG00000100592;slc8a2b;Slc8a2;slc8a2b
ENSDARG00000004931;slc8a3;Slc8a3;slc8a3
ENSDARG00000103791;nme2b.1;Nme2;nme2b.1
ENSDARG00000099420;nme2b.2;Nme2;nme2b.2
ENSDARG00000100990;nme3;Nme3;nme3
ENSDARG00000056193;nme7;Nme7;nme7
ENSDARG00000014309;spaw;Nodal;spaw
ENSDARG00000010420;ndrg1b;Ndrg1;ndrg1b
ENSDARG00000060678;ndst2b;Ndst2;AL935194.1
ENSDARG00000010113;ndufb8;Ndufb8;ndufb8
ENSDARG00000069286;ndufaf2;Ndufaf2;ndufaf2
ENSDARG00000056108;ndufa4b;Ndufa4;ndufa4
ENSDARG00000099499;ndufa4a;Ndufa4;ndufa4l
ENSDARG00000103114;ndufa4l2a;Ndufa4l2;ndufa4l2a
ENSDARG00000070723;ndufa9a;Ndufa9;ndufa9a
ENSDARG00000014915;ndufab1b;Ndufab1;ndufab1b
ENSDARG00000051986;ndufs8a;Ndufs8;ndufs8a
ENSDARG00000053493;aldh1a2;Aldh1a2;aldh1a2
ENSDARG00000069767;nectin1a;Nectin1;pvrl1a
ENSDARG00000103148;nectin4b;Nectin4;pvrl4
ENSDARG00000027590;septin2;Septin2;Sep 02
ENSDARG00000012426;neflb;Nefl;neflb
ENSDARG00000043697;nefmb;Nefm;nefmb
ENSDARG00000101234;nsmfb;Nsmf;nsmfb
ENSDARG00000075806;kirrel3a;Kirrel3;kirrel3a
ENSDARG00000060758;nphs1;Nphs1;nphs1
ENSDARG00000023237;syne3;Syne3;syne3
ENSDARG00000105112;ntn1a;Ntn1;ntn1a
ENSDARG00000069438;neurl1aa;Neurl1a;neurl1aa
ENSDARG00000061773;neurl1ab;Neurl1a;neurl1ab
ENSDARG00000070110;opn5;Opn5;opn5
ENSDARG00000012829;asah2;Asah2;asah2
ENSDARG00000098226;smpd3;Smpd3;smpd3
ENSDARG00000040523;smpd2a;Smpd2;smpd2a
ENSDARG00000036375;cyfip2;Cyfip2;cyfip2
ENSDARG00000020872;nfat5a;Nfat5;nfat5a
ENSDARG00000030616;nfe2l1a;Nfe2l1;nfe2l1a
ENSDARG00000042824;nfe2l2a;Nfe2l2;nfe2l2a
ENSDARG00000043226;nfixa;Nfix;nfixa
ENSDARG00000098696;rela;Rela;rela
ENSDARG00000045611;nfybb;Nfyb;nfybb
ENSDARG00000014050;ngfb;Ngf;ngfb
ENSDARG00000044532;nr4a2b;Nr4a2;nr4a2b
ENSDARG00000000796;nr4a1;Nr4a1;nr4a1
ENSDARG00000057143;nradd;Nradd;nradd
ENSDARG00000089223;ngfrb;Ngfr;ngfrb
ENSDARG00000088708;ngfra;Ngfr;ngfra
ENSDARG00000090035;rtn4r;Rtn4r;rtn4r
ENSDARG00000052012;rtn4rl2a;Rtn4rl2;rtn4rl2a
ENSDARG00000037495;rtn4rl2b;Rtn4rl2;rtn4rl2b
ENSDARG00000098528;rtn4rl1b;Rtn4rl1;rtn4rl1b
ENSDARG00000097339;slc9a1b;Slc9a1;slc9a1b
ENSDARG00000058780;slc9a2;Slc9a4;slc9a2
ENSDARG00000058498;slc9a3.1;Slc9a3;slc9a3.1
ENSDARG00000036722;slc9a3.2;Slc9a3;slc9a3.2
ENSDARG00000078560;slc9a5;Slc9a5;slc9a5
ENSDARG00000075382;slc9a6b;Slc9a6;slc9a6b
ENSDARG00000076754;slc9a7;Slc9a7;slc9a7
ENSDARG00000069878;snu13a;Snu13;snu13a
ENSDARG00000042590;rbm19;Rbm19;rbm19
ENSDARG00000074087;nim1ka;Nim1k;nim1k
ENSDARG00000020387;nipsnap3a;Nipsnap3b;nipsnap3a
ENSDARG00000021346;pdhb;Pdhb;pdhb
ENSDARG00000005392;slc5a5;Slc5a5;slc5a5
ENSDARG00000068018;nitr2a;Trav5n-4;CU672228.1
ENSDARG00000043398;nitr2a;Trav5n-4;nitr2a
ENSDARG00000028333;nitr9;Trav3-3;nitr9
ENSDARG00000077323;thap4;Thap4;thap4
ENSDARG00000104107;nkx2.4b;Nkx2-4;nkx2.4b
ENSDARG00000019835;nkx2.1;Nkx2-1;nkx2.1
ENSDARG00000039095;nkx2.3;Nkx2-3;nkx2.3
ENSDARG00000018004;nkx2.5;Nkx2-5;nkx2.5
ENSDARG00000021232;nkx2.7;Nkx2-6;nkx2.7
ENSDARG00000093089;tac3a;Tac2;tac3a
ENSDARG00000055271;nkd2b;Nkd2;nkd2b
ENSDARG00000070954;hmx2;Hmx2;hmx2
ENSDARG00000079251;nlgn2b;Nlgn2;nlgn2b
ENSDARG00000077329;nlgn2a;Nlgn2;nlgn2a
ENSDARG00000062376;nlgn3b;Nlgn3;nlgn3b
ENSDARG00000104786;nlgn3a;Nlgn3;nlgn3a
ENSDARG00000077761;nlgn4xb;Nlgn4l;nlgn4b
ENSDARG00000006566;nlk1;Nlk;nlk1
ENSDARG00000028793;nlk2;Nlk;nlk2
ENSDARG00000073724;nlrx1;Nlrx1;nlrx1
ENSDARG00000078246;nlrc10;Nlrp14;si:ch211-114l13.4
ENSDARG00000088390;nme4;Nme4;nme4
ENSDARG00000041617;nme5;Nme5;nme5
ENSDARG00000098944;nme9;Nme8;nme8
ENSDARG00000001891;syt14b;Syt14;syt14b
ENSDARG00000015676;nmd3;Nmd3;nmd3
ENSDARG00000027828;grin1a;Grin1;grin1a
ENSDARG00000025728;grin1b;Grin1;grin1b
ENSDARG00000044339;rp2;Rp2;rp2
ENSDARG00000043820;nme2a;Nme2;nme2a
ENSDARG00000000103;myh10;Myh10;myh10
ENSDARG00000022570;nmur3;Nmur2;nmur3
ENSDARG00000068910;nos1;Nos1;nos1
ENSDARG00000071209;oprl1;Oprl1;oprl1
ENSDARG00000024631;nlrc5;Nlrc5;nlrc5
ENSDARG00000053528;nog3;Nog;nog3
ENSDARG00000044601;rtn4a;Rtn4;rtn4a
ENSDARG00000020913;ddx56;Ddx56;ddx56
ENSDARG00000074902;nol4la;Nol4l;nol4la
ENSDARG00000104353;nop58;Nop58;nop58
ENSDARG00000012820;nop56;Nop56;nop56
ENSDARG00000076526;gar1;Gar1;gar1
ENSDARG00000069422;nhp2;Nhp2;nhp2
ENSDARG00000104227;nop10;Nop10;nop10
ENSDARG00000055854;nr4a3;Nr4a3;nr4a3
ENSDARG00000043130;notch2;Notch2;notch2
ENSDARG00000000018;nrf1;Nrf1;nrf1
ENSDARG00000078619;pnp5a;Pnp;pnp5a
ENSDARG00000102153;nrp1a;Nrp1;nrp1a
ENSDARG00000021147;nipal3;Nipal3;nipal3
ENSDARG00000015876;npas1;Npas1;npas1
ENSDARG00000055752;npas4a;Npas4;npas4a
ENSDARG00000074697;npdc1a;Npdc1;npdc1a
ENSDARG00000093431;iqcb1;Iqcb1;BX119909.1
ENSDARG00000101032;iqcb1;Iqcb1;iqcb1
ENSDARG00000042850;nphs2;Nphs2;nphs2
ENSDARG00000100487;nploc4;Nploc4;nploc4
ENSDARG00000014329;npm1a;Npm1;npm1a
ENSDARG00000053963;npm2b;Npm2;npm2b
ENSDARG00000037675;npm1b;Npm1;npm1b
ENSDARG00000096546;nrp2a;Nrp2;nrp2a
ENSDARG00000018721;npnta;Npnt;npnt
ENSDARG00000010423;npsn;Astl;npsn
ENSDARG00000028824;slc34a1a;Slc34a1;slc34a1a
ENSDARG00000043864;nptnb;Nptn;nptnb
ENSDARG00000043341;npy4r;Npy4r;npy4r
ENSDARG00000054003;rargb;Rarg;rargb
ENSDARG00000031777;pparaa;Ppara;pparaa
ENSDARG00000054323;pparab;Ppara;pparab
ENSDARG00000003820;nr1d2a;Nr1d2;nr1d2a
ENSDARG00000009594;nr1d2b;Nr1d2;nr1d2b
ENSDARG00000001910;rorab;Rora;rorab
ENSDARG00000033498;rorb;Rorb;rorb
ENSDARG00000057231;rorca;Rorc;rorca
ENSDARG00000017780;rorcb;Rorc;rorcb
ENSDARG00000071565;hnf4g;Hnf4g;hnf4g
ENSDARG00000034493;grin2aa;Grin2a;grin2aa
ENSDARG00000057737;rxraa;Rxra;rxraa
ENSDARG00000002006;rxrbb;Rxrb;rxrbb
ENSDARG00000005593;rxrga;Rxrg;rxrga
ENSDARG00000004697;rxrgb;Rxrg;rxrgb
ENSDARG00000077560;grin2cb;Grin2c;grin2cb
ENSDARG00000006396;nrcama;Nrcam;nrcama
ENSDARG00000062372;nrd1b;Nrdc;nrd1b
ENSDARG00000076533;nfe2l1b;Nfe2l1;nfe2l1b
ENSDARG00000019810;nfe2l3;Nfe2l3;nfe2l3
ENSDARG00000105088;tenm4;Tenm4;tenm4
ENSDARG00000077818;nrg2a;Nrg2;nrg2a
ENSDARG00000039626;nrgna;Nrgn;nrgna
ENSDARG00000068965;nrip1a;Nrip1;nrip1a
ENSDARG00000069368;nrn1la;Nrn1l;nrn1la
ENSDARG00000103046;rest;Rest;rest
ENSDARG00000061647;nrxn1a;Nrxn1;nrxn1a
ENSDARG00000063635;nrxn1b;Nrxn1;nrxn1b
ENSDARG00000061454;nrxn2a;Nrxn2;nrxn2a
ENSDARG00000062693;nrxn3b;Nrxn3;nrxn3b
ENSDARG00000040184;syncrip;Syncrip;syncrip
ENSDARG00000025495;nhlh2;Nhlh2;nhlh2
ENSDARG00000062956;dagla;Dagla;dagla
ENSDARG00000007654;nsfa;Nsf;nsfa
ENSDARG00000001249;pcgf1;Pcgf1;pcgf1
ENSDARG00000022438;cox6a1;Cox6a1;cox6a1
ENSDARG00000069245;matn3a;Matn3;matn3a
ENSDARG00000053862;crygmx;Crygb;crygmx
ENSDARG00000033978;nxn;Nxn;nxn
ENSDARG00000059043;ntf3;Ntf3;ntf3
ENSDARG00000035883;nt5c1aa;Nt5c1a;nt5c1aa
ENSDARG00000010773;pnpla6;Pnpla6;pnpla6
ENSDARG00000045066;entpd1;Entpd1;entpd1
ENSDARG00000038422;entpd4;Entpd4;entpd4
ENSDARG00000008757;entpd6;Entpd6;entpd6
ENSDARG00000005565;entpd8;Entpd8;entpd8
ENSDARG00000078473;nucks1a;Nucks1;nucks1a
ENSDARG00000011879;foxn1;Foxn1;foxn1
ENSDARG00000016256;nudt3a;Nudt3;nudt3a
ENSDARG00000057767;nudt4a;Nudt10;nudt4a
ENSDARG00000033965;nup58;Nup58;nup58
ENSDARG00000029043;nup42;Nup42;nupl2
ENSDARG00000017007;nr4a2a;Nr4a2;nr4a2a
ENSDARG00000014113;wasla;Wasl;wasla
ENSDARG00000006283;waslb;Wasl;waslb
ENSDARG00000063224;nxph2a;Nxph2;nxph2a
ENSDARG00000075851;oafa;Oaf;oafa
ENSDARG00000055523;slc22a6l;Slc22a6;slc22a6l
ENSDARG00000062182;slc22a7b.3;Slc22a7;slc22a7b.3
ENSDARG00000056643;slc22a7b.1;Slc22a7;slc22a7b.1
ENSDARG00000016749;slco1c1;Slco1c1;slco1c1
ENSDARG00000104108;slco1d1;Slco1b2;slco1d1
ENSDARG00000100780;slco1e1;Slco1b2;slco1e1
ENSDARG00000101014;slco1f4;Slco1a1;slco1f4
ENSDARG00000018726;slco3a1a;Slco3a1;slco3a1
ENSDARG00000075948;slco4a1;Slco4a1;slco4a1
ENSDARG00000086104;slco5a1a;Slco5a1;slco5a1b
ENSDARG00000007734;stn1;Stn1;stn1
ENSDARG00000043685;nabp1b;Nabp1;nabp1b
ENSDARG00000070961;lepr;Lepr;lepr
ENSDARG00000003684;obsl1a;Obsl1;obsl1a
ENSDARG00000039077;tyr;Tyr;tyr
ENSDARG00000029204;tyrp1a;Tyrp1;tyrp1a
ENSDARG00000005108;oclna;Ocln;oclna
ENSDARG00000037790;pvalb8;Ocm;pvalb8
ENSDARG00000071601;pvalb9;Ocm;pvalb9
ENSDARG00000078106;ocrl;Ocrl;ocrl
ENSDARG00000030530;slc22a2;Slc22a2;slc22a2
ENSDARG00000058775;slc22a3;Slc22a3;ENSDARG00000058775
ENSDARG00000009823;pou3f1;Pou3f1;pou3f1
ENSDARG00000015869;slc22a16;Slc22a16;slc22a16
ENSDARG00000005335;slc22a4;Slc22a4;slc22a4
ENSDARG00000101021;slc22a5;Slc22a5;slc22a5
ENSDARG00000021462;daw1;Daw1;daw1
ENSDARG00000015567;zic1;Zic1;zic1
ENSDARG00000021432;cimap1d;Cimap1d;odf3l2
ENSDARG00000089444;omgb;Omg;ogmb
ENSDARG00000044132;ogna;Ogn;ogn
ENSDARG00000015460;racgap1;Racgap1;racgap1
ENSDARG00000005371;gprc6a;Gprc6a;gprc6a
ENSDARG00000077847;olfm2a;Olfm2;olfm2a
ENSDARG00000071493;olfm3a;Olfm3;olfm3a
ENSDARG00000062171;olfml3b;Olfml3;olfml3b
ENSDARG00000040948;olig1;Olig1;olig1
ENSDARG00000074253;olig3;Olig3;olig3
ENSDARG00000032380;ompb;Omp;ompb
ENSDARG00000105218;ompa;Omp;ompa
ENSDARG00000068755;exosc8;Exosc8;exosc8
ENSDARG00000098377;tnfrsf11b;Tnfrsf11b;tnfrsf11b
ENSDARG00000022098;opn4a;Opn4;opn4a
ENSDARG00000053929;opn4b;Opn4;opn4b
ENSDARG00000041660;oprd1a;Oprd1;oprd1a
ENSDARG00000011418;sigmar1;Sigmar1;sigmar1
ENSDARG00000002193;rho;Rho;rho
ENSDARG00000079294;or70b1;Or4f56;or115-15
ENSDARG00000098178;or42a6;Or4a72;or109-4
ENSDARG00000068704;or41a3;Or12d17;or108-1
ENSDARG00000102990;or42a2;Or5k1;or109-5
ENSDARG00000105671;or55a1;Or55b10;or113-1
ENSDARG00000105711;or55a2;Or55b10;or113-2
ENSDARG00000035048;or70a4;Or1e1c;or115-10
ENSDARG00000053813;or70a11;Or1e29;or115-11
ENSDARG00000044748;or70a3;Or8b51;or115-12
ENSDARG00000044343;or70a17;Or5be3;or115-13
ENSDARG00000094235;or70a2;Or1l8;or115-14
ENSDARG00000022319;or70a15;Or7g33;or115-5
ENSDARG00000044337;or70c1;Or1e33;or115-6
ENSDARG00000044338;or70a8;Or1e22;or115-7
ENSDARG00000092406;or70a16;Or8g19;or115-8
ENSDARG00000105792;or70a13;Or4b1b;or115-9
ENSDARG00000068937;or70a7;Or8w1;si:ch211-218m3.11
ENSDARG00000105799;or70a14;Or8g19;si:ch211-218m3.18
ENSDARG00000104287;lto1;LTO1;oraov1
ENSDARG00000098257;pcdh15a;Pcdh15;pcdh15a
ENSDARG00000039217;orc1;Orc1;orc1
ENSDARG00000021579;orc5;Orc5;orc5
ENSDARG00000075682;orc6;Orc6;orc6
ENSDARG00000056551;slc22a13a;Slc22a13;slc22a13a
ENSDARG00000059166;slc22a13b;Slc22a13;slc22a13b
ENSDARG00000062271;slc25a15b;Slc25a15;slc25a15b
ENSDARG00000103981;bhlha9;Bhlha9;bhlha9
ENSDARG00000053487;osbp2a;Osbp2;osbp2
ENSDARG00000040027;osbpl10b;Osbpl10;osbpl10b
ENSDARG00000013830;osbpl2b;Osbpl2;osbpl2b
ENSDARG00000033251;osbpl3a;Osbpl3;osbpl3a
ENSDARG00000012981;osbpl7;Osbpl7;osbpl7
ENSDARG00000104403;oscp1a;Oscp1;oscp1a
ENSDARG00000019516;sp7;Sp7;sp7
ENSDARG00000098855;oxsm;Oxsm;osxm
ENSDARG00000001721;oc90;Oc90;oc90
ENSDARG00000001771;otol1a;Otol1;otol1a
ENSDARG00000058960;otol1b;Otol1;otol1b
ENSDARG00000014201;otpa;Otp;otpa
ENSDARG00000004451;tnfrsfa;Tnfrsf23;tnfrsfa
ENSDARG00000054374;alg13;Alg13;alg13
ENSDARG00000059006;otud5a;Otud5;otud5a
ENSDARG00000030703;otx2a;Otx1;otx1a
ENSDARG00000076472;ovol1a;Ovol1;ovol1
ENSDARG00000013063;oxct1a;Oxct1;oxct1a
ENSDARG00000038609;mpz;Mpz;mpz
ENSDARG00000038687;nfkb2;Nfkb2;nfkb2
ENSDARG00000006766;snd1;Snd1;snd1
ENSDARG00000018283;cyba;Cyba;cyba
ENSDARG00000004261;tmed9;Tmed9;tmed9
ENSDARG00000028816;tmed3;Tmed3;tmed3
ENSDARG00000031325;tmed1a;Tmed1;tmed1a
ENSDARG00000017255;tmed1b;Tmed1;tmed1b
ENSDARG00000046022;tmed7;Tmed7;tmed7
ENSDARG00000042452;p2rx4b;P2rx4;p2rx4b
ENSDARG00000004455;p2rx5;P2rx5;p2rx5
ENSDARG00000024139;p2rx8;P2rx5;p2rx8
ENSDARG00000028721;mapk14b;Mapk14;mapk14b
ENSDARG00000040812;ncf4;Ncf4;ncf4
ENSDARG00000016514;gtf2h2;Gtf2h2;gtf2h2
ENSDARG00000071082;p4ha1b;P4ha1;p4ha1b
ENSDARG00000075209;p4htmb;P4htm;p4htm
ENSDARG00000105261;nfkb1;Nfkb1;nfkb1
ENSDARG00000031388;dctn2;Dctn2;dctn2
ENSDARG00000007136;gtf2h4;Gtf2h4;sh3bp5lb
ENSDARG00000036071;gtf2h4;Gtf2h4;gtf2h4
ENSDARG00000061338;ddx6;Ddx6;ddx6
ENSDARG00000026701;gtf2h1;Gtf2h1;gtf2h1
ENSDARG00000075014;sqstm1;Sqstm1;sqstm1
ENSDARG00000005821;ncf2;Ncf2;ncf2
ENSDARG00000088246;thoc1;Thoc1;thoc1
ENSDARG00000033144;psme2;Psme2;psme2
ENSDARG00000012234;psme3;Psme3;psme3
ENSDARG00000039578;pa2g4a;Pa2g4;pa2g4a
ENSDARG00000017219;pabpc1a;Pabpc1;pabpc1a
ENSDARG00000053724;adcyap1r1b;Adcyap1r1;adcyap1r1b
ENSDARG00000012353;vipr2;Vipr2;vipr2
ENSDARG00000056795;serpine1;Serpine1;serpine1
ENSDARG00000008706;paip2b;Paip2b;paip2b
ENSDARG00000030154;pak5;Pak5;pak7
ENSDARG00000052405;pak6b;Pak6;pak6b
ENSDARG00000026882;palm1a;Palm;palm1a
ENSDARG00000093480;pamr1b;Pamr1;pamr1
ENSDARG00000006524;supt6h;Supt6;supt6h
ENSDARG00000040534;epcam;Epcam;epcam
ENSDARG00000025285;panx1a;Panx1;panx1a
ENSDARG00000099679;tent2;Tent2;papd4
ENSDARG00000060071;tent4b;Tent4b;papd5
ENSDARG00000042186;paplnb;Papln;paplnb
ENSDARG00000009585;papola;Papolb;papola
ENSDARG00000101090;pappaa;Pappa;pappaa
ENSDARG00000007886;slc35b2;Slc35b2;slc35b2
ENSDARG00000045437;slc35b3;Slc35b3;slc35b3
ENSDARG00000040387;mmd;Mmd;mmd
ENSDARG00000017703;paqr3a;Paqr3;paqr3a
ENSDARG00000041145;paqr5a;Paqr5;paqr5a
ENSDARG00000067544;tcf15;Tcf15;tcf15
ENSDARG00000060012;f2r;F2r;f2r
ENSDARG00000077540;f2rl1.2;F2rl1;f2rl1.2
ENSDARG00000090524;f2rl2;F2rl2;f2rl2
ENSDARG00000045486;pawr;Pawr;pawr
ENSDARG00000021555;prkn;Prkn;park2
ENSDARG00000039310;parla;Parl;parla
ENSDARG00000077810;otud4;Otud4;otud4
ENSDARG00000042496;parp12a;Parp12;parp12a
ENSDARG00000040445;parp14rs1;Parp14;ENSDARG00000040445
ENSDARG00000043710;parvaa;Parva;parvaa
ENSDARG00000034705;pvalb7;Pvalb;pvalb7
ENSDARG00000075008;pask;Pask;pask
ENSDARG00000032578;pax2b;Pax2;pax2b
ENSDARG00000100398;pax7a;Pax7;pax7a
ENSDARG00000077038;pbrm1l;Pbrm1;pbrm1l
ENSDARG00000042069;pebp1;Pebp1;pebp1
ENSDARG00000019717;pbx2;Pbx2;pbx2
ENSDARG00000013615;pbx3b;Pbx3;pbx3b
ENSDARG00000051939;pcxb;Pcx;pcxb
ENSDARG00000044938;cbx2;Cbx2;cbx2
ENSDARG00000060518;pcsk5b;Pcsk5;pcsk5b
ENSDARG00000062634;kat2b;Kat2b;kat2b
ENSDARG00000031981;pcbd1;Pcbd1;pcbd1
ENSDARG00000036175;pcdh1b;Pcdh1;pcdh1b
ENSDARG00000090348;pcdh2ab5;Pcdha2;pcdh2ab5
ENSDARG00000037695;pcdh2aa1;Pcdha2;pcdh2aa1
ENSDARG00000013076;bmi1b;Bmi1;bmi1b
ENSDARG00000053820;pcmtd2a;Pcmtd2;pcmtd2
ENSDARG00000055698;pcnx2;Pcnx2;pcnxl2
ENSDARG00000019501;pcnx3;Pcnx3;pcnxl3
ENSDARG00000060785;pcnx4;Pcnx4;pcnxl4
ENSDARG00000102643;chmp1a;Chmp1a;chmp1a
ENSDARG00000079470;cdk17;Cdk17;cdk17
ENSDARG00000058162;pcyt1ba;Pcyt1b;pcyt1ba
ENSDARG00000002967;pdap1b;Pdap1;pdap1b
ENSDARG00000011886;pdca;Pdc;pdca
ENSDARG00000017634;pdcb;Pdc;pdcb
ENSDARG00000053609;gatd1;Gatd1;gatd1
ENSDARG00000051915;pde5ab;Pde5a;pde5ab
ENSDARG00000101984;pde6gb;Pde6g;pde6g
ENSDARG00000102558;pde6ha;Pde6h;pde6h
ENSDARG00000060280;pde9aa;Pde9a;pde9a
ENSDARG00000086778;pdgfba;Pdgfb;pdgfba
ENSDARG00000009001;pdia6;Pdia6;pdia6
ENSDARG00000059054;pdk2b;Pdk2;pdk2b
ENSDARG00000014527;pdk3a;Pdk3;pdk3a
ENSDARG00000036546;pdxkb;Pdxk;pdxkb
ENSDARG00000007221;pbk;Pbk;pbk
ENSDARG00000055656;nherf4b;Nherf4;pdzd3b
ENSDARG00000076974;pdzd7a;Pdzd7;pdzd7a
ENSDARG00000073869;pdzrn3b;Pdzrn3;pdzrn3b
ENSDARG00000032319;mest;Mest;mest
ENSDARG00000062139;eif2ak3;Eif2ak3;eif2ak3
ENSDARG00000008735;atp6ap2;Atp6ap2;atp6ap2
ENSDARG00000044083;peli1b;Peli1;peli1b
ENSDARG00000030058;tbx4;Tbx4;tbx4
ENSDARG00000068698;psenen;Psenen;psenen
ENSDARG00000036045;penkb;Penk;penkb
ENSDARG00000004869;penka;Penk;penka
ENSDARG00000032010;slc15a2;Slc15a2;slc15a2
ENSDARG00000056885;per1a;Per1;per1a
ENSDARG00000012499;per1b;Per1;per1b
ENSDARG00000010519;per3;Per3;per3
ENSDARG00000039534;rrh;Rrh;rrh
ENSDARG00000024560;slc4a1b;Slc4a1;slc4a1b
ENSDARG00000009242;fev;Fev;fev
ENSDARG00000037309;gatb;Gatb;gatb
ENSDARG00000062248;ptpn21;Ptpn21;ptpn21
ENSDARG00000092662;dnaaf3;Dnaaf3;dnaaf3
ENSDARG00000023840;pfkfb2a;Pfkfb2;pfkfb2a
ENSDARG00000055540;pfkfb4a;Pfkfb4;pfkfb4a
ENSDARG00000029075;pfkfb4b;Pfkfb4;pfkfb4b
ENSDARG00000060504;pfkla;Pfkl;pfkla
ENSDARG00000014179;pfkma;Pfkm;pfkma
ENSDARG00000003952;pfn2b;Pfn2;pfn2
ENSDARG00000006093;cdk15;Cdk15;cdk15
ENSDARG00000005423;pgam1a;Pgam1;pgam1a
ENSDARG00000012987;gpia;Gpi1;gpia
ENSDARG00000103826;gpib;Gpi1;gpib
ENSDARG00000068382;pglyrp5;Pglyrp1;pglyrp5
ENSDARG00000032221;phactr4b;Phactr4;phactr4b
ENSDARG00000078050;phf19;Phf19;phf19
ENSDARG00000053389;jade2;Jade2;jade2
ENSDARG00000019614;jade3;Jade3;jade3
ENSDARG00000078247;vip;Vip;vip
ENSDARG00000105159;phka1a;Phka1;hdac8
ENSDARG00000061093;phldb1a;Phldb1;phldb1a
ENSDARG00000091029;phox2bb;Phox2b;phox2bb
ENSDARG00000020529;hacl1;Hacl1;hacl1
ENSDARG00000070498;phyhiplb;Phyhipl;phyhiplb
ENSDARG00000045378;pi15a;Pi15;pi15a
ENSDARG00000076724;pi4kaa;Pi4ka;pi4kaa
ENSDARG00000033666;pi4k2a;Pi4k2a;pi4k2a
ENSDARG00000013881;pi4k2b;Pi4k2b;pi4k2b
ENSDARG00000040111;pi4kb;Pi4kb;pi4kb
ENSDARG00000007081;pias4a;Pias4;pias4a
ENSDARG00000042215;pias4b;Pias4;pias4b
ENSDARG00000092979;pias2;Pias2;pias2
ENSDARG00000012866;picalma;Picalm;picalma
ENSDARG00000074626;pidd1;Pidd1;pidd1
ENSDARG00000034409;pik3r3b;Pik3r3;pik3r3b
ENSDARG00000091140;pik3r6b;Pik3r6;pik3r6b
ENSDARG00000074271;get1;Get1;wrb
ENSDARG00000026985;lims1;Lims1;lims1
ENSDARG00000003776;pip4k2aa;Pip4k2a;pip4k2aa
ENSDARG00000074708;armc3;Armc3;armc3
ENSDARG00000100396;pip5k1aa;Pip5k1a;pip5k1aa
ENSDARG00000044295;pip5k1ba;Pip5k1b;pip5k1ba
ENSDARG00000076001;pip5k1ca;Pip5k1c;pip5k1ca
ENSDARG00000056112;pikfyve;Pikfyve;pikfyve
ENSDARG00000058924;pou1f1;Pou1f1;pou1f1
ENSDARG00000039490;pitpnaa;Pitpna;pitpnaa
ENSDARG00000036194;pitx2;Pitx2;pitx2
ENSDARG00000043332;prkcz;Prkcz;prkcz
ENSDARG00000075949;prkd1;Prkd1;prkd1
ENSDARG00000101214;pkd1l2b;Pkd1l2;pkd1l2b
ENSDARG00000091116;pkhd1l1.1;Pkhd1l1;pkhd1l1
ENSDARG00000099860;pkmb;Pkm;pkmb
ENSDARG00000060184;pkn1a;Pkn1;pkn1a
ENSDARG00000101983;pkn2a;Pkn2;pkn2
ENSDARG00000051861;pkp3a;Pkp3;pkp3a
ENSDARG00000068729;eif2ak2;Eif2ak2;eif2ak2
ENSDARG00000008948;pla2g3;Pla2g3;zgc:123275
ENSDARG00000070454;pla2g12a;Pla2g12a;pla2g12a
ENSDARG00000062756;pllp;Pllp;pllp
ENSDARG00000028306;prph;Prph;prph
ENSDARG00000069404;pln1;Pln;CR926459.1
ENSDARG00000030161;ppp1r14bb;Ppp1r14bl;ppp1r14bb
ENSDARG00000056228;pld1a;Pld1;pld1a
ENSDARG00000042933;bloc1s6;Bloc1s6;bloc1s6
ENSDARG00000025902;plekhg5a;Plekhg5;plekhg5a
ENSDARG00000101752;plekhg5b;Plekhg5;ENSDARG00000101752
ENSDARG00000053558;rtkn2;Rtkn2;rtkn2a
ENSDARG00000061191;plekho1a;Plekho1;plekho1a
ENSDARG00000079227;plekhs1.1;Plekhs1;plekhs1
ENSDARG00000019130;plk2b;Plk2;plk2b
ENSDARG00000076972;plvapa;Plvap;plvap
ENSDARG00000059950;plxdc2b;Plxdc2;plxdc2
ENSDARG00000007184;zbtb16a;Zbtb16;zbtb16a
ENSDARG00000074526;zbtb16b;Zbtb16;zbtb16b
ENSDARG00000012684;atp2b1a;Atp2b1;atp2b1a
ENSDARG00000007788;atp2b1b;Atp2b1;atp2b1b
ENSDARG00000063433;atp2b2;Atp2b2;atp2b2
ENSDARG00000023445;atp2b3b;Atp2b3;atp2b3b
ENSDARG00000044902;atp2b4;Atp2b4;atp2b4
ENSDARG00000073959;pmch;Pmch;pmch
ENSDARG00000105223;pmp22a;Pmp22;pmp22a
ENSDARG00000070623;med10;Med10;med10
ENSDARG00000024189;pnocb;Pnoc;pnocb
ENSDARG00000021110;poc1b;Poc1b;poc1b
ENSDARG00000056127;polr2g;Polr2g;polr2gl
ENSDARG00000013734;polr3glb;Polr3gl;polr3glb
ENSDARG00000069307;pomcb;Pomc;pomcb
ENSDARG00000002591;ruvbl1;Ruvbl1;ruvbl1
ENSDARG00000043729;plac8.1;Plac8;plac8.1
ENSDARG00000094438;plac8.2;Plac8;plac8.2
ENSDARG00000058551;popdc3;Popdc3;popdc3
ENSDARG00000055092;pora;Por;pora
ENSDARG00000052558;porcn;Porcn;porcn
ENSDARG00000052455;porcnl;Porcn;porcnl
ENSDARG00000042129;zp3a.1;Zp3;zp3a.1
ENSDARG00000076262;pou3f2b;Pou3f2;pou3f2b
ENSDARG00000011570;pou6f1;Pou6f1;pou6f1
ENSDARG00000099933;ppa1a;Ppa1;ppa1a
ENSDARG00000102009;ppp2r2d;Ppp2r2d;ppp2r2d
ENSDARG00000043250;ppm1ab;Ppm1a;ppm1ab
ENSDARG00000032155;ppm1aa;Ppm1a;ppm1aa
ENSDARG00000001888;ppm1ba;Ppm1b;ppm1ba
ENSDARG00000030441;ppa1b;Ppa1;ppa1b
ENSDARG00000043527;plpp6;Plpp6;plpp6
ENSDARG00000007409;ppifa;Ppif;ppifa
ENSDARG00000033370;ppil3;Ppil3;ppil3
ENSDARG00000009273;ppm1da;Ppm1d;ppm1da
ENSDARG00000003486;ppp1caa;Ppp1ca;ppp1caa
ENSDARG00000102012;ppp1cbl;Ppp1cb;ppp1cbl
ENSDARG00000017710;ppp1r14ab;Ppp1r14a;ppp1r14ab
ENSDARG00000089183;saxo4;Saxo4;ppp1r32
ENSDARG00000007186;ppp1r8a;Ppp1r8;ppp1r8a
ENSDARG00000079366;ppp1r9ba;Ppp1r9b;ppp1r9ba
ENSDARG00000030224;ppp2caa;Ppp2ca;ppp2ca
ENSDARG00000007791;ppp2r1ba;Ppp2r1b;ppp2r1ba
ENSDARG00000099221;ppp2r2bb;Ppp2r2b;ppp2r2bb
ENSDARG00000056797;ppp2r2ca;Ppp2r2c;ppp2r2ca
ENSDARG00000031200;ppp2r5cb;Ppp2r5c;ppp2r5cb
ENSDARG00000069118;ppp2r5eb;Ppp2r5e;ppp2r5eb
ENSDARG00000015474;ppp2r5ea;Ppp2r5e;ppp2r5ea
ENSDARG00000014962;ppp3cca;Ppp3cc;ppp3cca
ENSDARG00000069360;ppp3r1b;Ppp3r1;ppp3r1b
ENSDARG00000092659;ppp3r1a;Ppp3r2;ppp3r1a
ENSDARG00000070570;ppp4ca;Ppp4c;ppp4ca
ENSDARG00000104542;ppt2b;Ppt2;ppt2
ENSDARG00000011122;pptc7a;Pptc7;pptc7a
ENSDARG00000029724;pqbp1;Pqbp1;pqbp1
ENSDARG00000043624;slc66a1;Slc66a1;pqlc2
ENSDARG00000077722;ppp2r3a;Ppp2r3a;ppp2r3a
ENSDARG00000055797;cnpy4;Cnpy4;cnpy4
ENSDARG00000076451;prdm2b;Prdm2;prdm2b
ENSDARG00000025017;znf488;Zfp488;prdm8
ENSDARG00000004870;psen1;Psen1;psen1
ENSDARG00000015540;psen2;Psen2;psen2
ENSDARG00000098671;prelid1a;Prelid1;prelid1a
ENSDARG00000036542;pknox1.2;Pknox1;pknox1.2
ENSDARG00000021444;prf1.2;Prf1;prf1.2
ENSDARG00000001572;prf1.3;Prf1;prf1.3
ENSDARG00000060662;prf1.9;Prf1;prf1.9
ENSDARG00000030394;prf1.1;Prf1;prf1.1
ENSDARG00000037598;prf1.5;Prf1;prf1.5
ENSDARG00000024522;prf1.6;Prf1;prf1.6
ENSDARG00000028163;prg4b;Prg4;prg4b
ENSDARG00000071579;urad;Urad;urad
ENSDARG00000100349;prkacaa;Prkaca;prkacaa
ENSDARG00000059125;prkacbb;Prkacb;prkacbb
ENSDARG00000001933;prkag2b;Prkag2;prkag2b
ENSDARG00000009477;prkar2ab;Prkar2a;prkar2ab
ENSDARG00000022254;prkcbb;Prkcb;prkcbb
ENSDARG00000008723;prkcba;Prkcb;prkcba
ENSDARG00000007601;zmynd8;Zmynd8;zmynd8
ENSDARG00000043243;prkchb;Prkch;prkchb
ENSDARG00000079585;pkn3;Pkn3;pkn3
ENSDARG00000020656;prkg1a;Prkg1;prkg1a
ENSDARG00000020964;thap12b;Thap12;prkrirb
ENSDARG00000037946;prl;Prl3d1;prl
ENSDARG00000039997;ptp4a3a;Ptp4a3;ptp4a3
ENSDARG00000018744;prl2;Prl3a1;prl2
ENSDARG00000036755;prmt9;Prmt9;prmt9
ENSDARG00000018698;carm1;Carm1;carm1
ENSDARG00000079605;prmt5;Prmt5;prmt5
ENSDARG00000026229;prnpa;Prnp;prnpa
ENSDARG00000044048;prnpb;Prnp;prnpb
ENSDARG00000093079;proca;Proc;proca
ENSDARG00000010085;p4ha2;P4ha2;p4ha2
ENSDARG00000032234;wnt2bb;Wnt2b;wnt2bb
ENSDARG00000034007;prom1b;Prom1;prom1b
ENSDARG00000058558;lzts3b;Lzts3;lzts3b
ENSDARG00000009640;psmb1;Psmb1;psmb1
ENSDARG00000013938;psmb3;Psmb3;psmb3
ENSDARG00000036041;f2;F2;f2
ENSDARG00000056087;ecrg4a;Ecrg4;ecrg4a
ENSDARG00000055158;prox1a;Prox1;prox1a
ENSDARG00000041952;prox2;Prox2;prox2
ENSDARG00000040310;prpf4bb;Prpf4b;prpf4bb
ENSDARG00000053708;ghrhrb;Ghrhr;ghrhrb
ENSDARG00000075977;prr5a;Prr5;prr5a
ENSDARG00000099462;prlh;Prlh;prlh
ENSDARG00000044900;prlhr2a;Prlhr;prlhr2a
ENSDARG00000088343;prrt4a;Prrt4;prrt4
ENSDARG00000038278;ptgir;Ptgir;ptgir
ENSDARG00000037033;ptger2b;Ptger2;ptger2b
ENSDARG00000079907;ptger4c;Ptger4;ptger4c
ENSDARG00000076602;prss59;Prss16;prss16
ENSDARG00000018936;zcchc17;Zcchc17;zcchc17
ENSDARG00000099323;dlg2;Dlg2;dlg2
ENSDARG00000040121;psma2a;Psma2;psma2
ENSDARG00000030537;psmc1a;Psmc1;psmc1a
ENSDARG00000005134;psmd11b;Psmd11;psmd11b
ENSDARG00000103600;st8sia4;St8sia4;st8sia4
ENSDARG00000012588;ptdss1a;Ptdss1;ptdss1a
ENSDARG00000014479;ptf1a;Ptf1a;ptf1a
ENSDARG00000078172;ptgfrna;Ptgfrn;ENSDARG00000078172
ENSDARG00000060094;ptgis;Ptgis;ptgis
ENSDARG00000093738;pth1a;Pth;pth1a
ENSDARG00000020957;pth1r;Pth1r;pth1ra
ENSDARG00000091961;pth1b;Pth;pth1b
ENSDARG00000006678;pth2ra;Pth2r;pth2r
ENSDARG00000031737;pthlha;Pthlh;pthlha
ENSDARG00000071070;pthlhb;Pthlh;pthlhb
ENSDARG00000022841;ptk2ba;Ptk2b;ptk2ba
ENSDARG00000011863;ptk7a;Ptk7;ptk7a
ENSDARG00000061656;ptpdc1a;Ptpdc1;ptpdc1a
ENSDARG00000016038;hacd3;Hacd3;hacd3
ENSDARG00000014806;hacd2;Hacd2;hacd2
ENSDARG00000098689;ptpn23b;Ptpn23;ptpn23b
ENSDARG00000019945;ptprdb;Ptprd;ptprdb
ENSDARG00000076411;cavin1a;Cavin1;cavin1a
ENSDARG00000040039;pttg1ipb;Pttg1ip;pttg1ipb
ENSDARG00000071457;crp6;Crp;crp6
ENSDARG00000071456;crp7;Apcs;crp7
ENSDARG00000044282;smc5;Smc5;smc5
ENSDARG00000069282;bbc3;Bbc3;bbc3
ENSDARG00000067591;puraa;Pura;puraa
ENSDARG00000103546;purbb;Purb;purbb
ENSDARG00000103638;nectin3a;Nectin3;CR936977.2
ENSDARG00000004891;pex19;Pex19;pex19
ENSDARG00000062421;pex2;Pex2;pex2
ENSDARG00000088590;pxna;Pxn;pxna
ENSDARG00000029766;nr1i2;Nr1i2;nr1i2
ENSDARG00000102254;pycr1a;Pycr2;pycr1a
ENSDARG00000098639;pycr1b;Pycr1;pycr1b
ENSDARG00000015236;pycr3;Pycr3;pycr3
ENSDARG00000079280;dhrsx;Dhrsx;dhrsx
ENSDARG00000053449;pyya;Pyy;pyya
ENSDARG00000010316;qars1;Qars1;qars
ENSDARG00000037378;qdprb.1;Qdpr;qdprb1
ENSDARG00000010018;qki2;Qki;qki2
ENSDARG00000016093;qtrt2;Qtrt2;qtrtd1
ENSDARG00000009466;rgs9bp;Rgs9bp;rgs9bp
ENSDARG00000041878;rab11ba;Rab11b;rab11ba
ENSDARG00000090170;rab11fip4a;Rab11fip4;rab11fip4a
ENSDARG00000058800;rab25a;Rab25;rab25a
ENSDARG00000045628;rab34a;Rab34;rab34a
ENSDARG00000058425;rab35b;Rab35;rab35b
ENSDARG00000036501;rab39bb;Rab39b;rab39bb
ENSDARG00000043835;rab3ab;Rab3a;rab3ab
ENSDARG00000056347;rab3aa;Rab3a;rab3aa
ENSDARG00000007257;rab5ab;Rab5a;rab5ab
ENSDARG00000034522;rab6ba;Rab6b;rab6ba
ENSDARG00000017006;dennd5a;Dennd5a;dennd5a
ENSDARG00000020497;rab7a;Rab7;rab7
ENSDARG00000067920;rab8a;Rab8a;rab8a
ENSDARG00000068628;rab8b;Rab8b;rab8b
ENSDARG00000059600;rabep1;Rabep1;rabep1
ENSDARG00000015968;rabgef1l;Rabgef1;rabgef1l
ENSDARG00000101908;rab3ip;Rab3ip;rab3ip
ENSDARG00000020822;ift22;Ift22;ift22
ENSDARG00000074849;rac1a;Rac1;rac1a
ENSDARG00000090062;rac3a;Rac3;rac3a
ENSDARG00000006092;rad21a;Rad21;rad21a
ENSDARG00000020001;rad23aa;Rad23a;rad23aa
ENSDARG00000037046;rad51b;Rad51b;rad51b
ENSDARG00000075632;rad9b;Rad9b;rad9b
ENSDARG00000069473;frem1a;Frem1;frem1a
ENSDARG00000015158;slc50a1;Slc50a1;slc50a1
ENSDARG00000067918;elp5;Elp5;elp5
ENSDARG00000045463;ralaa;Rala;ralaa
ENSDARG00000040778;ralba;Ralb;ralba
ENSDARG00000076933;aldh1a3;Aldh1a3;aldh1a3
ENSDARG00000008727;ranbp3a;Ranbp3;ranbp3a
ENSDARG00000056059;rangap1b;Rangap1;rangap1b
ENSDARG00000070165;tnfrsf1b;Tnfrsf1b;tnfrsf1b
ENSDARG00000068141;tnfsf11;Tnfsf11;tnfsf11
ENSDARG00000103977;terf2ip;Terf2ip;terf2ip
ENSDARG00000087346;rap1ab;Rap1a;rap1ab
ENSDARG00000012553;rap1aa;Rap1a;rap1aa
ENSDARG00000056554;rap1gapa;Rap1gap;rap1gap
ENSDARG00000002546;rundc3ab;Rundc3a;rundc3ab
ENSDARG00000015971;rapgef1b;Rapgef1;rapgef1b
ENSDARG00000074307;rapgef5b;Rapgef5;rapgef5b
ENSDARG00000041133;rapsn;Rapsn;rapsn
ENSDARG00000043102;lxn;Lxn;lxn
ENSDARG00000054530;rars1;Rars1;rars
ENSDARG00000033614;rasgef1ba;Rasgef1b;rasgef1ba
ENSDARG00000002816;rasgrf2b;Rasgrf2;rasgrf2b
ENSDARG00000044044;rassf2b;Rassf2;rassf2b
ENSDARG00000029865;rassf2a;Rassf2;rassf2a
ENSDARG00000012460;rassf4a;Rassf4;rassf4
ENSDARG00000029058;rbbp4;Rbbp4;rbbp4
ENSDARG00000070916;dnajc27;Dnajc27;dnajc27
ENSDARG00000102995;rbm24a;Rbm24;rbm24a
ENSDARG00000011245;esrp1;Esrp1;esrp1
ENSDARG00000011613;rbm39a;Rbm39;rbm39a
ENSDARG00000041853;rbm39b;Rbm39;rbm39b
ENSDARG00000036386;rbm4.1;Rbm4;rbm4.1
ENSDARG00000055080;rbm4.2;Rbm4;rbm4.2
ENSDARG00000052182;rbfox2;Rbfox2;rbfox2
ENSDARG00000044179;rbms2a;Rbms2;rbms2a
ENSDARG00000018077;rbp1.1;Rbp1;rbp1
ENSDARG00000091906;rbp7a;Rbp7;rbp7a
ENSDARG00000062467;stra6l;Stra6l;stra6l
ENSDARG00000062550;rc3h1a;Rc3h1;rc3h1a
ENSDARG00000015002;cdh4;Cdh4;cdh4
ENSDARG00000069373;crcp;Crcp;crcp
ENSDARG00000052223;rcvrna;Rcvrn;rcvrna
ENSDARG00000009637;rcvrn3;Rcvrn;rcvrn3
ENSDARG00000004343;nelfe;Nelfe;nelfe
ENSDARG00000019260;dhrs9;Dhrs9;dhrs9
ENSDARG00000105060;rdh8b;Rdh8;rdh8b
ENSDARG00000017882;rdh1;Rdh5;rdh1
ENSDARG00000017794;sdr16c5b;Sdr16c5;sdr16c5b
ENSDARG00000038018;prph2a;Prph2;prph2a
ENSDARG00000014840;prph2b;Prph2;prph2b
ENSDARG00000059556;recql5;Recql5;recql5
ENSDARG00000037618;ddit4;Ddit4;ddit4
ENSDARG00000016302;upf1;Upf1;upf1
ENSDARG00000024006;rprmb;Rprm;rprmb
ENSDARG00000075670;rereb;Rere;rereb
ENSDARG00000019396;rergla;Rergl;rergla
ENSDARG00000018600;retsat.2;Retsat;retsat
ENSDARG00000069294;insl5b;Insl5;insl5b
ENSDARG00000070780;rln3a;Rln3;rln3a
ENSDARG00000035862;insl3;Insl3;insl3
ENSDARG00000079329;cop1;Cop1;rfwd2
ENSDARG00000041575;trmt10c;Trmt10c;trmt10c
ENSDARG00000071213;rgl3a;Rgl3;rgl3a
ENSDARG00000054890;rgra;Rgr;rgra
ENSDARG00000098724;rgrb;Rgr;rgrb
ENSDARG00000017653;rgs13a;Rgs13;rgs13
ENSDARG00000021521;rgs14a;Rgs14;rgs14a
ENSDARG00000104483;gipc1;Gipc1;gipc1
ENSDARG00000099746;rgs3a;Rgs3;rgs3a
ENSDARG00000016584;rgs7a;Rgs7;rgs7a
ENSDARG00000037925;rgs9a;Rgs9;rgs9a
ENSDARG00000070666;rhol;Rho;rhol
ENSDARG00000002194;rhd;Rhd;rhd
ENSDARG00000036541;rhbdf1a;Rhbdf1;rhbdf1a
ENSDARG00000018328;rhocb;Rhoc;rhocb
ENSDARG00000021309;rhoca;Rhoc;rhoca
ENSDARG00000004301;rhogb;Rhog;rhogb
ENSDARG00000103313;rhot1b;Rhot1;rhot1b
ENSDARG00000019709;rhoua;Rhou;rhoua
ENSDARG00000104290;ripk2;Ripk2;ripk2
ENSDARG00000053542;kctd12.2;Kctd12;kctd12.2
ENSDARG00000068973;pdlim4;Pdlim4;pdlim4
ENSDARG00000101606;rims2a;Rims2;rims2a
ENSDARG00000074589;rin2a;Rin2;rin2
ENSDARG00000006677;ripk1l;Ripk1;ripk1l
ENSDARG00000000853;dstyk;Dstyk;dstyk
ENSDARG00000076509;polr2d;Polr2d;polr2d
ENSDARG00000004218;rnd1b;Rnd1;rnd1b
ENSDARG00000062450;rnf115a;Rnf115;rnf115
ENSDARG00000079306;rlim;Rlim;rlim
ENSDARG00000016867;rnf128a;Rnf128;rnf128a
ENSDARG00000042557;rnf144ab;Rnf144a;rnf144ab
ENSDARG00000024827;rnf150a;Rnf150;rnf150a
ENSDARG00000077906;ark2ca;Ark2c;rnf165a
ENSDARG00000057101;rnf180b;Rnf180;rnf180
ENSDARG00000012409;rnf207b;Rnf207;rnf207b
ENSDARG00000090904;obi1;Obi1;RNF219
ENSDARG00000060688;trim69;Trim7;trim69
ENSDARG00000016543;mrm3a;Mrm3;rnmtl1a
ENSDARG00000041991;rrp9;Rrp9;rrp9
ENSDARG00000008395;snupn;Snupn;snupn
ENSDARG00000017500;rock2a;Rock2;rock2a
ENSDARG00000043757;ptbp3;Ptbp3;ptbp3
ENSDARG00000059558;tecta;Tecta;tecta
ENSDARG00000032431;mpv17;Mpv17;mpv17
ENSDARG00000093750;cd180;Cd180;cd180
ENSDARG00000089458;rp1l1a;Rp1l1;rp1l1a
ENSDARG00000035146;polr2j;Polr2j;polr2j
ENSDARG00000007480;rpe65a;Rpe65;rpe65a
ENSDARG00000057074;rpgrb;Rpgr;rpgrb
ENSDARG00000005791;rpl28;Rpl28;rpl28
ENSDARG00000007720;sub1b;Sub1;sub1b
ENSDARG00000043404;rpp21;Rpp21;rpp21
ENSDARG00000017605;rpp40;Rpp40;rpp40
ENSDARG00000001769;ptpra;Ptpra;ptpra
ENSDARG00000033855;cnot9;Cnot9;rqcd1
ENSDARG00000069829;rragca;Rragc;rragca
ENSDARG00000041703;rrbp1b;Rrbp1;rrbp1b
ENSDARG00000089033;mettl25b;Mettl25b;rrnad1
ENSDARG00000027236;rs1a;Rs1;rs1a
ENSDARG00000043470;rsph3;Rsph3a;rsph3
ENSDARG00000067606;rsph4a;Rsph4a;rsph4a
ENSDARG00000087176;rskra;Rskr;sgk494a
ENSDARG00000017983;rsph14;Rsph14;rsph14
ENSDARG00000040607;rtf2;Rtf2;rtfdc1
ENSDARG00000052903;rtknb;Rtkn;rtkn2b
ENSDARG00000021143;rtn1b;Rtn1;rtn1b
ENSDARG00000016088;rtn2a;Rtn2;rtn2a
ENSDARG00000104347;rtn4b;Rtn4;rtn4b
ENSDARG00000057027;rtn2b;Rtn2;rtn2b
ENSDARG00000087074;znf574;Zfp574;znf574
ENSDARG00000052826;runx3;Runx3;runx3
ENSDARG00000019038;sgsm3;Sgsm3;sgsm3
ENSDARG00000032820;rxfp2a;Rxfp2;rxfp2a
ENSDARG00000019660;rxfp2b;Rxfp2;rxfp2b
ENSDARG00000057410;rxfp3;Rxfp3;rxfp3
ENSDARG00000104817;pyroxd1;Pyroxd1;ryroxd1
ENSDARG00000055514;icn2;S100a4;icn2
ENSDARG00000042470;s1pr3a;S1pr3;s1pr3a
ENSDARG00000101332;uba2;Uba2;uba2
ENSDARG00000042141;myo6b;Myo6;myo6b
ENSDARG00000079613;sall3a;Sall3;sall3a
ENSDARG00000079446;tafa3a;Tafa3;si:dkey-238f9.1
ENSDARG00000020292;tafa3b;Tafa2;si:ch211-254n4.3
ENSDARG00000061385;haus3;Haus3;haus3
ENSDARG00000058208;slc25a26;Slc25a26;slc25a26
ENSDARG00000094377;samd10b;Samd10;samd10b
ENSDARG00000077852;samd11;Samd11;samd11
ENSDARG00000073789;samd9l;Samd9l;zmp:0000000735
ENSDARG00000054543;samsn1a;Samsn1;samsn1a
ENSDARG00000101903;zfyve9a;Zfyve9;zfyve9a
ENSDARG00000103403;sar1b;Sar1b;sar1b
ENSDARG00000074554;tspan31;Tspan31;tspan31
ENSDARG00000056720;utp3;Utp3;utp3
ENSDARG00000032272;sat1b;Sat1;sat1b
ENSDARG00000029832;slc26a1;Slc26a1;slc26a1
ENSDARG00000035652;sat1a.1;Sat1;sat1a.2
ENSDARG00000036430;sat2a.2;Sat2;sat2a
ENSDARG00000006350;nkx1.2la;Nkx1-2;nkx1.2la
ENSDARG00000099427;nkx1.2lb;Nkx1-1;nkx1.2lb
ENSDARG00000002128;cwf19l1;Cwf19l1;cwf19l1
ENSDARG00000016357;fmo5;Fmo1;fmo5
ENSDARG00000020114;slc20a1a;Slc20a1;slc20a1a
ENSDARG00000073704;si:dkeyp-72g9.4;Depp1;si:dkeyp-72g9.4
ENSDARG00000090980;apof;Apof;apof
ENSDARG00000008247;vezf1a;Vezf1;vezf1a
ENSDARG00000079808;si:ch73-208g10.1;Tcam1;si:ch73-208g10.1
ENSDARG00000071113;xirp2a;Xirp2;xirp2a
ENSDARG00000016483;baiap2l2a;Baiap2l2;baiap2l2a
ENSDARG00000045638;slc13a1;Slc13a1;slc13a1
ENSDARG00000074393;sh3yl1;Sh3yl1;sh3yl1
ENSDARG00000060841;pik3c2a;Pik3c2a;pik3c2a
ENSDARG00000035957;gmnn;Gmnn;gmnn
ENSDARG00000003193;rassf7b;Rassf7;rassf7b
ENSDARG00000012044;polr3gla;Polr3gl;polr3gla
ENSDARG00000104359;anxa1c;Anxa1;anxa1c
ENSDARG00000030340;guk1a;Guk1;guk1a
ENSDARG00000077101;zbtb10;Zbtb10;zbtb10
ENSDARG00000036180;ccnb2;Ccnb2;ccnb2
ENSDARG00000086309;erlec1;Erlec1;erlec1
ENSDARG00000078828;npb;Npb;npb
ENSDARG00000036107;txnipa;Txnip;txnipa
ENSDARG00000101602;preb;Preb;preb
ENSDARG00000009280;smyd1a;Smyd1;smyd1a
ENSDARG00000014013;lbr;Lbr;lbr
ENSDARG00000011079;wdr3;Wdr3;wdr3
ENSDARG00000042853;ivd;Ivd;ivd
ENSDARG00000016745;slc35f6;Slc35f6;slc35f6
ENSDARG00000069242;pdia5;Pdia5;pdia5
ENSDARG00000026322;dhrs13a.1;Dhrs13;dhrs13a.1
ENSDARG00000060169;mns1;Mns1;mns1
ENSDARG00000004311;ldlrap1a;Ldlrap1;ldlrap1a
ENSDARG00000091090;xirp2b;Xirp2;xirp2b
ENSDARG00000099631;cmtm6;Cmtm6;cmtm6
ENSDARG00000077256;nat8l;Nat8l;nat8l
ENSDARG00000103002;nptna;Nptn;nptna
ENSDARG00000014914;lamp2;Lamp2;lamp2
ENSDARG00000062593;stox1;Stox1;stox1
ENSDARG00000021455;strbp;Strbp;strbp
ENSDARG00000070656;cdca3;Cdca3;si:ch211-69g19.2
ENSDARG00000008153;serinc5;Serinc5;serinc5
ENSDARG00000097753;slirp;Slirp;slirp
ENSDARG00000035810;rgcc;Rgcc;rgcc
ENSDARG00000019420;etnk1;Etnk1;etnk1
ENSDARG00000001313;g2e3;G2e3;g2e3
ENSDARG00000069099;tmco1;Tmco1;tmco1
ENSDARG00000074927;bub1bb;Bub1b;bub1bb
ENSDARG00000019808;evpla;Evpl;evpla
ENSDARG00000069037;akip1;Akip1;akip1
ENSDARG00000104278;slc2a8;Slc2a8;slc2a8
ENSDARG00000068128;ppp1r15b;Ppp1r15b;ppp1r15b
ENSDARG00000031761;dab2;Dab2;dab2
ENSDARG00000025403;ftr83;Trim80;ftr83
ENSDARG00000076092;slc31a2;Slc31a2;slc31a2
ENSDARG00000034138;shisa2a;Shisa2;shisa2a
ENSDARG00000055190;slc17a5;Slc17a5;slc17a5
ENSDARG00000037706;gss;Gss;gss
ENSDARG00000102387;slc39a14;Slc39a14;slc39a14
ENSDARG00000087186;zhx3a;Zhx3;si:ch211-232b12.5
ENSDARG00000070434;rhov;Rhov;rhov
ENSDARG00000003754;tspan2a;Tspan2;tspan2a
ENSDARG00000008403;phospho1;Phospho1;phospho1
ENSDARG00000003994;syt9a;Syt9;syt9a
ENSDARG00000011049;slc17a9b;Slc17a9;slc17a9b
ENSDARG00000056090;capza1b;Capza1b;capza1b
ENSDARG00000100729;tln1;Tln1;tln1
ENSDARG00000074756;tfb2m;Tfb2m;tfb2m
ENSDARG00000055075;svila;Svil;svila
ENSDARG00000086826;sult6b1;Sult6b1;sult6b1
ENSDARG00000020741;fga;Fga;fga
ENSDARG00000063636;galnt11;Galntl5;galnt11
ENSDARG00000055373;sema3fb;Sema3f;sema3fb
ENSDARG00000056453;afap1l1b;Afap1l1;afap1l1b
ENSDARG00000020395;mical2b;Mical2;mical2b
ENSDARG00000012368;ttc21b;Ttc21b;ttc21b
ENSDARG00000057649;satb1a;Satb1;satb1a
ENSDARG00000058693;cast;Cast;cast
ENSDARG00000044167;padi2;Padi6;padi2
ENSDARG00000070475;khdrbs1b;Khdrbs1;khdrbs1b
ENSDARG00000060319;scn4bb;Scn4b;scn4bb
ENSDARG00000003520;tbc1d14;Tbc1d14;tbc1d14
ENSDARG00000013997;ern1;Ern1;ern1
ENSDARG00000057099;papss1;Papss1;papss1
ENSDARG00000054418;ssuh2.2;Ssu2;ssuh2.2
ENSDARG00000075129;mrps11;Mrps11;mrps11
ENSDARG00000070480;agr2;Agr2;agr2
ENSDARG00000003779;ctnnd2b;Ctnnd2;ctnnd2b
ENSDARG00000038139;pdgfbb;Pdgfb;pdgfbb
ENSDARG00000055813;mhc1lca;Raet1e;si:dkey-225f5.5
ENSDARG00000103133;hoxc12b;Hoxc12;hoxc12b
ENSDARG00000104618;grem1b;Grem1;grem1b
ENSDARG00000001999;adamts18;Adamts18;adamts18
ENSDARG00000077404;ncoa3;Ncoa3;ncoa3
ENSDARG00000061732;raph1b;Raph1;raph1b
ENSDARG00000103001;kiaa0319;D130043K22Rik;si:ch73-215d9.1
ENSDARG00000076857;her3;Hes3;her3
ENSDARG00000098801;sbno2a;Sbno2;sbno2a
ENSDARG00000043077;nisch;Nisch;nisch
ENSDARG00000037738;fbxl3l;Fbxl21;fbxl3l
ENSDARG00000001015;znf384a;Zfp384;znf384l
ENSDARG00000003127;zgc:123105;4833439L19Rik;zgc:123105
ENSDARG00000062601;piwil2;Piwil2;piwil2
ENSDARG00000077308;gpr84;Gpr84;gpr84
ENSDARG00000078127;neurl4;Neurl4;neurl4
ENSDARG00000054007;ppp1r2;Ppp1r2;ppp1r2
ENSDARG00000044490;tlr9;Tlr9;tlr9
ENSDARG00000062338;zeb2a;Zeb2;zeb2a
ENSDARG00000104162;hoxa11a;Hoxa11;hoxa11a
ENSDARG00000010252;jak3;Jak3;jak3
ENSDARG00000061543;ccdc85b;Ccdc85b;ccdc85b
ENSDARG00000010673;trim16;Trim16;trim16
ENSDARG00000056184;dvl2;Dvl2;dvl2
ENSDARG00000024874;dock4b;Dock4;dock4b
ENSDARG00000058327;neu3.3;Neu3;neu3.3
ENSDARG00000033327;unc5b;Unc5b;unc5b
ENSDARG00000013685;vsig8b;Vsig8;vsig8b
ENSDARG00000015902;stat6;Stat6;stat6
ENSDARG00000059993;trpm4a;Trpm4;trpm4a
ENSDARG00000044325;ddx19a;Ddx19a;zgc:193690
ENSDARG00000060249;wdr44;Wdr44;wdr44
ENSDARG00000063195;pxk;Pxk;pxk
ENSDARG00000060610;pcdh7b;Pcdh7;pcdh7b
ENSDARG00000037062;dhh;Dhh;dhh
ENSDARG00000019392;stat5a;Stat5a;stat5a
ENSDARG00000052142;acvr1bb;Acvr1b;acvr1bb
ENSDARG00000052739;egf;Egf;egf
ENSDARG00000017953;tp73;Trp73;tp73
ENSDARG00000100821;scrt1a;Scrt1;scrt1a
ENSDARG00000055739;ribc1;Ribc1;ribc1
ENSDARG00000007988;masp2;Masp2;masp2
ENSDARG00000004105;tie1;Tie1;tie1
ENSDARG00000055754;smc1a;Smc1a;smc1a
ENSDARG00000042856;itpka;Itpka;itpka
ENSDARG00000058644;dnajb2;Dnajb2;dnajb2
ENSDARG00000071868;znf711;Zfp711;znf711
ENSDARG00000079097;tanc2a;Tanc2;tanc2a
ENSDARG00000035564;dgcr8;Dgcr8;dgcr8
ENSDARG00000076480;mcf2lb;Mcf2l;mcf2lb
ENSDARG00000017466;ncam2;Ncam2;ncam2
ENSDARG00000091555;ostf1;Ostf1;ostf1
ENSDARG00000029501;gsk3aa;Gsk3a;gsk3aa
ENSDARG00000030097;sdcbp;Sdcbp;sdcbp
ENSDARG00000030297;sox13;Sox13;sox13
ENSDARG00000032317;tox;Tox;tox
ENSDARG00000078109;usp12a;Usp12;usp12a
ENSDARG00000093600;omd;Omd;omd
ENSDARG00000063219;ubap2l;Ubap2l;ubap2l
ENSDARG00000060248;fgd4b;Fgd4;fgd4b
ENSDARG00000035918;bzw2;Bzw2;bzw2
ENSDARG00000027016;gbf1;Gbf1;gbf1
ENSDARG00000007245;rundc3aa;Rundc3a;rundc3aa
ENSDARG00000089833;asb13b;Asb13;asb13b
ENSDARG00000054533;araf;Araf;araf
ENSDARG00000044642;sc5d;Sc5d;sc5d
ENSDARG00000018743;scamp5a;Scamp5;scamp5a
ENSDARG00000000906;skap2;Skap2;skap2
ENSDARG00000078824;si:ch211-66e2.3;Icam1;si:ch211-66e2.3
ENSDARG00000100223;gpa33a;Gpa33;si:zfos-1011f11.1
ENSDARG00000061099;nfasca;Nfasc;nfasca
ENSDARG00000016739;lrrc4cb;Lrrc4c;LRRC4C
ENSDARG00000075597;flrt1b;Flrt1;flrt1b
ENSDARG00000006636;slitrk2;Slitrk2;slitrk2
ENSDARG00000071374;lrrtm2;Lrrtm2;lrrtm2
ENSDARG00000079371;lrrc3ca;Lrrc3c;lrrc3ca
ENSDARG00000078415;lrrc3;Lrrc3;lrrc3
ENSDARG00000071230;lrfn5a;Lrfn5;lrfn5a
ENSDARG00000079396;lrfn5b;Lrfn5;lrfn5b
ENSDARG00000079355;flrt2;Flrt2;flrt2
ENSDARG00000070597;prelp;Prelp;prelp
ENSDARG00000004597;lrrc4ba;Lrrc4b;lrrc4ba
ENSDARG00000010294;fmodb;Fmod;fmodb
ENSDARG00000003061;cd276;Cd276;cd276
ENSDARG00000042677;cadm1b;Cadm1;cadm1b
ENSDARG00000009387;robo4;Robo4;robo4
ENSDARG00000033662;scd;Scd2;scd
ENSDARG00000078547;si:ch211-264f5.2;Cd300lg;si:ch211-264f5.2
ENSDARG00000062204;sigirr;Sigirr;sigirr
ENSDARG00000007040;tmigd1;Tmigd1;tmigd1
ENSDARG00000079353;si:ch211-165d12.4;Cd7;si:ch211-165d12.4
ENSDARG00000030265;scdb;Scd1;scdb
ENSDARG00000079611;sema4c;Sema4c;sema4c
ENSDARG00000079191;zgc:172122;Cd200;zgc:172122
ENSDARG00000070537;stmn2b;Stmn2;stmn2b
ENSDARG00000033234;stmn2a;Stmn2;stmn2a
ENSDARG00000019930;tal1;Tal1;tal1
ENSDARG00000011635;scxb;Scx;scxb
ENSDARG00000035695;scxa;Scx;scxa
ENSDARG00000102312;scn5lab;Scn10a;scn12ab
ENSDARG00000060222;scn1ba;Scn1b;scn1ba
ENSDARG00000099031;scn4ba;Scn4b;scn4ba
ENSDARG00000090724;scn12aa;Scn5a;scn12aa
ENSDARG00000012194;scp2a;Scp2;scp2a
ENSDARG00000042031;gorab;Gorab;gorab
ENSDARG00000038074;ergic3;Ergic3;ergic3
ENSDARG00000059906;sdc4;Sdc4;sdc4
ENSDARG00000012513;sdcbp2;Sdcbp;sdcbp2
ENSDARG00000095515;entr1;Entr1;sdccag3
ENSDARG00000005026;tshz1;Tshz1;tshz1
ENSDARG00000055100;cxcl12b;Cxcl12;cxcl12b
ENSDARG00000030139;sdhdb;Sdhd;sdhdb
ENSDARG00000055712;sdhda;Sdhd;sdhda
ENSDARG00000027611;cavin2a;Cavin2;cavin2a
ENSDARG00000071196;cavin2b;Cavin2;cavin2b
ENSDARG00000073737;suds3;Suds3;suds3
ENSDARG00000060323;exoc5;Exoc5;exoc5
ENSDARG00000008936;sec11a;Sec11a;sec11a
ENSDARG00000100435;sec22bb;Sec22b;sec22bb
ENSDARG00000063387;sec22c;Sec22c;sec22c
ENSDARG00000002916;sec31b;Sec31b;sec31b
ENSDARG00000043019;exoc1;Exoc1;exoc1
ENSDARG00000055610;exoc2;Exoc2;exoc2
ENSDARG00000056475;trnau1apb;Trnau1ap;trnau1apb
ENSDARG00000100823;selenok;Selenok;selk
ENSDARG00000019355;coa7;Coa7;coa7
ENSDARG00000070097;selenos;Selenos;vimp
ENSDARG00000019235;sema3aa;Sema3a;sema3aa
ENSDARG00000017369;sema3d;Sema3d;sema3d
ENSDARG00000042210;sema3ab;Sema3a;sema3ab
ENSDARG00000011163;sema3fa;Sema3f;sema3fa
ENSDARG00000061471;sema5ba;Sema5b;sema5ba
ENSDARG00000002748;sema6ca;Sema6c;sema6d
ENSDARG00000011533;sema6d;Sema6d;sema6dl
ENSDARG00000000189;sema6cb;Sema6c;sema6e
ENSDARG00000099236;septin10;Septin14;Sep 10
ENSDARG00000019191;septin12;Septin12;Sep 12
ENSDARG00000030656;septin3;Septin3;Sep 03
ENSDARG00000010385;septin4a;Septin4;sept4a
ENSDARG00000036031;septin5b;Septin5;sept5b
ENSDARG00000087647;septin7a;Septin7;sept7a
ENSDARG00000014233;septin8b;Septin8;sept8b
ENSDARG00000103900;septin9b;Septin9;sept9b
ENSDARG00000045160;msrb1b;Msrb1;msrb1b
ENSDARG00000074340;serf2b;Serf2;serf2
ENSDARG00000095830;serpinb1l1;Serpinb9h;serpinb1l1
ENSDARG00000076448;serpinf2a;Serpinf2;serpinf2a
ENSDARG00000061165;slc6a4a;Slc6a4;slc6a4a
ENSDARG00000055530;sertad2b;Sertad2;sertad2b
ENSDARG00000057017;slc6a4b;Slc6a4;slc6a4b
ENSDARG00000056793;jazf1b;Jazf1;jazf1b
ENSDARG00000007172;plxna3;Plxna3;plxna3
ENSDARG00000038858;setd7;Setd7;setd7
ENSDARG00000105231;kmt5aa;Kmt5a;setd8a
ENSDARG00000009753;sf3b6;Sf3b6;sf3b6
ENSDARG00000035521;sfrp1a;Sfrp1;sfrp1a
ENSDARG00000039041;sfrp5;Sfrp5;sfrp5
ENSDARG00000017843;srsf1b;Srsf1;srsf1b
ENSDARG00000002168;tra2b;Tra2b;tra2b
ENSDARG00000098574;srsf11;Srsf11;srsf11
ENSDARG00000061742;clasrp;Clasrp;clasrp
ENSDARG00000057691;srsf1a;Srsf1;srsf1a
ENSDARG00000045885;scaf11;Scaf11;scaf11
ENSDARG00000100815;srsf3a;Srsf3;srsf3a
ENSDARG00000025397;srsf3a;Srsf3;srsf3a
ENSDARG00000059360;srsf3b;Srsf3;srsf3b
ENSDARG00000105293;srsf4;Srsf4;srsf4
ENSDARG00000027734;srsf5b;Srsf5;srsf5b
ENSDARG00000016783;srsf6b;Srsf6;srsf6b
ENSDARG00000101057;srsf7b;Srsf7;srsf7b
ENSDARG00000005980;sfswap;Sfswap;sfswap
ENSDARG00000103595;sfxn5a;Sfxn5;sfxn5a
ENSDARG00000057296;cbln1;Cbln1;cbln1
ENSDARG00000061240;cbln4;Cbln4;cbln4
ENSDARG00000068232;cbln12;Cbln3;cbln12
ENSDARG00000090969;cbln18;Cbln3;cbln18
ENSDARG00000087476;cbln20;Cbln3;cbln20
ENSDARG00000038574;scg2b;Scg2;scg2b
ENSDARG00000086169;rskrb;Rskr;sgk494b
ENSDARG00000013871;slc5a1;Slc5a1;slc5a1
ENSDARG00000029621;sgms1b;Sgms1;sgms1
ENSDARG00000052520;sgms2a;Sgms2;sgms2
ENSDARG00000056214;gnrh3;Gnrh1;gnrh3
ENSDARG00000103907;sgo1;Sgo1;sgol1
ENSDARG00000016769;sgtb;Sgtb;sgtb
ENSDARG00000100083;sugt1;Sugt1;sgut1
ENSDARG00000095348;sh2d1aa;Sh2d1a;sh2d1aa
ENSDARG00000104555;sh2d3cb;Sh2d3c;sh2d3cb
ENSDARG00000020000;sh3bp4a;Sh3bp4;sh3bp4a
ENSDARG00000103978;sh3bp5b;Sh3bp5;sh3bp5b
ENSDARG00000023600;sh3gl2a;Sh3gl2;sh3gl2a
ENSDARG00000007302;sh3gl3b;Sh3gl3;sh3gl3b
ENSDARG00000035470;sh3glb2b;Sh3glb2;sh3glb2b
ENSDARG00000008983;sh3glb2a;Sh3glb2;sh3glb2a
ENSDARG00000060148;sh3pxd2aa;Sh3pxd2a;sh3pxd2aa
ENSDARG00000056004;sprn;Sprn;sprn
ENSDARG00000062325;shank2b;Shank2;shank2
ENSDARG00000062109;shdb;Shd;shdb
ENSDARG00000042861;ltk;Alk;ltk
ENSDARG00000068246;plcb3;Plcb3;plcb3
ENSDARG00000027899;sem1;Sem1;shfm1
ENSDARG00000071543;shisa10.2;Shisa5;SHISA4
ENSDARG00000063144;shisa7b;Shisa7;shisa7b
ENSDARG00000036279;lamc1;Lamc1;lamc1
ENSDARG00000007494;st3gal8;6430550D23Rik;st3gal8
ENSDARG00000079310;st3gal1l;St3gal1;st3gal1l
ENSDARG00000039064;st3gal7;St3gal6;st3gal7
ENSDARG00000015374;st3gal3a;St3gal3;st3gal3a
ENSDARG00000044381;siah2l;Siah2;siah2l
ENSDARG00000069472;chsy3;Chsy3;chsy3
ENSDARG00000018393;kank2;Kank2;kank2
ENSDARG00000030933;ksr1b;Ksr1;ksr1b
ENSDARG00000017901;tln2a;Tln2;tln2a
ENSDARG00000053505;fbxo22;Fbxo22;fbxo22
ENSDARG00000023999;heatr5a;Heatr5a;heatr5a
ENSDARG00000056279;ccdc157;Ccdc157;ccdc157
ENSDARG00000068601;atmin;Atmin;atmin
ENSDARG00000056467;tmub2;Tmub2;tmub2
ENSDARG00000020785;lama4;Lama4;lama4
ENSDARG00000032005;ccdc65;Ccdc65;ccdc65
ENSDARG00000000540;asnsd1;Asnsd1;asnsd1
ENSDARG00000000516;ankar;Ankar;ankar
ENSDARG00000043635;cmc2;Cmc2;cmc2
ENSDARG00000015199;cblb;Cblb;cblb
ENSDARG00000039390;sdhaf4;Sdhaf4;sdhaf4
ENSDARG00000031302;smap1;Smap1;smap1
ENSDARG00000068286;slc7a4;Slc7a4;slc7a4
ENSDARG00000068175;ing5b;Ing5;ing5b
ENSDARG00000006065;znf385b;Zfp385b;znf385b
ENSDARG00000014333;ormdl1;Ormdl1;ormdl1
ENSDARG00000005640;adat3;Adat3;adat3
ENSDARG00000000142;tmem267;Tmem267;tmem267
ENSDARG00000087474;ccr6a;Ccr6;ccr6a
ENSDARG00000028731;stat4;Stat4;stat4
ENSDARG00000076182;stat1b;Stat1;stat1b
ENSDARG00000034677;scel;Scel;scel
ENSDARG00000000442;slc39a13;Slc39a13;slc39a13
ENSDARG00000001210;arl14ep;Arl14ep;arl14ep
ENSDARG00000000380;pde6a;Pde6a;pde6a
ENSDARG00000000001;slc35a5;Slc35a5;slc35a5
ENSDARG00000000002;ccdc80;Ccdc80;ccdc80
ENSDARG00000055705;f5;F5;f5
ENSDARG00000058990;slc35a2;Slc35a2;slc35a2
ENSDARG00000044972;bcap31;Bcap31;bcap31
ENSDARG00000033516;efr3ba;Efr3b;efr3ba
ENSDARG00000000837;snx9a;Snx9;snx9a
ENSDARG00000102048;slc25a43;Slc25a43;slc25a43
ENSDARG00000077762;slc2a4rg;Slc2a4rg-ps;si:rp71-79p20.2
ENSDARG00000068030;apold1b;Apol8;si:cabz01007802.1
ENSDARG00000087814;mfrp;Mfrp;ENSDARG00000087814
ENSDARG00000062959;zgc:158785;Marchf3;zgc:158785
ENSDARG00000090998;si:cabz01071911.3;Zfp1;si:cabz01071911.3
ENSDARG00000103288;pdpr;Pdpr;PDPR
ENSDARG00000097890;slc25a10a;Slc25a10;si:ch1073-100f3.2
ENSDARG00000094408;mfap4.11;Mfap4;MFAP4
ENSDARG00000092806;mfap4.7;Mfap4;MFAP4
ENSDARG00000096586;mfap4.10;Mfap4;ENSDARG00000096586
ENSDARG00000087762;rab27b;Rab27b;rab27b
ENSDARG00000089486;cplx3b;Cplx3;cplx3b
ENSDARG00000088981;tmem220;Tmem220;tmem220
ENSDARG00000105350;histh1l2;H1f6;si:ch1073-153i20.4
ENSDARG00000095802;pcare2;Pcare;si:ch1073-155h21.2
ENSDARG00000035771;mepceb;Mepce;MEPCE
ENSDARG00000104903;cdkn1cb;Cdkn1c;cdkn1cb
ENSDARG00000074012;h1l1;H1f3;si:ch1073-159d7.7
ENSDARG00000077610;hykk.1;Hykk;hykk.1
ENSDARG00000102377;slc6a16b;Slc6a21;slc6a16b
ENSDARG00000105761;or63h1;Or2at4;or121-1
ENSDARG00000078752;rubcn;Rubcn;rubcn
ENSDARG00000060482;mid1;Mid1;mid1
ENSDARG00000090108;dbndd1;Dbndd1;si:ch1073-174d20.1
ENSDARG00000079651;afg3l1;Afg3l1;si:ch1073-174d20.2
ENSDARG00000060751;taok3a;Taok3;taok3a
ENSDARG00000059695;dusp28;Dusp28;dusp28
ENSDARG00000077029;bub1;Bub1;bub1
ENSDARG00000099227;galnt13;Galnt13;galnt13
ENSDARG00000061131;kif21a;Kif21a;kif21a
ENSDARG00000096597;dmac2;Dmac2;ENSDARG00000096597
ENSDARG00000105683;or55a4;Or55b10;CABZ01018874.2
ENSDARG00000100261;map10;Map10;si:ch1073-266p11.2
ENSDARG00000037359;cdr2b;Cdr2;si:ch1073-272o11.3
ENSDARG00000098837;tgm5l;Tgm3;tgm5l
ENSDARG00000103663;ninj1;Ninj1;NINJ1
ENSDARG00000004328;lin28aa;Lin28a;LIN28A
ENSDARG00000102914;dennd4b;Dennd4b;dennd4b
ENSDARG00000054984;zbtb41;Zbtb41;zbtb41
ENSDARG00000087145;parp10;Parp10;si:ch1073-296d18.1
ENSDARG00000093773;plex9.2;Trex2;si:ch1073-296i8.2
ENSDARG00000078331;best1;Best1;best1
ENSDARG00000036793;ttll5;Ttll5;ttll5
ENSDARG00000051754;rpgrip1l;Rpgrip1l;rpgrip1l
ENSDARG00000104105;ttf2;Ttf2;ttf2
ENSDARG00000102353;ddx47;Ddx47;ddx47
ENSDARG00000077792;cdc42ep1b;Cdc42ep1;cdc42ep1b
ENSDARG00000037843;tor4aa;Tor4a;tor4aa
ENSDARG00000010145;tor4aa;Tor4a;tor4aa
ENSDARG00000060471;gcnt3;Gcnt3;gcnt3
ENSDARG00000096306;lrrc41;Lrrc41;si:ch1073-342h5.2
ENSDARG00000061040;pum2;Pum2;pum2
ENSDARG00000060838;trim35-33;Trim75;trim35-33
ENSDARG00000088807;klhl22;Klhl22;klhl22
ENSDARG00000101317;grinaa;Grina;grinaa
ENSDARG00000099801;topaz1;Topaz1;topaz1
ENSDARG00000092584;plex9.1;Trex2;si:ch1073-385f13.3
ENSDARG00000102075;rnf122;Rnf122;ENSDARG00000102075
ENSDARG00000102599;tgoln2;Tgoln2;si:ch1073-392o20.2
ENSDARG00000040135;fosaa;Fos;fosaa
ENSDARG00000059029;mmp28;Mmp28;mmp28
ENSDARG00000075732;taf4b;Taf4b;taf4b
ENSDARG00000038996;egln1a;Egln1;egln1a
ENSDARG00000073771;tbc1d12b;Tbc1d12;tbc1d12b
ENSDARG00000089101;plrdgb;Pitpnm3;plrdgb
ENSDARG00000086075;ttc3;Ttc3;ttc3
ENSDARG00000039852;ftr93;Trim80;ftr93
ENSDARG00000045299;vmo1b;Vmo1;vmo1b
ENSDARG00000077231;vwf;Vwf;vwf
ENSDARG00000101556;fam111.2;Fam111a;si:ch1073-475a24.1
ENSDARG00000058964;themis2;Themis2;themis2
ENSDARG00000101445;klhl7;Klhl7;klhl7
ENSDARG00000014792;lrrc4bb;Lrrc4b;lrrc4bb
ENSDARG00000034222;hs1bp3;Hs1bp3;hs1bp3
ENSDARG00000058108;eps8l2;Eps8l2;ENSDARG00000058108
ENSDARG00000004176;ulk4;Ulk4;ulk4
ENSDARG00000091418;snx17;Snx17;snx17
ENSDARG00000043388;atraid;Atraid;atraid
ENSDARG00000014004;eif2b4;Eif2b4;eif2b4
ENSDARG00000039411;cep68;Cep68;cep68
ENSDARG00000055525;lgalslb;Lgalsl;lgalslb
ENSDARG00000036481;tcn2;Tcn2;tcn2
ENSDARG00000103184;pamr1a;Pamr1;PAMR1
ENSDARG00000101979;eps8l3a;Eps8l3;eps8l3a
ENSDARG00000089567;patl2;Patl2;si:ch211-103b1.2
ENSDARG00000096081;lrrc56;Lrrc56;LRRC56
ENSDARG00000061835;zpld1a;Zpld1;zpld1a
ENSDARG00000044143;nol8;Nol8;nol8
ENSDARG00000070555;ldlrad4a;Ldlrad4;ldlrad4a
ENSDARG00000016963;slc16a1a;Slc16a1;slc16a1a
ENSDARG00000008249;ptchd4;Ptchd4;ptchd4
ENSDARG00000022772;osbp2b;Osbp2;ENSDARG00000022772
ENSDARG00000035565;atp6v0a2b;Atp6v0a2;atp6v0a2b
ENSDARG00000011672;sema3b;Sema3b;sema3b
ENSDARG00000052097;trim35-31;Trim75;trim35-31
ENSDARG00000075706;myripa;Myrip;si:ch211-106h4.9
ENSDARG00000036809;anpepa;Anpep;ENSDARG00000036809
ENSDARG00000070995;inpp4ab;Inpp4a;inpp4ab
ENSDARG00000062517;fam110d;Fam110d;si:ch211-107n13.1
ENSDARG00000104390;sumo2a;Sumo2;sumo2a
ENSDARG00000075543;chd8;Chd8;chd8
ENSDARG00000053934;hdhd3;Hdhd3;hdhd3
ENSDARG00000053939;tgfa;Tgfa;tgfa
ENSDARG00000062077;acsbg1;Acsbg1;acsbg1
ENSDARG00000034982;zcchc8;Zcchc8;zcchc8
ENSDARG00000020981;slc35a3b;Slc35a3;slc35a3b
ENSDARG00000058410;acbd5b;Acbd5;acbd5b
ENSDARG00000057042;tm2d1;Tm2d1;tm2d1
ENSDARG00000088167;sh2d7;Sh2d7;si:ch211-112g6.4
ENSDARG00000061560;stim1b;Stim1;stim1b
ENSDARG00000020777;cep85l;Cep85l;cep85l
ENSDARG00000051730;slc7a10b;Slc7a10;slc7a10b
ENSDARG00000052277;cabp2b;Cabp2;cabp2b
ENSDARG00000079631;zfp91;Zfp91;si:ch211-113e8.10
ENSDARG00000078251;tesk1a;Tesk1;ENSDARG00000078251
ENSDARG00000067729;arid3c;Arid3c;arid3c
ENSDARG00000069649;tmem160;Tmem160;tmem160
ENSDARG00000035560;capga;Capg;capga
ENSDARG00000058270;colgalt1b;Colgalt1;COLGALT1
ENSDARG00000052035;nxnl1;Nxnl1;nxnl1
ENSDARG00000075924;rapgef4b;Rapgef4;ENSDARG00000075924
ENSDARG00000058159;ipo8;Ipo8;ipo8
ENSDARG00000103648;znf536;Zfp536;znf536
ENSDARG00000100313;pip5k1cb;Pip5k1c;pip5k1cb
ENSDARG00000098345;mamdc2a;Mamdc2;mamdc2a
ENSDARG00000102338;ptar1;Ptar1;ptar1
ENSDARG00000039820;mea1;Mea1;mea1
ENSDARG00000075730;dnph1;Dnph1;dnph1
ENSDARG00000058738;slc26a6l2;Slc26a6;ENSDARG00000058738
ENSDARG00000079796;ldah;Ldah;ldah
ENSDARG00000041431;slc24a1;Slc24a1;slc24a1
ENSDARG00000062721;dennd4a;Dennd4a;dennd4a
ENSDARG00000041417;atp6ap1a;Atp6ap1;atp6ap1a
ENSDARG00000073923;adck2;Adck2;adck2
ENSDARG00000031956;tmem63a;Tmem63a;tmem63a
ENSDARG00000017355;rsph9;Rsph9;rsph9
ENSDARG00000024465;mrps18a;Mrps18a;mrps18a
ENSDARG00000100835;rgs13b;Rgs13;si:ch211-117l17.5
ENSDARG00000061061;dpagt1;Dpagt1;dpagt1
ENSDARG00000035459;spns3;Spns3;spns3
ENSDARG00000073695;mamdc2b;Mamdc2;mamdc2b
ENSDARG00000090372;taar14e;Taar7b;taar14e
ENSDARG00000090812;taar14g;Taar8a;taar14g
ENSDARG00000088859;taar14f;Taar7a;taar14f
ENSDARG00000091705;taar14d;Taar7b;taar14d
ENSDARG00000091733;taar14b;Taar7b;zgc:153137
ENSDARG00000041414;bmf2;Bmf;bmf2
ENSDARG00000077419;nectin4a;Nectin4;si:ch211-119e14.9
ENSDARG00000074064;rem2;Rem2;rem2
ENSDARG00000038742;rbp1.2;Rbp1;RBP1
ENSDARG00000023026;pkp2;Pkp2;pkp2
ENSDARG00000063457;wash1;Washc1;wash1
ENSDARG00000093091;iqsec3b;Iqsec3;iqsec3b
ENSDARG00000014053;olfm1b;Olfm1;olfm1b
ENSDARG00000028676;nuak1b;Nuak1;nuak1b
ENSDARG00000053828;ubxn11;Ubxn11;ubxn11
ENSDARG00000070565;adap2;Adap2;adap2
ENSDARG00000007737;zyg11;Zyg11a;zyg11
ENSDARG00000026519;ralgps2;Ralgps2;ralgps2
ENSDARG00000078169;cacna2d2b;Cacna2d2;cacna2d2b
ENSDARG00000088204;shisa8b;Shisa8;shisa8b
ENSDARG00000088816;trabd2b;Trabd2b;trabd2b
ENSDARG00000074086;tecpr1b;Tecpr1;tecpr1b
ENSDARG00000079473;map3k21;Map3k21;ENSDARG00000079473
ENSDARG00000013524;cyp2ae1;Cyp2j7;cyp2ae1
ENSDARG00000063330;mgat4a;Mgat4a;mgat4a
ENSDARG00000043475;tagapb;Tagap;tagapb
ENSDARG00000053066;tubb1;Tubb1;tubb1
ENSDARG00000036159;trhrb;Trhr;trhrb
ENSDARG00000098790;sowahca;Sowahc;sowahca
ENSDARG00000086362;pou6f2;Pou6f2;pou6f2
ENSDARG00000045790;kics2;Kics2;si:ch211-125a15.1
ENSDARG00000045789;srgap1b;Srgap1;srgap1b
ENSDARG00000038321;zgc:172053;Reg4;zgc:172053
ENSDARG00000074160;paqr4b;Paqr4;paqr4b
ENSDARG00000093170;mef2b;Mef2b;mef2b
ENSDARG00000016730;rfxank;Rfxank;rfxank
ENSDARG00000056162;nr2c2ap;Nr2c2ap;nr2c2ap
ENSDARG00000086661;tmem221;Tmem221;ENSDARG00000086661
ENSDARG00000054373;b3gnt3.2;B3gnt3;ENSDARG00000054373
ENSDARG00000093521;b3gnt3.3;B3gnt3;ENSDARG00000093521
ENSDARG00000006832;galnt9;Galnt9;galnt9
ENSDARG00000008450;pcolce2a;Pcolce2;pcolce2a
ENSDARG00000061818;meox2b;Meox2;meox2b
ENSDARG00000063005;anapc7;Anapc7;anapc7
ENSDARG00000063153;bcl11ab;Bcl11a;bcl11ab
ENSDARG00000100375;timm23b;Timm23;timm23b
ENSDARG00000010531;scamp4;Scamp4;scamp4
ENSDARG00000071424;ap3d1;Ap3d1;ap3d1
ENSDARG00000063371;rasa3;Rasa3;rasa3
ENSDARG00000060103;cpeb3;Cpeb3;cpeb3
ENSDARG00000028431;adnp2b;Adnp2;adnp2b
ENSDARG00000062906;kcnv2b;Kcnv2;kcnv2b
ENSDARG00000062904;idua;Idua;idua
ENSDARG00000062272;afg3l2;Afg3l2;afg3l2
ENSDARG00000045633;asb15a;Asb15;asb15a
ENSDARG00000075012;glra2;Glra2;glra2
ENSDARG00000104113;zgc:136767;Trim35;zgc:136767
ENSDARG00000057395;ssbp2a;Ssbp2;ENSDARG00000057395
ENSDARG00000027192;hcn3;Hcn3;hcn3
ENSDARG00000102200;man2a1;Man2a1;man2a1
ENSDARG00000052255;trim35-3;Trim75;trim35-3
ENSDARG00000095739;si:dkey-73p2.1;Gimap7;si:dkey-73p2.1
ENSDARG00000079462;ptges3l;Ptges3l;si:ch211-131k2.3
ENSDARG00000068372;zgc:158427;Slc6a12;zgc:158427
ENSDARG00000010376;slc5a3a;Slc5a3;slc5a3a
ENSDARG00000075505;ptgfrnb;Ptgfrn;PTGFRN
ENSDARG00000090889;lect2.2;Lect2;ENSDARG00000090889
ENSDARG00000098852;smdt1b;Smdt1;smdt1b
ENSDARG00000075870;triobpa;Triobp;triobpa
ENSDARG00000071164;alkbh1;Alkbh1;alkbh1
ENSDARG00000095633;smim24;Smim24;si:ch211-133l5.7
ENSDARG00000035514;adam28;Adam28;adam28
ENSDARG00000076135;mmrn2a;Mmrn2;mmrn2a
ENSDARG00000038686;shld2;Shld2;si:ch211-134m17.9
ENSDARG00000056034;pip4p2;Pip4p2;tmem55a
ENSDARG00000010728;scin;Scin;scin
ENSDARG00000070809;znf516;Zfp516;znf516
ENSDARG00000076090;jakmip1;Jakmip1;jakmip1
ENSDARG00000006944;gdpd3b;Gdpd3;gdpd3b
ENSDARG00000075864;igsf9a;Igsf9;igsf9a
ENSDARG00000027638;adra1ab;Adra1a;adra1ab
ENSDARG00000094243;shda;Shd;shda
ENSDARG00000078644;spmap2;Spmap2;theg
ENSDARG00000093078;plscr3a;Plscr3;plscr3a
ENSDARG00000077261;lmod1b;Lmod1;lmod1b
ENSDARG00000074414;sema4ba;Sema4b;sema4ba
ENSDARG00000045265;gsg1l2b;Gsg1l2;gsg1l2b
ENSDARG00000077573;tmprss13b;Tmprss13;tmprss13b
ENSDARG00000012860;tmprss4b;Tmprss4;tmprss4b
ENSDARG00000035352;pafah1b2;Pafah1b2;pafah1b2
ENSDARG00000094561;fxyd2;Fxyd2;si:ch211-139a5.9
ENSDARG00000076345;taar19p;Taar8a;taar19p
ENSDARG00000019426;trioa;Trio;trioa
ENSDARG00000003022;limk1b;Limk1;limk1b
ENSDARG00000058503;flt3;Flt3;flt3
ENSDARG00000078249;unc13d;Unc13d;unc13d
ENSDARG00000087016;micall1b.2;Micall1;si:ch211-254c8.2
ENSDARG00000096668;mzt1;Mzt1;MZT1
ENSDARG00000087285;tmem182b;Tmem182;tmem182b
ENSDARG00000079549;cdc42ep1a;Cdc42ep1;cdc42ep1a
ENSDARG00000092488;khnyn;Khnyn;khnyn
ENSDARG00000057025;chrna2b;Chrna2;chrna2b
ENSDARG00000100913;arhgef12b;Arhgef12;arhgef12b
ENSDARG00000027586;top3b;Top3b;top3b
ENSDARG00000037260;toporsa;Topors;toporsa
ENSDARG00000037256;kcnip4b;Kcnip4;si:ch211-145b13.5
ENSDARG00000053665;gabrg2;Gabrg2;gabrg2
ENSDARG00000077547;tmlhe;Tmlhe;tmlhe
ENSDARG00000003512;anks1b;Anks1b;anks1b
ENSDARG00000078805;ap5b1;Ap5b1;ap5b1
ENSDARG00000057429;arg1;Arg1;arg1
ENSDARG00000057417;nudt13;Nudt13;nudt13
ENSDARG00000033537;p4ha1a;P4ha1;p4ha1a
ENSDARG00000059534;jph3a;Jph3;ENSDARG00000059534
ENSDARG00000023448;galnt14;Galnt14;galnt14
ENSDARG00000007869;ehd3;Ehd3;ehd3
ENSDARG00000007774;vash2;Vash2;vash2
ENSDARG00000042577;batf3;Batf3;batf3
ENSDARG00000024471;nsl1;Nsl1;nsl1
ENSDARG00000054076;tatdn3;Tatdn3;tatdn3
ENSDARG00000095457;spata45;Spata45;si:ch211-147d7.5
ENSDARG00000031587;flvcr1;Flvcr1;flvcr1
ENSDARG00000023203;mhc1lda;H2-M10.2;mhc1lda
ENSDARG00000051712;mhc1lfa;Fcgrt;mhc1lfa
ENSDARG00000096830;mhc1lja;H2-Q7;mhc1lja
ENSDARG00000095603;grid2ipb;Grid2ip;grid2ipb
ENSDARG00000029431;prr5l;Prr5l;ENSDARG00000029431
ENSDARG00000062195;fbxo31;Fbxo31;fbxo31
ENSDARG00000089952;dynlrb2;Dynlrb2;ENSDARG00000089952
ENSDARG00000074505;mturn;Mturn;mturn
ENSDARG00000076406;ggcta;Ggct;ggcta
ENSDARG00000088882;gprin3a;Gprin3;si:ch211-149b19.2
ENSDARG00000076011;ppm1ka;Ppm1k;ENSDARG00000076011
ENSDARG00000070127;nfxl1;Nfxl1;nfxl1
ENSDARG00000079816;rhbdd3;Rhbdd3;rhbdd3
ENSDARG00000098330;spef2;Spef2;spef2
ENSDARG00000004634;osbp;Osbp;osbp
ENSDARG00000103588;prrt2;Prrt2;prrt2
ENSDARG00000035308;grb10b;Grb10;grb10b
ENSDARG00000090230;tmem108;Tmem108;tmem108
ENSDARG00000079570;rspo2;Rspo2;rspo2
ENSDARG00000079553;cd83;Cd83;cd83
ENSDARG00000013659;brox;Brox;brox
ENSDARG00000103472;nedd8l;Nedd8;nedd8l
ENSDARG00000040116;znf366;Zfp366;znf366
ENSDARG00000068199;pld3;Pld3;pld3
ENSDARG00000092394;dcun1d4;Dcun1d4;dcun1d4
ENSDARG00000052336;ociad2;Ociad2;ociad2
ENSDARG00000012674;rpusd4;Rpusd4;rpusd4
ENSDARG00000009727;twf2b;Twf2;twf2b
ENSDARG00000004131;rttn;Rttn;rttn
ENSDARG00000002894;aven;Aven;aven
ENSDARG00000062485;dock11;Dock11;dock11
ENSDARG00000078102;psda;Psd;si:ch211-150i13.1
ENSDARG00000079336;strc1;Strc;si:ch211-150j10.4
ENSDARG00000104251;prdm10;Prdm10;prdm10
ENSDARG00000074768;zgc:113295;Zfp612;zgc:113295
ENSDARG00000097245;mtcl3a;Mtcl3;soga3a
ENSDARG00000063311;mtcl3a;Mtcl3;soga3a
ENSDARG00000088571;mtcl3a;Mtcl3;soga3a
ENSDARG00000087426;adissp;Adissp;si:ch211-151p13.8
ENSDARG00000013789;sim1b;Sim1;sim1b
ENSDARG00000017386;sobpb;Sobp;sobpb
ENSDARG00000010816;slc7a14a;Slc7a14;slc7a14a
ENSDARG00000041776;ndst3;Ndst4;ndst3
ENSDARG00000045747;cped1;Cped1;cped1
ENSDARG00000056717;vars2;Vars2;vars2
ENSDARG00000036065;mgat1b;Mgat1;mgat1b
ENSDARG00000089187;wfdc2;Wfdc5;wfdc2
ENSDARG00000045273;tmem204;Tmem204;tmem204
ENSDARG00000000830;telo2;Telo2;telo2
ENSDARG00000031886;ift140;Ift140;ift140
ENSDARG00000016490;rab11fip3;Rab11fip3;rab11fip3
ENSDARG00000011818;batf;Batf;batf
ENSDARG00000001913;palmda;Palmd;palmda
ENSDARG00000067613;dnajc25;Dnajc25;dnajc25
ENSDARG00000071347;aftphb;Aftph;aftphb
ENSDARG00000062824;alx1;Alx1;alx1
ENSDARG00000062821;slc6a15;Slc6a15;slc6a15
ENSDARG00000041747;sspn;Sspn;sspn
ENSDARG00000061762;trim108;Trim72;trim108
ENSDARG00000045692;pphln1;Pphln1;pphln1
ENSDARG00000045691;zcrb1;Zcrb1;zcrb1
ENSDARG00000015966;yaf2;Yaf2;yaf2
ENSDARG00000098734;ccdc14;Ccdc14;ccdc14
ENSDARG00000102981;cyp2k16;Cyp2w1;cyp2k16
ENSDARG00000014953;cnih3;Cnih3;cnih3
ENSDARG00000062695;ccdc126;Ccdc126;ccdc126
ENSDARG00000062688;gpnmb;Gpnmb;gpnmb
ENSDARG00000062664;oxnad1;Oxnad1;oxnad1
ENSDARG00000070831;rftn1a;Rftn1;rftn1a
ENSDARG00000006491;agpat9l;Gpat3;agpat9l
ENSDARG00000102310;gpr179;Gpr179;si:ch211-156l18.8
ENSDARG00000025108;magixa;Magix;magixa
ENSDARG00000076027;kif5c;Kif5c;kif5c
ENSDARG00000074275;limch1a;Limch1;limch1a
ENSDARG00000075330;phox2ba;Phox2b;phox2ba
ENSDARG00000073902;ptpn9b;Ptpn9;ptpn9b
ENSDARG00000077155;tmem116;Tmem116;ENSDARG00000077155
ENSDARG00000067564;zgc:153044;Dusp21;ENSDARG00000067564
ENSDARG00000068192;taf4a;Taf4;taf4a
ENSDARG00000006447;slc19a3a;Slc19a3;slc19a3a
ENSDARG00000040853;shoc2;Shoc2;shoc2
ENSDARG00000074117;cckbra;Cckbr;ENSDARG00000074117
ENSDARG00000016788;zeb1a;Zeb1;zeb1a
ENSDARG00000032043;ftr16;Trim80;ftr16
ENSDARG00000074131;kif5ba;Kif5b;kif5ba
ENSDARG00000091111;tifa;Tifa;ENSDARG00000091111
ENSDARG00000005648;olfml2a;Olfml2a;olfml2a
ENSDARG00000097964;arhgef33;Arhgef33;arhgef33
ENSDARG00000040048;galntl6;Galntl6;GALNTL6
ENSDARG00000102025;znf644b;Zfp644;znf644b
ENSDARG00000037747;fscn1b;Fscn1;fscn1b
ENSDARG00000079873;slc29a4b;Slc29a4;ENSDARG00000079873
ENSDARG00000010758;capn12;Capn12;capn12
ENSDARG00000068421;ttc9b;Ttc9b;ttc9b
ENSDARG00000051785;dhx33;Dhx33;dhx33
ENSDARG00000063126;gusb;Gusb;gusb
ENSDARG00000029463;asap1a;Asap1;asap1a
ENSDARG00000007990;wt1b;Wt1;wt1b
ENSDARG00000076296;triqk;Triqk;triqk
ENSDARG00000075687;anapc1;Anapc1;anapc1
ENSDARG00000087191;wdr93;Wdr93;wdr93
ENSDARG00000077095;hipk1b;Hipk1;ENSDARG00000077095
ENSDARG00000063255;btbd11a;Abtb3;btbd11a
ENSDARG00000094003;serp2;Serp2;serp2
ENSDARG00000051763;sntb2;Sntb2;sntb2
ENSDARG00000101143;vps37bb;Vps37b;ENSDARG00000101143
ENSDARG00000102900;tacr1b;Tacr1;tacr1b
ENSDARG00000045753;tmtc2a;Tmtc2;tmtc2a
ENSDARG00000104726;ncbp2as2;Ncbp2as2;si:ch211-162e15.3
ENSDARG00000069169;cerk;Cerk;cerk
ENSDARG00000060124;timm17b;Timm17b;timm17b
ENSDARG00000069423;tmie;Tmie;tmie
ENSDARG00000068855;bbof1a;Bbof1;ENSDARG00000068855
ENSDARG00000078155;inavaa;Inava;INAVA
ENSDARG00000093990;gzm3.3;Gzmc;si:ch211-165b19.8
ENSDARG00000076814;gzm3.4;Gzmc;si:ch211-165b19.9
ENSDARG00000076939;znf451;Zfp451;znf451
ENSDARG00000057610;cdkn2c;Cdkn2c;cdkn2c
ENSDARG00000034168;serpini1;Serpini1;serpini1
ENSDARG00000006983;celf3b;Celf3;celf3b
ENSDARG00000058992;cers2b;Cers2;cers2b
ENSDARG00000056478;acap2a;Acap2;ENSDARG00000056478
ENSDARG00000020447;tmtc4;Tmtc4;tmtc4
ENSDARG00000019549;cds1;Cds1;cds1
ENSDARG00000076376;tmem175;Tmem175;tmem175
ENSDARG00000036626;sema6ba;Sema6b;sema6ba
ENSDARG00000061378;smg8;Smg8;smg8
ENSDARG00000087393;prr11;Prr11;prr11
ENSDARG00000075405;adck5;Adck5;adck5
ENSDARG00000060865;scai;Scai;scai
ENSDARG00000012449;ccdc120a;Ccdc120;si:ch211-169p10.1
ENSDARG00000063040;btbd11b;Abtb3;btbd11b
ENSDARG00000076891;rfxap;Rfxap;rfxap
ENSDARG00000018688;elk3;Elk3;elk3
ENSDARG00000041736;hsdl1;Hsdl1;hsdl1
ENSDARG00000078789;tmem184c;Tmem184c;tmem184c
ENSDARG00000038242;zgc:113333;Hexd;zgc:113333
ENSDARG00000061688;arvcfb;Arvcf;arvcfb
ENSDARG00000078864;lats2;Lats2;lats2
ENSDARG00000035821;zmym4.2;Zmym4;si:ch211-173p18.3
ENSDARG00000023988;dctn4;Dctn4;dctn4
ENSDARG00000097487;pfn4;Pfn4;ENSDARG00000097487
ENSDARG00000103683;inpp5b;Inpp5b;inpp5b
ENSDARG00000078217;cblc;Cblc;cblc
ENSDARG00000102264;trim35-22;Trim75;trim35-22
ENSDARG00000102368;trim35-23;Trim75;trim35-23
ENSDARG00000102303;trim35-21;Trim75;trim35-21
ENSDARG00000100508;ubn2b;Ubn2;ubn2b
ENSDARG00000069440;dachd;Dach1;dachd
ENSDARG00000041350;ankrd39;Ankrd39;ankrd39
ENSDARG00000052471;taf1a;Taf1a;taf1a
ENSDARG00000052465;dusp10;Dusp10;dusp10
ENSDARG00000060980;atp8b1;Atp8b1;atp8b1
ENSDARG00000011190;fgfr1b;Fgfr1;fgfr1b
ENSDARG00000061466;cpne5a;Cpne5;cpne5a
ENSDARG00000073792;man1b1a;Man1b1;man1b1a
ENSDARG00000058906;cldn10d;Cldn10;si:ch211-181l5.2
ENSDARG00000060631;garnl3;Garnl3;ENSDARG00000060631
ENSDARG00000056294;sbk1;Sbk1;ENSDARG00000056294
ENSDARG00000043497;scrn2;Scrn2;scrn2
ENSDARG00000076914;lacc1;Lacc1;lacc1
ENSDARG00000093901;trhr2;Trhr2;trhr2
ENSDARG00000039517;c8b;C8b;c8b
ENSDARG00000077265;wdr89;Wdr89;wdr89
ENSDARG00000025478;gipr;Gipr;gipr
ENSDARG00000054456;clip3;Clip3;clip3
ENSDARG00000087413;bean1;Bean1;bean1
ENSDARG00000043518;si:dkey-239i20.2;Gm4847;FMO5
ENSDARG00000057583;prrc2c;Prrc2c;prrc2c
ENSDARG00000070150;jtb;Jtb;jtb
ENSDARG00000062293;qpctlb;Qpctl;qpctlb
ENSDARG00000068256;rwdd;Rwdd4a;rwdd
ENSDARG00000010565;aqp4;Aqp4;aqp4
ENSDARG00000074056;kctd1;Kctd1;kctd1
ENSDARG00000063026;mlc1;Mlc1;mlc1
ENSDARG00000063019;panx2;Panx2;panx2
ENSDARG00000044161;grid1b;Grid1;grid1b
ENSDARG00000078447;tctn1;Tctn1;tctn1
ENSDARG00000052658;pptc7b;Pptc7;pptc7b
ENSDARG00000102761;zbtb42;Zbtb42;zbtb42
ENSDARG00000062138;ranbp10;Ranbp10;ranbp10
ENSDARG00000102436;wizb;Wiz;si:ch211-194b1.1
ENSDARG00000079056;dnaaf9;Dnaaf9;si:ch211-194c3.5
ENSDARG00000006383;stxbp5l;Stxbp5l;stxbp5l
ENSDARG00000000542;gtf2e1;Gtf2e1;gtf2e1
ENSDARG00000000747;lcmt2;Lcmt2;lcmt2
ENSDARG00000056886;tbccd1;Tbccd1;tbccd1
ENSDARG00000032876;trit1;Trit1;trit1
ENSDARG00000061804;nhsl3;Nhsl3;si:ch211-194e15.5
ENSDARG00000063257;pld5;Pld5;ENSDARG00000063257
ENSDARG00000059712;slc19a2;Slc19a2;slc19a2
ENSDARG00000079725;dhx9;Dhx9;dhx9
ENSDARG00000103937;ndrg4;Ndrg4;ndrg4
ENSDARG00000040557;exosc5;Exosc5;exosc5
ENSDARG00000054054;zgc:153219;Itln1;zgc:153219
ENSDARG00000100564;sil1;Sil1;ENSDARG00000100564
ENSDARG00000036100;eya3;Eya3;eya3
ENSDARG00000078841;xkr8.4;Xkr8;si:ch211-195b13.6
ENSDARG00000088546;myct1b;Myct1;myct1b
ENSDARG00000003244;gbp3;Gbp6;gbp3
ENSDARG00000062661;abca4b;Abca4;abca4b
ENSDARG00000042285;atp8b3;Atp8b3;atp8b3
ENSDARG00000039899;zbtb7a;Zbtb7a;zbtb7a
ENSDARG00000008573;fam20b;Fam20b;fam20b
ENSDARG00000079238;trim59;Trim59;trim59
ENSDARG00000079679;cep112;Cep112;cep112
ENSDARG00000059858;pappab;Pappa;pappab
ENSDARG00000041493;ipo4;Ipo4;ipo4
ENSDARG00000079079;sult1st7;Sult1b1;sult1st7
ENSDARG00000005690;slc25a23a;Slc25a41;slc25a23a
ENSDARG00000040700;nab1b;Nab1;nab1b
ENSDARG00000068709;fam174b;Fam174b;fam174b
ENSDARG00000060687;chd2;Chd2;chd2
ENSDARG00000061735;hnrnpm;Hnrnpm;hnrnpm
ENSDARG00000071361;ifi44f1;Ifi44l;si:ch211-197g15.10
ENSDARG00000093460;gpr52;Gpr52;gpr52
ENSDARG00000063268;slc35g1;Slc35g1;SLC35G1
ENSDARG00000000567;znf281a;Zfp281;znf281a
ENSDARG00000096214;avpi1;Avpi1;si:ch211-197k17.3
ENSDARG00000060484;selenoi;Selenoi;SELENOI
ENSDARG00000060917;anln;Anln;anln
ENSDARG00000060893;col8a2;Col8a2;col8a2
ENSDARG00000075211;chd7;Chd7;chd7
ENSDARG00000002847;fndc1;Fndc1;fndc1
ENSDARG00000101928;gorasp1b;Gorasp1;gorasp1b
ENSDARG00000087369;cep162;Cep162;cep162
ENSDARG00000074763;mrap2a;Mrap2;mrap2a
ENSDARG00000062521;atp9b;Atp9b;atp9b
ENSDARG00000036168;nfatc1;Nfatc1;nfatc1
ENSDARG00000022187;usp6nl;Usp6nl;usp6nl
ENSDARG00000093799;setbp1;Setbp1;setbp1
ENSDARG00000024744;dpp6b;Dpp6;dpp6b
ENSDARG00000055874;cpe;Cpe;cpe
ENSDARG00000054420;rpe65c;Rpe65;rpe65c
ENSDARG00000079308;tor3a;Tor3a;tor3a
ENSDARG00000041358;lgi3;Lgi3;lgi3
ENSDARG00000098209;simc1;Simc1;si:ch211-199b20.3
ENSDARG00000096327;cd164l2;Cd164l2;cd164l2
ENSDARG00000093453;ahdc1;Ahdc1;ahdc1
ENSDARG00000053119;smpdl3a;Smpdl3a;smpdl3a
ENSDARG00000053122;clvs2;Clvs2;clvs2
ENSDARG00000035538;atp6v0a2a;Atp6v0a2;atp6v0a2a
ENSDARG00000037069;zdhhc14;Zdhhc14;zdhhc14
ENSDARG00000037064;galca;Galc;galca
ENSDARG00000042157;ppil6;Ppil6;ppil6
ENSDARG00000002333;fam102bb;Eeig2;fam102bb
ENSDARG00000005716;olfml2ba;Olfml2b;olfml2ba
ENSDARG00000061288;kcnc4;Kcnc4;kcnc4
ENSDARG00000056210;hspa1b;Hspa1a;si:ch211-199o1.2
ENSDARG00000061314;ngrn;Ngrn;ngrn
ENSDARG00000076103;grid2ipa;Grid2ip;grid2ipa
ENSDARG00000074509;tacr2;Tacr2;tacr2
ENSDARG00000078759;dna2;Dna2;dna2
ENSDARG00000098445;ankrd53;Ankrd53;si:ch211-1o7.2
ENSDARG00000058647;hck;Hck;hck
ENSDARG00000041085;arpin;Arpin;arpin
ENSDARG00000010425;scara5;Scara5;scara5
ENSDARG00000056713;pskh1;Pskh1;pskh1
ENSDARG00000070578;edn2;Edn2;edn2
ENSDARG00000017105;vaspb;Vasp;vaspb
ENSDARG00000068380;foxg1c;Foxg1;foxg1c
ENSDARG00000009418;mef2cb;Mef2c;mef2cb
ENSDARG00000095415;rnf224;Rnf224;ENSDARG00000095415
ENSDARG00000075141;gprc5bb;Gprc5b;gprc5bb
ENSDARG00000077721;knop1;Knop1;knop1
ENSDARG00000078986;mplkip;Mplkipl1;mplkip
ENSDARG00000075698;nkpd1;Nkpd1;nkpd1
ENSDARG00000056483;ssbp4;Ssbp3;ssbp4
ENSDARG00000061370;tsen34;Tsen34;tsen34
ENSDARG00000055124;ccnl1a;Ccnl1;ccnl1a
ENSDARG00000068274;ankrd67;Ankrd65;ENSDARG00000068274
ENSDARG00000103149;cog6;Cog6;cog6
ENSDARG00000052748;capn1b;Capn1;capn1b
ENSDARG00000061718;znf704;Zfp704;znf704
ENSDARG00000055875;pag1;Pag1;pag1
ENSDARG00000061713;tpd52;Tpd52;tpd52
ENSDARG00000104274;tmem200b;Tmem200b;si:ch211-204a13.2
ENSDARG00000098845;lrp12;Lrp12;lrp12
ENSDARG00000078221;plekha2;Plekha2;ENSDARG00000078221
ENSDARG00000102551;jazf1a;Jazf1;jazf1a
ENSDARG00000098288;tax1bp1a;Tax1bp1;tax1bp1a
ENSDARG00000045815;mcm10;Mcm10;mcm10
ENSDARG00000076903;bend3;Bend3;bend3
ENSDARG00000018000;ubp1;Ubp1;ubp1
ENSDARG00000088277;susd5;Susd5;susd5
ENSDARG00000059887;eral1;Eral1;eral1
ENSDARG00000076733;bard1;Bard1;bard1
ENSDARG00000030107;syne2a;Syne2;si:ch211-207i1.2
ENSDARG00000090793;misp3;Misp3;si:ch211-207j7.2
ENSDARG00000075416;hscb;Hscb;ENSDARG00000075416
ENSDARG00000074073;map6b;Map6;map6b
ENSDARG00000098802;map7d1a;Map7d1;map7d1a
ENSDARG00000091287;ebf3b;Ebf3;ebf3b
ENSDARG00000092746;si:ch211-150o23.2;Emd;si:ch211-150o23.2
ENSDARG00000104205;cfhl3;Cfhr1;cfhl3
ENSDARG00000105212;cfhl1;Cfhr1;cfhl1
ENSDARG00000037363;dennd2b;Dennd2b;st5
ENSDARG00000054332;trim66;Trim66;trim66
ENSDARG00000054324;rerglb;Rergl;rerglb
ENSDARG00000054318;stk33;Stk33;stk33
ENSDARG00000060944;rnf217;Rnf217;rnf217
ENSDARG00000060729;trim8b;Trim8;trim8b
ENSDARG00000025311;cuzd1.2;Cuzd1;cuzd1.2
ENSDARG00000056501;ifi44e;Ifi44l;si:ch211-208g24.8
ENSDARG00000060683;lrsam1;Lrsam1;lrsam1
ENSDARG00000095142;fkbp15a;Fkbp15;ENSDARG00000095142
ENSDARG00000060661;klf8;Klf8;klf8
ENSDARG00000074469;amigo3;Amigo3;amigo3
ENSDARG00000060994;fbxw7;Fbxw7;fbxw7
ENSDARG00000074703;ccdc97;Ccdc97;ccdc97
ENSDARG00000103690;vipas39;Vipas39;vipas39
ENSDARG00000103540;gpr132b;Gpr132;gpr132b
ENSDARG00000062565;kcnh4a;Kcnh4;kcnh4a
ENSDARG00000063244;lix1l;Lix1l;lix1l
ENSDARG00000063258;rfx5;Mindy1;rfx5
ENSDARG00000063252;prcc;Prcc;prcc
ENSDARG00000073962;ccdc32;Ccdc32;ccdc32
ENSDARG00000100406;itih3b.2;Itih4;ENSDARG00000100406
ENSDARG00000098158;cpxm1b;Cpxm1;cpxm1b
ENSDARG00000013687;cilp2;Cilp2;cilp2
ENSDARG00000027497;mast1a;Mast1;mast1a
ENSDARG00000104169;znf638;Zfp638;si:ch211-212k18.4
ENSDARG00000086658;crygm2d21;Crygb;crygm2d21
ENSDARG00000087765;crygm2d10;Crygf;crygm2d10
ENSDARG00000059707;znf423;Zfp423;ZNF423
ENSDARG00000094578;epsti1;Epsti1;epsti1
ENSDARG00000031203;commd1;Commd1;commd1
ENSDARG00000052376;b3gnt2a;B3gnt2;b3gnt2a
ENSDARG00000029051;gbe1a;Gbe1;gbe1a
ENSDARG00000044091;pitpnab;Pitpna;pitpnab
ENSDARG00000001414;mctp2a;Mctp2;mctp2a
ENSDARG00000015931;snap91b;Snap91;SNAP91
ENSDARG00000045850;ccdc167;Ccdc167;ccdc167
ENSDARG00000020952;naaladl1;Naaladl1;ENSDARG00000020952
ENSDARG00000061641;ankrd34bb;Ankrd34b;ankrd34bb
ENSDARG00000056477;ccdc125;Ccdc125;ccdc125
ENSDARG00000008593;nbas;Nbas;nbas
ENSDARG00000032117;ddx1;Ddx1;ddx1
ENSDARG00000044134;iars2;Iars2;iars2
ENSDARG00000044136;rab3gap2;Rab3gap2;rab3gap2
ENSDARG00000070491;hpcal4;Hpcal4;hpcal4
ENSDARG00000078974;coa4;Coa4;COA4
ENSDARG00000058218;fam151a;Fam151a;fam151a
ENSDARG00000068122;cfap77;Cfap77;cfap77
ENSDARG00000068130;spaca9;Spaca9;spaca9
ENSDARG00000076171;znf827;Zfp827;znf827
ENSDARG00000099938;pigrl3.5;Pigr;pigrl3.5
ENSDARG00000018782;kdm4aa;Kdm4a;kdm4aa
ENSDARG00000059523;rims4;Rims4;rims4
ENSDARG00000035868;spire1a;Spire1;spire1a
ENSDARG00000055331;aldh9a1a.2;Aldh9a1;aldh9a1a.2
ENSDARG00000039422;fuom;Fuom;fuom
ENSDARG00000003054;tacr3l;Tacr3;tacr3l
ENSDARG00000062506;zc3h18;Zc3h18;zc3h18
ENSDARG00000034001;tango6;Tango6;tango6
ENSDARG00000069045;chtf8;Chtf8;chtf8
ENSDARG00000017367;rhbdf1b;Rhbdf1;rhbdf1b
ENSDARG00000053779;or21.49;Or8g17;si:ch211-218m3.13
ENSDARG00000094505;or70a5;Or8b51;si:ch211-218m3.9
ENSDARG00000099727;ssbp2b;Ssbp2;ssbp2
ENSDARG00000062646;tet3;Tet3;tet3
ENSDARG00000098511;ntrk2b;Ntrk2;ntrk2b
ENSDARG00000043550;enkd1;Enkd1;ENKD1
ENSDARG00000062707;plat;Plat;plat
ENSDARG00000042249;frmd4a;Frmd4a;FRMD4A
ENSDARG00000053358;basp1;Basp1;basp1
ENSDARG00000038646;ftr11;Trim80;ftr11
ENSDARG00000077853;ttll2;Ttll2;ttll2
ENSDARG00000062633;cadm2b;Cadm2;cadm2b
ENSDARG00000078001;kbtbd7;Kbtbd7;kbtbd7
ENSDARG00000028228;zbtb18;Zbtb18;zbtb18
ENSDARG00000104810;akt3a;Akt3;akt3a
ENSDARG00000096739;si:dkey-219e21.2;Trim34b;si:dkey-219e21.2
ENSDARG00000020178;nova1;Nova1;nova1
ENSDARG00000008832;neu1;Neu1;neu1
ENSDARG00000062208;prrt1;Prrt1;prrt1
ENSDARG00000103949;zbtb12.1;Zbtb12;zbtb12.1
ENSDARG00000070658;zbtb12.2;Zbtb12;zbtb12.2
ENSDARG00000015290;sacm1la;Sacm1l;sacm1la
ENSDARG00000063730;osbpl6;Osbpl6;osbpl6
ENSDARG00000063732;pde11a;Pde11a;pde11a
ENSDARG00000074204;commd6;Commd6;commd6
ENSDARG00000092281;flnb;Flnb;flnb
ENSDARG00000045910;tmem181;Tmem181a;tmem181
ENSDARG00000061759;kdm6a;Uty;kdm6a
ENSDARG00000076569;ndp;Ndp;ndp
ENSDARG00000061885;satb2;Satb2;satb2
ENSDARG00000099385;lsp1b;Lsp1;CT030188.1
ENSDARG00000029511;kcns3b;Kcns3;kcns3b
ENSDARG00000075539;snphb;Snph;snphb
ENSDARG00000094181;shroom1;Shroom1;shroom1
ENSDARG00000020469;map3k7;Map3k7;map3k7
ENSDARG00000070187;dyrk1b;Dyrk1b;dyrk1b
ENSDARG00000013222;slc35a3a;Slc35a3;slc35a3a
ENSDARG00000061940;htr4;Htr4;htr4
ENSDARG00000056154;olfcx3;Vmn2r27;si:ch211-229c8.4
ENSDARG00000077138;zgc:195173;Rarres2;zgc:195173
ENSDARG00000091956;tmem184bb.1;Tmem184b;tmem184bb
ENSDARG00000103428;ogdhb;Ogdh;ogdhb
ENSDARG00000079031;nim1kb;Nim1k;si:ch211-22d5.2
ENSDARG00000079231;slc7a14b;Slc7a14;slc7a14b
ENSDARG00000100426;fam167b;Fam167b;fam167b
ENSDARG00000029841;tmprss9;Tmprss9;tmprss9
ENSDARG00000100025;uqcc4;Uqcc4;si:ch211-231f6.6
ENSDARG00000054968;cd40;Cd40;cd40
ENSDARG00000045750;syt10;Syt10;syt10
ENSDARG00000026629;gmds;Gmds;gmds
ENSDARG00000079947;gfi1b;Gfi1b;gfi1b
ENSDARG00000062017;fsd1;Fsd1;fsd1
ENSDARG00000062021;ccdc181;Ccdc181;ENSDARG00000062021
ENSDARG00000076826;dpp6a;Dpp6;dpp6a
ENSDARG00000061070;chst3a;Chst3;chst3a
ENSDARG00000093684;tmem238a;Tmem238;tmem238a
ENSDARG00000020901;gabrp;Gabrp;gabrp
ENSDARG00000075421;pttg1;Pttg1;pttg1
ENSDARG00000052894;znf532;Zfp532;znf532
ENSDARG00000059978;cplx4a;Cplx4;cplx4a
ENSDARG00000043074;grp;Grp;grp
ENSDARG00000062330;kiaa1109;Bltp1;si:ch211-233a24.2
ENSDARG00000099042;cfap157;Cfap157;cfap157
ENSDARG00000076144;icam3;Tcam1;si:ch211-74m13.3
ENSDARG00000031712;grm3;Grm3;grm3
ENSDARG00000042213;elapor2a;Elapor2;si:ch211-233h19.2
ENSDARG00000075245;wdr11;Wdr11;wdr11
ENSDARG00000098272;nipbla;Nipbl;nipbla
ENSDARG00000059781;atcayb;Atcay;atcayb
ENSDARG00000070228;cdk6;Cdk6;cdk6
ENSDARG00000030153;gnptab;Gnptab;gnptab
ENSDARG00000028583;slc16a3a;Slc16a3;ENSDARG00000028583
ENSDARG00000069698;lrguk;Lrguk;lrguk
ENSDARG00000073824;rasgrf1;Rasgrf1;RASGRF1
ENSDARG00000071454;crp1;Apcs;crp1
ENSDARG00000058598;sox18;Sox18;sox18
ENSDARG00000088507;znf982;Zfp943;znf982
ENSDARG00000079415;dnajc30b;Dnajc30;dnajc30b
ENSDARG00000079784;tmem71;Tmem71;si:ch211-235o23.1
ENSDARG00000053450;ftr06;Trim80;ftr06
ENSDARG00000105549;ric3a;Ric3;RIC3
ENSDARG00000019686;fgl2b;Fgl2;fgl2b
ENSDARG00000025206;syt2a;Syt2;syt2a
ENSDARG00000028949;zbtb26;Zbtb26;ZBTB26
ENSDARG00000052155;lrrc8ab;Lrrc8a;lrrc8ab
ENSDARG00000052154;lix1;Lix1;lix1
ENSDARG00000001971;cthrc1b;Cthrc1;cthrc1b
ENSDARG00000071217;hs6st3a;Hs6st3;hs6st3a
ENSDARG00000056871;ap4m1;Ap4m1;ap4m1
ENSDARG00000069630;tat;Tat;tat
ENSDARG00000007461;srgap1a;Srgap1;srgap1a
ENSDARG00000054451;loxl1;Loxl1;loxl1
ENSDARG00000098745;tfec;Tfec;tfec
ENSDARG00000055672;map3k10;Map3k10;map3k10
ENSDARG00000062381;dennd11;Dennd11;si:ch211-238n5.4
ENSDARG00000062370;bcl2l13;Bcl2l13;bcl2l13
ENSDARG00000062305;rims3;Rims3;rims3
ENSDARG00000022858;wnt7ba;Wnt7b;wnt7ba
ENSDARG00000095705;cdpf1;Cdpf1;CDPF1
ENSDARG00000045870;plekha5;Plekha5;plekha5
ENSDARG00000035161;pkdcca;Pkdcc;pkdcca
ENSDARG00000091003;il34;Il34;il34
ENSDARG00000038577;cox6c;Cox6c;cox6c
ENSDARG00000018896;mmp24;Mmp24;mmp24
ENSDARG00000034173;prkcq;Prkcq;prkcq
ENSDARG00000061819;wscd2;Wscd2;wscd2
ENSDARG00000090890;cmklr1;Cmklr1;cmklr1
ENSDARG00000070408;ccnd2b;Ccnd2;ccnd2b
ENSDARG00000045853;rad51ap1;Rad51ap1;rad51ap1
ENSDARG00000068265;tomm5;Tomm5;tomm5
ENSDARG00000057272;slc30a9;Slc30a9;slc30a9
ENSDARG00000002663;optn;Optn;optn
ENSDARG00000074889;mutyh;Mutyh;si:ch211-241d21.5
ENSDARG00000095614;cacna1eb;Cacna1e;cacna1eb
ENSDARG00000061985;rbm47;Rbm47;rbm47
ENSDARG00000078762;tmem169b;Tmem169;tmem169b
ENSDARG00000088484;kcnj1a.6;Kcnj1;kcnj1a.6
ENSDARG00000076644;kcnv2a;Kcnv2;kcnv2a
ENSDARG00000043912;mei4;Mei4;mei4
ENSDARG00000006332;snx14;Snx14;snx14
ENSDARG00000091169;tor4ab;Tor4a;tor4ab
ENSDARG00000087910;dact3a;Dact3;dact3a
ENSDARG00000057100;zwilch;Zwilch;zwilch
ENSDARG00000025518;f8a;F8a;ENSDARG00000025518
ENSDARG00000029689;tkta;Tkt;tkta
ENSDARG00000069928;prkceb;Prkce;prkceb
ENSDARG00000063050;rc3h2;Rc3h2;rc3h2
ENSDARG00000026387;pip4p1b;Pip4p1;tmem55bb
ENSDARG00000021305;slc30a2;Slc30a2;slc30a2
ENSDARG00000014927;uts1;Ucn;uts1
ENSDARG00000068247;luzp2;Luzp2;luzp2
ENSDARG00000040004;pkhd1l1.2;Pkhd1l1;ENSDARG00000040004
ENSDARG00000032627;scyl2;Scyl2;SCYL2
ENSDARG00000086248;kcnj1a.3;Kcnj1;kcnj1a.3
ENSDARG00000090635;kcnj1a.4;Kcnj1;kcnj1a.4
ENSDARG00000089060;kcnj1a.5;Kcnj1;kcnj1a.5
ENSDARG00000070432;ino80;Ino80;ino80
ENSDARG00000070425;dll4;Dll4;dll4
ENSDARG00000090997;vegfba;Vegfb;vegfba
ENSDARG00000041910;znf512;Zfp512;znf512
ENSDARG00000004574;gtf3c2;Gtf3c2;gtf3c2
ENSDARG00000062060;gmeb1;Gmeb1;gmeb1
ENSDARG00000056764;hydin;Hydin;hydin
ENSDARG00000062263;arhgap17b;Arhgap17;arhgap17b
ENSDARG00000035655;rad21b;Rad21;rad21b
ENSDARG00000076013;mab21l3;Mab21l3;mab21l3
ENSDARG00000057606;arl4ca;Arl4c;arl4ca
ENSDARG00000022971;epha6;Epha6;epha6
ENSDARG00000077002;igsf3;Igsf3;igsf3
ENSDARG00000078569;mpeg1.3;Mpeg1;mpeg1.3
ENSDARG00000028850;btr16;Trim12c;btr16
ENSDARG00000087717;tmprss5;Tmprss5;tmprss5
ENSDARG00000012403;ercc6l2;Ercc6l2;ercc6l2
ENSDARG00000099915;p2ry2.1;P2ry2;p2ry2.1
ENSDARG00000104927;p2ry2.2;P2ry4;p2ry2.2
ENSDARG00000087663;prr35;Prr35;si:ch211-248l17.3
ENSDARG00000054261;taar20c;Taar7b;taar20c
ENSDARG00000095035;taar20t;Taar8a;taar20t
ENSDARG00000096070;taar20l;Taar7b;taar20i
ENSDARG00000077962;gltpb;Gltp;gltpb
ENSDARG00000102557;ftr87;Trim80;ftr87
ENSDARG00000021987;plecb;Plec;plecb
ENSDARG00000098012;itgae.1;Itgae;itgae.1
ENSDARG00000055132;lrfn4a;Lrfn4;lrfn4a
ENSDARG00000035832;pyyb;Pyy;pyyb
ENSDARG00000055459;dlgap3;Dlgap3;dlgap3
ENSDARG00000037894;ezh1;Ezh1;ezh1
ENSDARG00000068857;gbp4;Gbp2;gbp4
ENSDARG00000020853;galr2a;Galr2;galr2a
ENSDARG00000062040;atp8b5a;Atp8b5;atp8b5a
ENSDARG00000095288;rusc2;Rusc2;rusc2
ENSDARG00000061994;acacb;Acacb;acacb
ENSDARG00000042409;ralgds;Ralgds;ENSDARG00000042409
ENSDARG00000014804;cacna2d1a;Cacna2d1;cacna2d1a
ENSDARG00000013907;kbtbd13b;Kbtbd13;ENSDARG00000013907
ENSDARG00000091135;rd3l;Rd3l;si:ch211-253p18.5
ENSDARG00000018162;ctnnal1;Ctnnal1;ctnnal1
ENSDARG00000059982;poc5;Poc5;poc5
ENSDARG00000059963;polk;Polk;polk
ENSDARG00000053876;klhl26;Klhl26;klhl26
ENSDARG00000061168;dhx34;Dhx34;dhx34
ENSDARG00000040358;spred3;Spred3;spred3
ENSDARG00000101242;zcchc14;Zcchc14;zcchc14
ENSDARG00000087893;rnf216;Rnf216;rnf216
ENSDARG00000090895;kansl1a;Kansl1;kansl1a
ENSDARG00000041340;mrpl51;Mrpl51;mrpl51
ENSDARG00000058885;ttc29;Ttc29;ttc29
ENSDARG00000062558;rspry1;Rspry1;rspry1
ENSDARG00000005749;cand2;Cand2;cand2
ENSDARG00000092052;gstk4;Gstk1;gstk4
ENSDARG00000059925;usp24;Usp24;usp24
ENSDARG00000092677;coa6;Coa6;coa6
ENSDARG00000060646;senp5;Senp5;senp5
ENSDARG00000060645;sirt7;Sirt7;sirt7
ENSDARG00000013834;arhgef3;Arhgef3;arhgef3
ENSDARG00000099887;sla2a;Sla2;ENSDARG00000099887
ENSDARG00000020354;lmx1a;Lmx1a;lmx1a
ENSDARG00000042138;selp;Selp;selp
ENSDARG00000009123;sele;Sele;sele
ENSDARG00000097543;cbx6b;Cbx6;cbx6b
ENSDARG00000029944;parpbp;Parpbp;parpbp
ENSDARG00000062951;meak7;Meak7;tldc1
ENSDARG00000045955;prlrb;Prlr;prlrb
ENSDARG00000059486;cplx4b;Cplx4;cplx4b
ENSDARG00000059485;emb;Emb;ENSDARG00000059485
ENSDARG00000070162;stox2a;Stox2;stox2a
ENSDARG00000058876;mmp16b;Mmp16;mmp16b
ENSDARG00000070625;enpp5;Enpp5;enpp5
ENSDARG00000023952;fam167ab;Fam167a;fam167ab
ENSDARG00000069696;lrif1;Lrif1;si:ch211-261n11.5
ENSDARG00000102584;cpne7;Cpne7;cpne7
ENSDARG00000077994;b4galt2;B4galt2;b4galt2
ENSDARG00000104047;misp;Misp;si:ch211-262i1.3
ENSDARG00000061351;tfpi2;Tfpi2;tfpi2
ENSDARG00000034885;bet1;Bet1;bet1
ENSDARG00000074223;mdfic;Mdfic;MDFIC
ENSDARG00000044278;synprb;Synpr;synpr
ENSDARG00000001354;slc6a22.2;Slc6a12;slc6a22.2
ENSDARG00000000730;slc6a22.1;Slc6a12;slc6a22.1
ENSDARG00000061223;ogfrl1;Ogfrl1;ogfrl1
ENSDARG00000069106;fam89b;Fam89b;fam89b
ENSDARG00000078492;swi5;Swi5;swi5
ENSDARG00000060829;car15;Car15;car15
ENSDARG00000045675;mdm1;Mdm1;mdm1
ENSDARG00000091799;fam217bb;Fam217b;si:ch211-266k22.6
ENSDARG00000060027;nom1;Nom1;nom1
ENSDARG00000021480;olfml2bb;Olfml2b;olfml2bb
ENSDARG00000045383;gpr22b;Gpr22;gpr22b
ENSDARG00000104563;kcnk9;Kcnk9;kcnk9
ENSDARG00000101963;tmem141;Tmem141;tmem141
ENSDARG00000102783;slc25a35;Slc25a35;slc25a35
ENSDARG00000076920;znf335;Zfp335;ZNF335
ENSDARG00000077596;phf24;Phf24;phf24
ENSDARG00000057699;styx;Styx;styx
ENSDARG00000077188;atrnl1a;Atrnl1;atrnl1a
ENSDARG00000079805;tagln3a;Tagln3;tagln3a
ENSDARG00000002060;brf2;Brf2;brf2
ENSDARG00000059945;sv2a;Sv2a;sv2a
ENSDARG00000076560;apbb1;Apbb1;apbb1
ENSDARG00000053241;sts;Sts;sts
ENSDARG00000093357;nyap2b;Nyap2;nyap2b
ENSDARG00000033259;dis3l2;Dis3l2;dis3l2
ENSDARG00000088798;plcxd1;Plcxd1;plcxd1
ENSDARG00000002750;phf20a;Phf20;phf20a
ENSDARG00000087088;ccdc92bb;Ccdc92b;si:ch211-274p24.4
ENSDARG00000089706;anpepla;Anpep;ANPEP
ENSDARG00000060638;clstn2b;Clstn2;ENSDARG00000060638
ENSDARG00000078310;cecr2;Cecr2;cecr2
ENSDARG00000004794;ccdc146;Ccdc146;ccdc146
ENSDARG00000020600;rnf144aa;Rnf144a;rnf144aa
ENSDARG00000004952;rsad2;Rsad2;rsad2
ENSDARG00000061363;gfod1;Gfod1;GFOD1
ENSDARG00000054255;dynlt2b;Dynlt2b;tctex1d2
ENSDARG00000002479;ercc6l;Ercc6l;ercc6l
ENSDARG00000034600;tmem165;Tmem165;tmem165
ENSDARG00000071692;prex2;Prex2;prex2
ENSDARG00000027618;grip2b;Grip2;grip2b
ENSDARG00000063544;pip4k2ab;Pip4k2a;pip4k2ab
ENSDARG00000002656;stxbp5a;Stxbp5;stxbp5a
ENSDARG00000098017;pet100;Pet100;pet100
ENSDARG00000101849;adipor2;Adipor2;adipor2
ENSDARG00000076179;ngef;Ngef;ngef
ENSDARG00000059866;cactin;Cactin;cactin
ENSDARG00000060298;nin;Nin;nin
ENSDARG00000052898;kcnk3b;Kcnk3;kcnk3b
ENSDARG00000067566;sftpbb;Sftpb;sftpbb
ENSDARG00000063341;czib;Czib;si:ch211-284b7.3
ENSDARG00000060668;tm4sf18;Tm4sf1;tm4sf18
ENSDARG00000004502;rcor3;Rcor3;rcor3
ENSDARG00000097055;vps37d;Vps37d;si:ch211-284f22.3
ENSDARG00000042562;allc;Allc;allc
ENSDARG00000099617;sdr39u1;Sdr39u1;sdr39u1
ENSDARG00000094681;hbl2;Mbl1;hbl2
ENSDARG00000054202;hbl4;Sftpd;hbl4
ENSDARG00000099639;trim35-19;Trim75;trim35-19
ENSDARG00000055206;dtnbp1b;Dtnbp1;dtnbp1b
ENSDARG00000098791;cdhr5b;Cdhr5;si:ch211-286k11.4
ENSDARG00000099833;fbxo7;Fbxo7;fbxo7
ENSDARG00000099652;xpot;Xpot;xpot
ENSDARG00000076121;smpd1;Smpd1;smpd1
ENSDARG00000061365;hepacam2;Hepacam2;hepacam2
ENSDARG00000013863;fam133b;Fam133b;fam133b
ENSDARG00000061786;klhl2;Klhl2;klhl2
ENSDARG00000091944;gbgt1l8;Gbgt1;GBGT1
ENSDARG00000069471;mhc1zca;H2-Q2;mhc1zca
ENSDARG00000001470;mhc1zea;H2-L;mhc1zea
ENSDARG00000032808;tdrd7a;Tdrd7;tdrd7a
ENSDARG00000078318;tmod1;Tmod1;tmod1
ENSDARG00000096786;plekhs1.4;Plekhs1;si:ch211-28p3.3
ENSDARG00000052644;ca10a;Car10;ca10a
ENSDARG00000058839;susd1;Susd1;susd1
ENSDARG00000033345;cntln;Cntln;cntln
ENSDARG00000056450;maneal;Maneal;MANEAL
ENSDARG00000093366;acer3;Acer3;acer3
ENSDARG00000096234;tac4;Tac4;tac4
ENSDARG00000054331;ccn4a;Ccn4;wisp1a
ENSDARG00000063129;kcnmb3;Kcnmb3;si:ch211-38m6.7
ENSDARG00000075881;serf2a;Serf2;si:ch211-39k3.2
ENSDARG00000077648;fnip2;Fnip2;ENSDARG00000077648
ENSDARG00000074226;zgc:158398;Tmem219;zgc:158398
ENSDARG00000074182;prokr1a;Prokr1;prokr1a
ENSDARG00000031540;tmem200a;Tmem200a;tmem200a
ENSDARG00000061243;ubash3ba;Ubash3b;ubash3ba
ENSDARG00000020693;sesn1;Sesn1;sesn1
ENSDARG00000045011;tapbp.2;Tapbp;tapbp.2
ENSDARG00000037142;cfap96;Cfap96;zgc:153146
ENSDARG00000061603;sorbs2b;Sorbs2;sorbs2b
ENSDARG00000073709;fam149a;Fam149a;fam149a
ENSDARG00000076632;zdhhc12a;Zdhhc12;zdhhc12a
ENSDARG00000062753;naif1;Naif1;naif1
ENSDARG00000051899;exoc3l1;Exoc3l;exoc3l1
ENSDARG00000023583;coq9;Coq9;coq9
ENSDARG00000043814;st6galnac1.1;St6galnac1;st6galnac1.1
ENSDARG00000043816;st6galnac1.2;St6galnac1;st6galnac1.2
ENSDARG00000095300;mxra7;Mxra7;mxra7
ENSDARG00000075898;spata7;Spata7;spata7
ENSDARG00000045957;gpr65;Gpr65;gpr65
ENSDARG00000078006;wscd1b;Wscd1;wscd1b
ENSDARG00000093677;ppp1r17;Ppp1r17;si:ch211-56a11.2
ENSDARG00000103494;usp43a;Usp43;usp43a
ENSDARG00000088753;cfap299;Cfap299;si:ch211-57h10.1
ENSDARG00000054683;prdm8b;Prdm8;prdm8b
ENSDARG00000022260;fez2b;Fez2;ENSDARG00000022260
ENSDARG00000101260;gpatch2;Gpatch2;ENSDARG00000101260
ENSDARG00000025789;chd4b;Chd4;chd4b
ENSDARG00000042189;tspan33b;Tspan33;tspan33b
ENSDARG00000043687;saysd1;Saysd1;ENSDARG00000043687
ENSDARG00000097310;zgc:193812;3110040N11Rik;zgc:193812
ENSDARG00000069735;hbaa2;Hba-x;hbaa2
ENSDARG00000076228;kif2c;Kif2c;kif2c
ENSDARG00000069739;fndc5a;Fndc5;fndc5a
ENSDARG00000103848;apba1a;Apba1;apba1a
ENSDARG00000074812;fhdc1;Fhdc1;fhdc1
ENSDARG00000005159;cyth3b;Cyth3;cyth3b
ENSDARG00000041976;il17a/f3;Il17f;il17a/f3
ENSDARG00000024195;znf395b;Zfp395;znf395b
ENSDARG00000042005;elp3;Elp3;elp3
ENSDARG00000037473;cd79a;Cd79a;cd79a
ENSDARG00000100973;arhgap24;Arhgap24;arhgap24
ENSDARG00000060085;kcnq3;Kcnq3;kcnq3
ENSDARG00000037836;igfals;Igfals;igfals
ENSDARG00000037838;unkl;Unkl;unkl
ENSDARG00000060093;dapk1;Dapk1;dapk1
ENSDARG00000078136;wdr47a;Wdr47;wdr47a
ENSDARG00000078935;ttll4;Ttll4;ttll4
ENSDARG00000017254;kcnk1b;Kcnk1;kcnk1b
ENSDARG00000060500;l2hgdh;L2hgdh;l2hgdh
ENSDARG00000060506;sos2;Sos2;sos2
ENSDARG00000011862;inaa;Ina;inaa
ENSDARG00000078280;nkx3-1;Nkx3-1;nkx3-1
ENSDARG00000086450;tdg.2;Tdg;tdg.2
ENSDARG00000077988;abcc10;Abcc10;abcc10
ENSDARG00000020924;myo1ca;Myo1c;myo1ca
ENSDARG00000014910;panx1b;Panx1;panx1b
ENSDARG00000016439;slc7a1a;Slc7a1;slc7a1
ENSDARG00000062349;arhgap15;Arhgap15;arhgap15
ENSDARG00000028780;gzmk;Gzmk;gzma
ENSDARG00000090380;gzma;Gzma;gzmk
ENSDARG00000020946;auts2b;Auts2;auts2b
ENSDARG00000075098;wdr17;Wdr17;wdr17
ENSDARG00000052242;aff2;Aff2;aff2
ENSDARG00000067985;ftr23;Trim80;ftr23
ENSDARG00000074126;ttc39a;Ttc39a;ttc39a
ENSDARG00000062190;pde3b;Pde3b;PDE3B
ENSDARG00000103607;wtip;Wtip;wtip
ENSDARG00000098838;sdr42e1;Sdr42e1;sdr42e1
ENSDARG00000099843;nedd4a;Nedd4;nedd4a
ENSDARG00000062900;rnf115b;Rnf115;ENSDARG00000062900
ENSDARG00000036412;lrrc71;Lrrc71;ENSDARG00000036412
ENSDARG00000092638;ptprua;Ptpru;ptprua
ENSDARG00000032256;txndc16;Txndc16;txndc16
ENSDARG00000069624;mrps18c;Mrps18c;mrps18c
ENSDARG00000087110;akna;Akna;akna
ENSDARG00000067509;slc24a4b;Slc24a4;slc24a4b
ENSDARG00000090499;tmem121ab;Tmem121;tmem121b
ENSDARG00000062420;nfia;Nfia;nfia
ENSDARG00000059729;sec14l8;Sec14l2;sec14l8
ENSDARG00000062655;ydjc;Ydjc;ydjc
ENSDARG00000053804;osbpl2a;Osbpl2;osbpl2a
ENSDARG00000033949;fbxo16;Fbxo16;fbxo16
ENSDARG00000011042;pgbd5;Pgbd5;pgbd5
ENSDARG00000016855;sf3b5;Sf3b5;sf3b5
ENSDARG00000102472;btbd17b;Btbd17;btbd17b
ENSDARG00000059473;kank4;Kank4;kank4
ENSDARG00000004336;exoc4;Exoc4;exoc4
ENSDARG00000069150;rit1;Rit2;rit1
ENSDARG00000035533;tacr1a;Tacr1;tacr1a
ENSDARG00000104691;cd79b;Cd79b;cd79b
ENSDARG00000077637;mal2;Mal2;mal2
ENSDARG00000039756;prop1;Prop1;prop1
ENSDARG00000036863;myo1d;Myo1d;MYO1D
ENSDARG00000074968;polr2m;Polr2m;polr2m
ENSDARG00000017425;crocc2;Crocc2;crocc2
ENSDARG00000075215;vezt;Vezt;vetz
ENSDARG00000010059;itpkb;Itpkb;itpkb
ENSDARG00000104801;tubb6;Tubb6;tubb6
ENSDARG00000098245;cidea;Cidea;cidea
ENSDARG00000102106;tgm1l1;Tgm1;tgm1l1
ENSDARG00000102105;dad1;Dad1;dad1
ENSDARG00000101890;pigr;Pigr;pigr
ENSDARG00000101309;cp110;Ccp110;si:ch73-100l22.3
ENSDARG00000098201;mtmr3;Mtmr3;mtmr3
ENSDARG00000087911;psme4a;Psme4;psme4a
ENSDARG00000096631;med9;Med9;MED9
ENSDARG00000043002;vmo1a;Vmo1;vmo1a
ENSDARG00000101062;fdft1;Fdft1;fdft1
ENSDARG00000004260;cul5b;Cul5;cul5b
ENSDARG00000021996;ppp2r2aa;Ppp2r2a;ppp2r2aa
ENSDARG00000100342;zgc:158464;Shf;zgc:158464
ENSDARG00000075285;mrasa;Mras;MRAS
ENSDARG00000103056;itga4;Itga4;itga4
ENSDARG00000074854;sh2d1ab;Sh2d1a;sh2d1ab
ENSDARG00000027609;hpn;Hpn;hpn
ENSDARG00000101878;kdf1b;Kdf1;kdf1b
ENSDARG00000088227;tmem163b;Tmem163;tmem163b
ENSDARG00000094332;vgll4a;Vgll4;vgll4a
ENSDARG00000087100;ntng2b;Ntng2;ntng2b
ENSDARG00000074282;gaa2;Gaa;si:ch73-12o23.1
ENSDARG00000052263;rab1aa;Rab1a;rab1aa
ENSDARG00000029105;ftr51;Trim80;ftr51
ENSDARG00000034559;srpx2;Srpx2;srpx2
ENSDARG00000041304;trak1a;Trak1;trak1
ENSDARG00000078767;yeats2;Yeats2;yeats2
ENSDARG00000056050;kctd17;Kctd17;kctd17
ENSDARG00000056045;gucy2cb;Gucy2c;ENSDARG00000056045
ENSDARG00000061014;kcnj5;Kcnj5;kcnj5
ENSDARG00000074571;gpaa1;Gpaa1;gpaa1
ENSDARG00000058873;ptpdc1b;Ptpdc1;ptpdc1b
ENSDARG00000097236;svip;Svip;SVIP
ENSDARG00000098871;gga3b;Gga3;GGA3
ENSDARG00000063559;pigx;Pigx;pigx
ENSDARG00000097797;tomm6;Tomm6;tomm6
ENSDARG00000036687;bcl9;Bcl9;bcl9
ENSDARG00000094160;dleu7;Dleu7;si:ch73-160h15.3
ENSDARG00000058020;fbxw9;Fbxw9;fbxw9
ENSDARG00000100607;zbtb38;Zbtb38;zbtb38
ENSDARG00000091560;slc6a19a.2;Slc6a19;slc6a19a.2
ENSDARG00000090804;gpr155a;Gpr155;gpr155a
ENSDARG00000088817;wdr59;Wdr59;wdr59
ENSDARG00000060875;pde1a;Pde1a;pde1a
ENSDARG00000045343;usp46;Usp46;usp46
ENSDARG00000077034;nmnat3;Nmnat3;NMNAT3
ENSDARG00000036489;maf1b;Maf1;ENSDARG00000036489
ENSDARG00000061544;ano6;Ano6;ano6
ENSDARG00000059202;tspan2b;Tspan2;tspan2b
ENSDARG00000022810;fzr1b;Fzr1;fzr1b
ENSDARG00000076996;ipo13a;Ipo13;si:ch73-182a11.2
ENSDARG00000069378;pard6a;Pard6a;pard6a
ENSDARG00000094675;trarg1b;Trarg1;tusc5b
ENSDARG00000057529;itpa;Itpa;itpa
ENSDARG00000099979;tgfbr3;Tgfbr3;tgfbr3
ENSDARG00000090976;nabp2;Nabp2;NABP2
ENSDARG00000075526;pwwp2a;Pwwp2a;pwwp2a
ENSDARG00000075887;herc3;Herc3;herc3
ENSDARG00000089873;socs1b;Socs1;socs1b
ENSDARG00000041791;mgat4c;Mgat4c;mgat4c
ENSDARG00000062030;gpr17;Gpr17;gpr17
ENSDARG00000097795;b3galt8;B3galt5;si:ch73-195i19.3
ENSDARG00000070958;pex6;Pex6;pex6
ENSDARG00000099294;fkbp15b;Fkbp15;ENSDARG00000099294
ENSDARG00000089149;gpx2;Gpx2;CU855484.1
ENSDARG00000068923;umodl1;Umodl1;umodl1
ENSDARG00000063149;tmtc1;Tmtc1;tmtc1
ENSDARG00000101300;ssna1;Ssna1;ssna1
ENSDARG00000105035;anapc2;Anapc2;anapc2
ENSDARG00000078241;map7a;Map7;map7a
ENSDARG00000077400;rbm10;Rbm10;rbm10
ENSDARG00000102617;timp4.2;Timp4;timp4.2
ENSDARG00000089570;ccdc169;Ccdc169;ccdc169
ENSDARG00000090818;cacfd1;Cacfd1;CACFD1
ENSDARG00000075340;med1;Med1;med1
ENSDARG00000074153;slitrk5b;Slitrk5;slitrk5b
ENSDARG00000075932;mhc2d8.46a;H2-Aa;si:ch73-211l2.3
ENSDARG00000040621;lrrc32;Lrrc32;lrrc32
ENSDARG00000078327;cep170bb;Cep170b;CEP170B
ENSDARG00000089781;ciz1a;Ciz1;ciz1a
ENSDARG00000090503;oma1;Oma1;OMA1
ENSDARG00000076634;capn10;Capn10;capn10
ENSDARG00000059931;hyal2a;Hyal2;hyal2a
ENSDARG00000104500;fyco1a;Fyco1;fyco1a
ENSDARG00000099183;fkbp10a;Fkbp10;fkbp10a
ENSDARG00000058336;slc25a22b;Slc25a22;ENSDARG00000058336
ENSDARG00000075444;cgref1;Cgref1;cgref1
ENSDARG00000070770;her4.3;Hes5;her4.3
ENSDARG00000009822;her4.4;Hes5;her4.4
ENSDARG00000099342;crfb15;Ifnar2;crfb15
ENSDARG00000078216;eps15;Eps15;eps15
ENSDARG00000005578;ugp2a;Ugp2;ugp2a
ENSDARG00000073718;apol;Apol9a;si:ch73-233k15.2
ENSDARG00000091859;si:ch73-233m11.2;Nlrp3;si:ch73-233m11.2
ENSDARG00000077228;ntrk3a;Ntrk3;ntrk3a
ENSDARG00000077979;tmem26a;Tmem26;tmem26a
ENSDARG00000040137;jdp2a;Jdp2;jdp2a
ENSDARG00000078751;tpp2;Tpp2;tpp2
ENSDARG00000091241;glt1d1;Glt1d1;glt1d1
ENSDARG00000090625;bcl2l12;Bcl2l12;si:ch73-248e21.1
ENSDARG00000075641;steap3;Steap3;steap3
ENSDARG00000015592;c1ql2;C1ql2;c1ql2
ENSDARG00000012534;slc6a6a;Slc6a6;slc6a6a
ENSDARG00000103109;chl1b;Chl1;chl1b
ENSDARG00000101641;trpm2;Trpm2;trpm2
ENSDARG00000058608;wsb2;Wsb2;wsb2
ENSDARG00000096045;srr;Srr;si:ch73-263o4.4
ENSDARG00000102308;ttc39c;Ttc39c;ttc39c
ENSDARG00000073808;wdr31;Wdr31;ENSDARG00000073808
ENSDARG00000091637;pip4k2cb;Pip4k2c;pip4k2cb
ENSDARG00000091702;csnk2a4;Csnk2a1;csnk2a4
ENSDARG00000077580;tspeara;Tspear;tspeara
ENSDARG00000078259;bnip1a;Bnip1;bnip1a
ENSDARG00000093945;vma21;Vma21;vma21
ENSDARG00000063354;abtb1;Abtb1;abtb1
ENSDARG00000076250;rasef;Rasef;rasef
ENSDARG00000076546;trhra;Trhr;trhra
ENSDARG00000103765;stpg1;Stpg1;stpg1
ENSDARG00000102118;slf1;Slf1;slf1
ENSDARG00000076079;ush1gb;Ush1g;ush1gb
ENSDARG00000069441;lpar6b;Lpar6;lpar6b
ENSDARG00000079420;dpp4;Dpp4;dpp4
ENSDARG00000093240;gmeb2;Gmeb2;GMEB2
ENSDARG00000088316;lrrc69;Lrrc69;LRRC69
ENSDARG00000087443;ptp4a2a;Ptp4a2;ptp4a2a
ENSDARG00000076730;syt6a;Syt6;syt6a
ENSDARG00000087555;tcof1;Tcof1;si:ch73-308l14.2
ENSDARG00000009281;dnm1b;Dnm1;dnm1b
ENSDARG00000058968;haus1;Haus1;haus1
ENSDARG00000073773;tti2;Tti2;tti2
ENSDARG00000018047;brms1lb;Brms1l;brms1lb
ENSDARG00000071709;ppp1r9bb;Ppp1r9b;ppp1r9bb
ENSDARG00000076520;mafb;Maf;mafb
ENSDARG00000098880;pclob;Pclo;pclob
ENSDARG00000096989;fam110c;Fam110c;fam110c
ENSDARG00000055974;tpmt.1;Tpmt;tpmt.1
ENSDARG00000028012;tpmt.2;Tpmt;tpmt.2
ENSDARG00000091042;sacs;Sacs;sacs
ENSDARG00000102398;cnn1b;Cnn1;cnn1b
ENSDARG00000068830;kiaa0930;5031439G07Rik;zgc:172139
ENSDARG00000040274;scamp5b;Scamp5;scamp5b
ENSDARG00000079912;rapgefl1;Rapgefl1;rapgefl1
ENSDARG00000087749;ccser2a;Ccser2;ccser2a
ENSDARG00000088078;usp18;Usp18;usp18
ENSDARG00000091640;rhno1;Rhno1;si:ch73-352p4.5
ENSDARG00000076500;chgb;Chgb;chgb
ENSDARG00000089291;cenpx;Cenpx;stra13
ENSDARG00000086551;irs4a;Irs4;irs4a
ENSDARG00000089204;smim13;Smim13;smim13
ENSDARG00000060962;btr04;Trim75;btr04
ENSDARG00000058563;ubox5;Ubox5;ubox5
ENSDARG00000089276;tmem235b;Tmem235;tmem235
ENSDARG00000041098;barx2;Barx2;barx2
ENSDARG00000027538;noxred1;Noxred1;noxred1
ENSDARG00000058127;hcfc2;Hcfc2;hcfc2
ENSDARG00000093999;ttf1.2;Ttf1;si:ch73-376l24.6
ENSDARG00000054010;scaf1;Scaf1;scaf1
ENSDARG00000039108;trim35-9;Trim75;trim35-9
ENSDARG00000099546;kynu;Kynu;kynu
ENSDARG00000019525;tbcelb;Tbcel;tbcelb
ENSDARG00000095322;fkbpl;Fkbpl;fkbpl
ENSDARG00000078095;cipcb;Cipc;cipcb
ENSDARG00000079878;tmem151bb;Tmem151b;tmem151bb
ENSDARG00000083189;arhgap19;Arhgap19;arhgap19
ENSDARG00000107511;tgs1;Tgs1;tgs1
ENSDARG00000102953;ints4;Ints4;ints4
ENSDARG00000079659;wdr53;Wdr53;wdr53
ENSDARG00000077407;si:dkey-184p18.2;2700062C07Rik;si:dkey-184p18.2
ENSDARG00000097824;smco4;Smco4;smco4
ENSDARG00000101507;atg2a;Atg2a;ATG2A
ENSDARG00000051729;nfatc3b;Nfatc3;nfatc3b
ENSDARG00000092362;hsp70.2;Hspa1l;hsp70.2
ENSDARG00000078245;gal3st1b;Gal3st1;gal3st1b
ENSDARG00000100948;osm;Osm;si:ch73-47f2.1
ENSDARG00000076853;areg;Areg;areg
ENSDARG00000038270;pigg;Pigg;ENSDARG00000038270
ENSDARG00000020581;otofb;Otof;otofb
ENSDARG00000105113;galr2b;Galr2;galr2b
ENSDARG00000100260;them6;Them6;ENSDARG00000100260
ENSDARG00000022939;ino80e;Ino80e;ino80e
ENSDARG00000053563;ms4a17a.12;Ms4a15;ms4a17a.12
ENSDARG00000077489;lrfn2b;Lrfn2;lrfn2b
ENSDARG00000074540;gpr63;Gpr63;gpr63
ENSDARG00000052360;cacng1b;Cacng1;cacng1b
ENSDARG00000074556;ganc;Ganc;ganc
ENSDARG00000037860;cox6b2;Cox6b1;cox6b2
ENSDARG00000021909;vstm2a;Vstm2a;VSTM2A
ENSDARG00000007366;amdhd1;Amdhd1;AMDHD1
ENSDARG00000028000;pfkpa;Pfkp;pfkpa
ENSDARG00000063726;cdk12;Cdk12;cdk12
ENSDARG00000075567;fbxl20;Fbxl20;fbxl20
ENSDARG00000058244;il17ra1a;Il17ra;il17ra1a
ENSDARG00000077165;kcnj3a;Kcnj3;kcnj3a
ENSDARG00000087394;tshz3a;Tshz3;tshz3a
ENSDARG00000078352;lyrm4;Lyrm4;lyrm4
ENSDARG00000069632;emp1;Emp1;emp1
ENSDARG00000077011;bltp3a;Bltp3a;uhrf1bp1
ENSDARG00000077387;tcte1;Tcte1;tcte1
ENSDARG00000076776;gucy2g;Gucy2g;gucy2g
ENSDARG00000061746;arhgef9a;Arhgef9;arhgef9a
ENSDARG00000087596;ppt2a.2;Ppt2;si:ch73-95l15.5
ENSDARG00000087641;cdh26.2;Cdh26;cdh26.2
ENSDARG00000087180;ubxn2a;Ubxn2a;ubxn2a
ENSDARG00000060537;atad2b;Atad2b;atad2b
ENSDARG00000062280;hace1;Hace1;hace1
ENSDARG00000100818;kyat3.1;Kyat3;ENSDARG00000100818
ENSDARG00000074698;sdsl;Sdsl;sdsl
ENSDARG00000068702;lysmd4;Lysmd4;lysmd4
ENSDARG00000062573;znrf3;Znrf3;znrf3
ENSDARG00000076773;lrrc58a;Lrrc58;lrrc58a
ENSDARG00000020250;rhoj;Rhoj;rhoj
ENSDARG00000097679;ftr88;Trim80;ftr88
ENSDARG00000014171;bloc1s1;Bloc1s1;bloc1s1
ENSDARG00000002917;gls2b;Gls2;gls2b
ENSDARG00000032298;tbc1d20;Tbc1d20;tbc1d20
ENSDARG00000041560;phaf1;Phaf1;si:dkey-102f14.5
ENSDARG00000100057;ppfibp1b;Ppfibp1;ppfibp1b
ENSDARG00000062915;polr3b;Polr3b;polr3b
ENSDARG00000023900;casd1;Casd1;casd1
ENSDARG00000058585;chst2b;Chst2;chst2b
ENSDARG00000061977;ppfibp2a;Ppfibp2;ppfibp2a
ENSDARG00000093628;s100a11;S100a11;s100a11
ENSDARG00000089691;ism2a;Ism2;ism2a
ENSDARG00000088036;zfta;Zfta;si:dkey-106g10.7
ENSDARG00000078105;depdc5;Depdc5;depdc5
ENSDARG00000027523;trpc7a;Trpc7;trpc7a
ENSDARG00000038593;rspo4;Rspo4;rspo4
ENSDARG00000003872;ccdc102a;Ccdc102a;ccdc102a
ENSDARG00000045765;asb13a.2;Asb13;asb13a.2
ENSDARG00000003822;ankrd16;Ankrd16;ankrd16
ENSDARG00000074346;l3mbtl1b;L3mbtl1;l3mbtl1b
ENSDARG00000070507;trpc4a;Trpc4;trpc4a
ENSDARG00000036698;znf865;Zfp865;znf865
ENSDARG00000105669;nfx1;Nfx1;ENSDARG00000105669
ENSDARG00000105190;rhbdl3;Rhbdl3;rhbdl3
ENSDARG00000103851;tnrc6c2;Tnrc6c;tnrc6c2
ENSDARG00000042094;eef2a.1;Eef2;eef2a.1
ENSDARG00000042065;eef2a.2;Eef2;eef2a.2
ENSDARG00000061829;unc13a;Unc13a;ENSDARG00000061829
ENSDARG00000055652;aclyb;Acly;aclyb
ENSDARG00000057598;s100b;S100b;s100b
ENSDARG00000090468;ppp1r3aa;Ppp1r3a;ppp1r3aa
ENSDARG00000092061;htra2-3;Htra2;si:dkey-112g5.13
ENSDARG00000092202;htra2-6;Htra2;HTRA2
ENSDARG00000095444;htra2-6;Htra2;BX469935.1
ENSDARG00000069332;tmem72;Tmem72;tmem72
ENSDARG00000099321;btbd17a;Btbd17;btbd17a
ENSDARG00000102491;gpr142;Gpr142;gpr142
ENSDARG00000092060;tbx5b;Tbx5;tbx5b
ENSDARG00000035549;uprt;Uprt;uprt
ENSDARG00000105052;cfhl5;Cfhr1;cfhl5
ENSDARG00000100506;crb1;Crb1;crb1
ENSDARG00000099814;fbxo46;Fbxo46;FBXO46
ENSDARG00000097571;angptl8;Angptl8;si:dkey-114l24.2
ENSDARG00000062217;kcnj3b;Kcnj3;kcnj3b
ENSDARG00000074739;slitrk3b;Slitrk3;slitrk3b
ENSDARG00000062537;gng14;Gng14;GNG14
ENSDARG00000073957;tox3;Tox3;tox3
ENSDARG00000059630;mlec;Mlec;mlec
ENSDARG00000070626;cacng8b;Cacng8;cacng8b
ENSDARG00000070624;cacng7b;Cacng7;cacng7b
ENSDARG00000087241;ucn3l;Ucn3;ucn3l
ENSDARG00000078749;b4galnt3a;B4galnt3;b4galnt3a
ENSDARG00000071594;timm21;Timm21;TIMM21
ENSDARG00000095022;thsd7ba;Thsd7b;thsd7ba
ENSDARG00000063223;arl14;Arl14;arl14
ENSDARG00000076008;umad1;Umad1;UMAD1
ENSDARG00000071048;ccn6;Ccn6;wisp3
ENSDARG00000101059;dhx36;Dhx36;dhx36
ENSDARG00000038655;ajap1;Ajap1;ajap1
ENSDARG00000010785;thbs1b;Thbs1;thbs1b
ENSDARG00000042515;gpr176;Gpr176;gpr176
ENSDARG00000030588;slc10a1;Slc10a1;slc10a1
ENSDARG00000087162;tmem102;Tmem102;TMEM102
ENSDARG00000096381;neu3.4;Neu3;neu3.4
ENSDARG00000096368;neu3.5;Neu3;neu3.5
ENSDARG00000103961;poln;Poln;poln
ENSDARG00000087017;ptgr1.2;Ptgr1;PTGR1
ENSDARG00000017994;tssk6;Tssk6;tssk6
ENSDARG00000074481;ulk1b;Ulk1;ulk1b
ENSDARG00000101095;cpne4a;Cpne4;cpne4a
ENSDARG00000060197;atp2c1;Atp2c1;atp2c1
ENSDARG00000078953;epn3a;Epn3;epn3a
ENSDARG00000039863;lifrb;Osmr;lifrb
ENSDARG00000004158;tmem63c;Tmem63c;tmem63c
ENSDARG00000071462;lama3;Lama3;lama3
ENSDARG00000013928;plekhb2;Plekhb2;plekhb2
ENSDARG00000057159;ankrd29;Ankrd29;ankrd29
ENSDARG00000105147;osbpl1a;Osbpl1a;osbpl1a
ENSDARG00000056979;lhx9;Lhx9;lhx9
ENSDARG00000017193;cnn1a;Cnn1;cnn1a
ENSDARG00000017988;dse;Dse;dse
ENSDARG00000005629;smyd2b;Smyd2;smyd2b
ENSDARG00000007151;kcnk2b;Kcnk2;kcnk2b
ENSDARG00000104124;znf1069;Zfp1010;znf1069
ENSDARG00000101660;sntg2;Sntg2;sntg2
ENSDARG00000062362;tpcn1;Tpcn1;tpcn1
ENSDARG00000035551;iqcd;Iqcd;iqcd
ENSDARG00000073899;nemp1;Nemp1;nemp1
ENSDARG00000061110;zbtb44;Zbtb44;zbtb44
ENSDARG00000061101;snx19a;Snx19;snx19a
ENSDARG00000068096;atf5a;Atf5;atf5a
ENSDARG00000061479;thsd7aa;Thsd7a;thsd7aa
ENSDARG00000056099;gtf2h5;Gtf2h5;gtf2h5
ENSDARG00000056089;nrbp1;Nrbp1;nrbp1
ENSDARG00000043035;capn3b;Capn3;capn3b
ENSDARG00000075532;slc4a11;Slc4a11;slc4a11
ENSDARG00000061796;rasgrp4;Rasgrp4;rasgrp4
ENSDARG00000025679;comtb;Comt;comtb
ENSDARG00000019457;tfe3b;Tfe3;tfe3b
ENSDARG00000002533;adora2b;Adora2b;adora2b
ENSDARG00000029480;specc1;Specc1;specc1
ENSDARG00000078335;amot;Amot;amot
ENSDARG00000056859;spx;Spx;spx
ENSDARG00000093058;stmp1;Stmp1;si:dkey-13i19.8
ENSDARG00000022795;golt1ba;Golt1b;golt1ba
ENSDARG00000061784;arhgap25;Arhgap25;arhgap25
ENSDARG00000076755;ap5s1;Ap5s1;ap5s1
ENSDARG00000071029;fbxo44.9;Fbxo44;si:dkey-147f3.4
ENSDARG00000024687;polr3g;Polr3g;polr3g
ENSDARG00000059689;mblac2;Mblac2;mblac2
ENSDARG00000012776;smarca1;Smarca1;smarca1
ENSDARG00000097493;itgb3bp;Itgb3bp;si:dkey-148h10.5
ENSDARG00000060153;h6pd;H6pd;h6pd
ENSDARG00000035875;tmem54b;Tmem54;tmem54b
ENSDARG00000060521;rbm27;Rbm27;rbm27
ENSDARG00000061699;sipa1l3;Sipa1l3;sipa1l3
ENSDARG00000040309;pxdc1b;Pxdc1;pxdc1b
ENSDARG00000041554;unc93a;Unc93a2;unc93a
ENSDARG00000014395;selenoo2;Selenoo;ENSDARG00000014395
ENSDARG00000006409;mapk12b;Mapk12;mapk12b
ENSDARG00000075813;asphd1;Asphd1;asphd1
ENSDARG00000045594;shisal1a;Shisal1;si:dkey-14k9.2
ENSDARG00000062084;clcn1a;Clcn1;clcn1a
ENSDARG00000070950;styk1a;Styk1;ENSDARG00000070950
ENSDARG00000070952;fam131ba;Fam131b;fam131ba
ENSDARG00000053131;irak3;Irak3;irak3
ENSDARG00000104016;lgals4;Lgals4;si:dkey-151j17.4
ENSDARG00000105281;p2ry1;P2ry1;p2ry1
ENSDARG00000091962;rundc1;Rundc1;RUNDC1
ENSDARG00000015515;mc4r;Mc4r;mc4r
ENSDARG00000076834;lrrc75a;Lrrc75a;LRRC75A
ENSDARG00000090481;trarg1a;Trarg1;tusc5a
ENSDARG00000098387;tmem176l.3a;Ms4a6b;tmem176l.3a
ENSDARG00000094732;mical3b;Mical3;mical3b
ENSDARG00000045705;meig1;Meig1;meig1
ENSDARG00000015860;mtmr9;Mtmr9;mtmr9
ENSDARG00000090160;zgc:173709;Nlrp3;si:dkey-156k2.3
ENSDARG00000035122;camsap1b;Camsap1;camsap1b
ENSDARG00000030633;plekhm3;Plekhm3;plekhm3
ENSDARG00000076923;kazna;Kazn;kazna
ENSDARG00000023228;vsnl1a;Vsnl1;vsnl1a
ENSDARG00000074588;mettl18;Mettl18;METTL18
ENSDARG00000013453;tdrd9;Tdrd9;tdrd9
ENSDARG00000004184;nf1b;Nf1;nf1b
ENSDARG00000044615;map3k20a;Map3k20;zak
ENSDARG00000006978;map3k20a;Map3k20;zak
ENSDARG00000021827;katna1;Katna1;katna1
ENSDARG00000040482;osbpl3b;Osbpl3;osbpl3b
ENSDARG00000087745;lrrc38b;Lrrc38;lrrc38b
ENSDARG00000043328;fip1l1a;Fip1l1;fip1l1a
ENSDARG00000040005;scfd2;Scfd2;scfd2
ENSDARG00000075112;tacr3a;Tacr3;tacr3a
ENSDARG00000061591;abcb10;Abcb10;abcb10
ENSDARG00000037476;sorbs3;Sorbs3;sorbs3
ENSDARG00000060522;rfk;Rfk;rfk
ENSDARG00000069026;adcy1a;Adcy1;adcy1a
ENSDARG00000056723;fhad1;Fhad1;fhad1
ENSDARG00000056774;gpr37l1b;Gpr37l1;gpr37l1b
ENSDARG00000061741;itpr3;Itpr3;itpr3
ENSDARG00000012949;scml2;Scml2;scml2
ENSDARG00000069748;capn5b;Capn5;capn5b
ENSDARG00000060372;plxna2;Plxna2;plxna2
ENSDARG00000005652;man1a1;Man1a;man1a1
ENSDARG00000041199;alg12;Alg12;alg12
ENSDARG00000024306;zbed4;Zbed4;zbed4
ENSDARG00000036382;ponzr6;Cnfn;ponzr6
ENSDARG00000077143;znf526;Zfp574;znf526
ENSDARG00000052897;atxn2;Atxn2;atxn2
ENSDARG00000059846;epg5;Epg5;epg5
ENSDARG00000052881;dnajb5;Dnajb5;dnajb5
ENSDARG00000038011;cyth4a;Cyth4;cyth4a
ENSDARG00000038012;fam83fa;Fam83f;fam83fa
ENSDARG00000014477;sstr3;Sstr3;sstr3
ENSDARG00000009885;sult3st1;Sult3a2;sult3st1
ENSDARG00000087048;tstd3;Tstd3;si:dkey-165n16.1
ENSDARG00000012204;cdk18;Cdk18;CDK18
ENSDARG00000053272;rap1gapb;Rap1gap;ENSDARG00000053272
ENSDARG00000037067;dnajc22;Dnajc22;dnajc22
ENSDARG00000037068;ikzf4;Ikzf4;IKZF4
ENSDARG00000093886;tmsb5;Tmsb15a;si:dkey-167i21.2
ENSDARG00000060877;edil3b;Edil3;edil3b
ENSDARG00000073665;rasa1b;Rasa1;rasa1b
ENSDARG00000060243;enox1;Enox1;enox1
ENSDARG00000103391;rab9b;Rab9b;rab9b
ENSDARG00000101510;cetn2;Cetn1;cetn2
ENSDARG00000099096;gabrb4;Gabrq;gabrb4
ENSDARG00000100481;smg6;Smg6;smg6
ENSDARG00000055868;rsl1d1;Rsl1d1;rsl1d1
ENSDARG00000054799;rfc1;Rfc1;rfc1
ENSDARG00000076965;cep70;Cep70;cep70
ENSDARG00000104733;coq4;Coq4;coq4
ENSDARG00000104875;bspry;Bspry;bspry
ENSDARG00000062355;axdnd1;Axdnd1;axdnd1
ENSDARG00000071450;tdrd5;Tdrd5;tdrd5
ENSDARG00000093021;fam163ab;Fam163a;FAM163A
ENSDARG00000060116;camk1a;Camk1;camk1a
ENSDARG00000061970;lingo3a;Lingo3;lingo3a
ENSDARG00000092987;zmat4a;Zmat4;zmat4a
ENSDARG00000079665;gpr158b;Gpr158;gpr158b
ENSDARG00000089795;sertad4;Sertad4;sertad4
ENSDARG00000033201;crip2l;Crip2;ENSDARG00000033201
ENSDARG00000076041;wwc1;Wwc1;wwc1
ENSDARG00000003984;ltn1;Ltn1;LTN1
ENSDARG00000053019;rnft2;Rnft2;rnft2
ENSDARG00000031240;kidins220a;Kidins220;kidins220a
ENSDARG00000055416;serpinb1;Serpinb1a;serpinb1
ENSDARG00000070396;serpinb1l2;Serpinb1a;serpinb1l2
ENSDARG00000055426;rwdd2b;Rwdd2b;rwdd2b
ENSDARG00000078688;frs3;Frs3;frs3
ENSDARG00000057479;hrh2b;Hrh2;hrh2b
ENSDARG00000099035;pcdh1g33;Pcdhgc5;pcdh1g33
ENSDARG00000039616;cenpk;Cenpk;cenpk
ENSDARG00000089836;mrps12;Mrps12;ENSDARG00000089836
ENSDARG00000079373;fosl1b;Fosl1;fosl1b
ENSDARG00000078256;ovol1b;Ovol1;ENSDARG00000078256
ENSDARG00000069495;tmem179bb;Tmem179b;tmem179b
ENSDARG00000089766;nrg3b;Nrg3;nrg3b
ENSDARG00000063157;mapk8ip2;Mapk8ip2;mapk8ip2
ENSDARG00000013051;zgc:158412;Pou2af2;zgc:158412
ENSDARG00000017366;prdm4;Prdm4;prdm4
ENSDARG00000045598;akr1b1.2;Akr1b8;si:dkey-180p18.9
ENSDARG00000060753;pear1;Pear1;pear1
ENSDARG00000014057;gabrr2b;Gabrr2;gabrr2b
ENSDARG00000003751;lats1;Lats1;lats1
ENSDARG00000034076;lrp11;Lrp11;lrp11
ENSDARG00000078743;oxgr1a.2;Oxgr1;oxgr1a.2
ENSDARG00000040247;oxgr1a.3;Oxgr1;oxgr1a.3
ENSDARG00000095156;taar20w;Taar7a;taar20w
ENSDARG00000019033;tmem59;Tmem59;tmem59
ENSDARG00000016141;slc6a2;Slc6a2;slc6a2
ENSDARG00000053630;itln4;Itln1;si:dkey-182o15.5
ENSDARG00000045528;fgd6;Fgd6;fgd6
ENSDARG00000045527;nr2c1;Nr2c1;nr2c1
ENSDARG00000042469;ndufa12;Ndufa12;ndufa12
ENSDARG00000045525;tmcc3;Tmcc3;tmcc3
ENSDARG00000045524;lamb1b;Lamb1;lamb1b
ENSDARG00000015985;abcc9;Abcc9;abcc9
ENSDARG00000103687;sycn.2;Sycn;sycn.2
ENSDARG00000042946;hook1;Hook1;hook1
ENSDARG00000103658;hivep1;Hivep1;hivep1
ENSDARG00000071205;tmem170b;Tmem170b;tmem170b
ENSDARG00000058682;cd8b;Cd8b1;si:dkey-184p9.9
ENSDARG00000024443;gnpda2;Gnpda2;gnpda2
ENSDARG00000040463;slc25a51b;Slc25a51;slc25a51b
ENSDARG00000088924;cenpu;Cenpu;si:dkey-185e18.7
ENSDARG00000006044;usta;Ust;ust
ENSDARG00000094892;cenph;Cenph;cenph
ENSDARG00000099633;sec14l7;Sec14l2;sec14l7
ENSDARG00000034768;phf3;Phf3;phf3
ENSDARG00000104241;olfcs1;Vmn2r99;olfcs1
ENSDARG00000059658;mrm1;Mrm1;mrm1
ENSDARG00000035185;fzd9a;Fzd9;fzd9a
ENSDARG00000035333;mis18a;Mis18a;mis18a
ENSDARG00000037455;ugt8;Ugt8a;ugt8
ENSDARG00000070467;lactbl1b;Lactbl1;lactbl1b
ENSDARG00000017398;slc44a5a;Slc44a5;slc44a5a
ENSDARG00000061960;ube3b;Ube3b;ube3b
ENSDARG00000068344;mmab;Mmab;mmab
ENSDARG00000062008;hs2st1b;Hs2st1;hs2st1b
ENSDARG00000054741;prkg2;Prkg2;prkg2
ENSDARG00000086214;ntrk3b;Ntrk3;ntrk3b
ENSDARG00000062720;pcdh1a;Pcdh1;pcdh1a
ENSDARG00000100916;uvssa;Uvssa;uvssa
ENSDARG00000078593;vwa8;Vwa8;vwa8
ENSDARG00000063677;ccny;Ccny;ccny
ENSDARG00000079516;cisd1;Cisd1;cisd1
ENSDARG00000059997;sv2ca;Sv2c;sv2c
ENSDARG00000012196;fer;Fer;fer
ENSDARG00000032761;pde4d;Pde4d;pde4d
ENSDARG00000017199;elp2;Elp2;elp2
ENSDARG00000061042;gabbr2;Gabbr2;gabbr2
ENSDARG00000062465;pgap1;Pgap1;pgap1
ENSDARG00000076434;arhgap22b;Arhgap22;ARHGAP22
ENSDARG00000074702;arfgef2;Arfgef2;arfgef2
ENSDARG00000003865;pard6b;Pard6b;pard6b
ENSDARG00000068705;tmem168a;Tmem168;tmem168a
ENSDARG00000042689;zbtb37;Zbtb37;zbtb37
ENSDARG00000089917;sh3tc2;Sh3tc2;sh3tc2
ENSDARG00000060326;map1sb;Map1s;map1sb
ENSDARG00000092883;ifi44c1;Ifi44;si:dkey-193b15.5
ENSDARG00000077470;fam163aa;Fam163a;ENSDARG00000077470
ENSDARG00000067714;hspb3;Hspb3;hspb3
ENSDARG00000067713;snx18a;Snx18;snx18a
ENSDARG00000030636;tex30;Tex30;tex30
ENSDARG00000100462;paqr7a;Paqr7;paqr7a
ENSDARG00000098075;sh3bgrl3;Sh3bgrl3;sh3bgrl3
ENSDARG00000041644;cltrn;Cltrn;ENSDARG00000041644
ENSDARG00000077352;b4galnt1b;B4galnt1;b4galnt1b
ENSDARG00000058160;tnfaip2b;Tnfaip2;tnfaip2b
ENSDARG00000073883;clstn3;Clstn3;clstn3
ENSDARG00000075629;ifi30b;Ifi30;ENSDARG00000075629
ENSDARG00000035137;ehd2a;Ehd2;ehd2a
ENSDARG00000041402;zc3h14;Zc3h14;zc3h14
ENSDARG00000015399;foxf1;Foxf1;foxf1
ENSDARG00000075140;sat2a.1;Sat2;si:dkey-19b23.15
ENSDARG00000010905;mettl13;Mettl13;mettl13
ENSDARG00000018542;hapln4;Hapln4;hapln4
ENSDARG00000029057;tm6sf2b;Tm6sf2;tm6sf2
ENSDARG00000062147;otc;Otc;otc
ENSDARG00000062135;sytl5;Sytl5;sytl5
ENSDARG00000087681;draxinb;Draxin;ENSDARG00000087681
ENSDARG00000006413;rpl38;Rpl38;rpl38
ENSDARG00000038154;isca2;Isca2;isca2
ENSDARG00000095590;spp2;Spp2;spp2
ENSDARG00000018266;mthfd1a;Mthfd1;mthfd1a
ENSDARG00000042383;zbtb25;Zbtb25;zbtb25
ENSDARG00000023040;zbtb1;Zbtb1;zbtb1
ENSDARG00000030479;hmgb1b;Hmgb1;hmgb1b
ENSDARG00000067672;card9;Card9;card9
ENSDARG00000061180;vps45;Vps45;vps45
ENSDARG00000054797;zgc:153441;Rdh13;ENSDARG00000054797
ENSDARG00000077357;lrrc61;Lrrc61;lrrc61
ENSDARG00000011743;pigo;Pigo;pigo
ENSDARG00000020718;slc25a22a;Slc25a22;SLC25A22
ENSDARG00000039181;trpm3;Trpm3;trpm3
ENSDARG00000074644;spock1;Spock1;spock1
ENSDARG00000018096;scap;Scap;scap
ENSDARG00000070124;ptpn23a;Ptpn23;ptpn23a
ENSDARG00000045557;socs2;Socs2;socs2
ENSDARG00000033757;ncaph2;Ncaph2;ncaph2
ENSDARG00000045555;sco2;Sco2;sco2
ENSDARG00000005547;rint1;Rint1;rint1
ENSDARG00000014005;lrrc45;Lrrc45;lrrc45
ENSDARG00000062278;c1galt1a;C1galt1;C1GALT1
ENSDARG00000052787;zdhhc12b;Zdhhc12;zdhhc12b
ENSDARG00000094922;ungb;Ung;ungb
ENSDARG00000013252;tmc5;Tmc5;si:dkey-202l16.5
ENSDARG00000036956;asxl1;Asxl1;asxl1
ENSDARG00000036952;xkr7a;Xkr7;ENSDARG00000036952
ENSDARG00000076964;cables2a;Cables2;cables2a
ENSDARG00000017853;prepl;Prepl;prepl
ENSDARG00000017165;slc3a1;Slc3a1;slc3a1
ENSDARG00000055415;zp2l1;Zp1;zp2l1
ENSDARG00000068822;purba;Purb;purba
ENSDARG00000074581;add2;Add2;add2
ENSDARG00000099694;neurl1b;Neurl1b;neurl1b
ENSDARG00000102271;spink2.7;Spink2;si:dkey-203a12.2
ENSDARG00000099689;spink2.3;Spink2;si:dkey-203a12.3
ENSDARG00000102868;spink2.10;Spink2;SPINK2
ENSDARG00000099673;spink2.8;Spink2;si:dkey-203a12.5
ENSDARG00000100051;spink2.4;Spink2;si:dkey-203a12.6
ENSDARG00000099811;spink2.9;Spink2;si:dkey-203a12.7
ENSDARG00000101290;spink2.5;Spink2;si:dkey-203a12.8
ENSDARG00000071010;tuft1b;Tuft1;tuft1b
ENSDARG00000024708;slc25a23b;Slc25a23;slc25a23b
ENSDARG00000037909;timm29;Timm29;TIMM29
ENSDARG00000021399;yipf2;Yipf2;yipf2
ENSDARG00000043802;ms4a17a.8;Ms4a15;ms4a17a.9
ENSDARG00000105674;ms4a17a.2;Ms4a4c;si:ch73-56d11.5
ENSDARG00000076767;pgfb;Pgf;pgfb
ENSDARG00000075170;zdhhc22;Zdhhc22;zdhhc22
ENSDARG00000079307;tmem269;Tmem269;ENSDARG00000079307
ENSDARG00000101933;celf6;Celf6;CELF6
ENSDARG00000060978;atp2a3;Atp2a3;atp2a3
ENSDARG00000060946;pip5kl1;Pip5kl1;pip5kl1
ENSDARG00000101034;zc3h12ab;Zc3h12a;ENSDARG00000101034
ENSDARG00000103618;btr18;Trim11;btr18
ENSDARG00000100539;btr22;Trim58;btr22
ENSDARG00000102992;btr20;Trim58;btr20
ENSDARG00000019529;parp1;Parp1;parp1
ENSDARG00000028475;lin9;Lin9;lin9
ENSDARG00000019205;fam120c;Fam120c;fam120c
ENSDARG00000045749;ppfibp1a;Ppfibp1;ppfibp1a
ENSDARG00000045748;stab2;Stab2;stab2
ENSDARG00000058716;cept1a;Cept1;cept1a
ENSDARG00000061800;marveld2l;Ocel1;si:dkey-208k22.6
ENSDARG00000032990;plxnb3;Plxnb3;plxnb3
ENSDARG00000059475;camsap3;Camsap3;camsap3
ENSDARG00000036818;hyal3;Hyal3;hyal3
ENSDARG00000078571;wdr6;Wdr6;wdr6
ENSDARG00000097292;slc26a6;Slc26a6;slc26a6
ENSDARG00000076127;gabrb1;Gabrb1;gabrb1
ENSDARG00000078887;atp10d;Atp10d;atp10d
ENSDARG00000060915;fbxl16;Fbxl16;fbxl16
ENSDARG00000062268;jarid2b;Jarid2;jarid2b
ENSDARG00000074921;fam117ba;Fam117b;fam117ba
ENSDARG00000076321;col28a2a;Col28a1;col28a2a
ENSDARG00000062511;golga3;Golga3;golga3
ENSDARG00000055833;lectin;Clec4n;si:dkey-216e24.3
ENSDARG00000061986;tbc1d2b;Tbc1d2b;tbc1d2b
ENSDARG00000079917;rassf7a;Rassf7;rassf7a
ENSDARG00000038855;chmp5a;Chmp5;chmp5a
ENSDARG00000076389;tnrc6bb.2;Tnrc6b;si:dkey-217f16.6
ENSDARG00000089109;bcl2b;Bcl2;bcl2b
ENSDARG00000008235;cog5;Cog5;cog5
ENSDARG00000016231;bcap29;Bcap29;bcap29
ENSDARG00000075058;gabra6a;Gabra6;gabra6a
ENSDARG00000102668;slc16a5b;Slc16a5;slc16a5b
ENSDARG00000062199;gse1a;Gse1;ENSDARG00000062199
ENSDARG00000002877;reps1;Reps1;reps1
ENSDARG00000008060;scara3;Scara3;scara3
ENSDARG00000102143;btr24;Trim58;btr24
ENSDARG00000102018;btr25;Trim27;bty
ENSDARG00000099049;rragcb;Rragc;rragcb
ENSDARG00000045811;lrtm2b;Lrtm2;lrtm2b
ENSDARG00000035990;cited4a;Cited4;cited4a
ENSDARG00000061728;acot13;Acot13;acot13
ENSDARG00000010280;clasp1a;Clasp1;clasp1a
ENSDARG00000014854;reep1;Reep1;reep1
ENSDARG00000101220;polrmt;Polrmt;polrmt
ENSDARG00000076510;fgf22;Fgf22;fgf22
ENSDARG00000045754;mettl25;Mettl25;mettl25
ENSDARG00000045755;ccdc59;Ccdc59;ccdc59
ENSDARG00000001781;tspan11;Tspan11;tspan11
ENSDARG00000089930;iqce;Iqce;iqce
ENSDARG00000062469;hipk3a;Hipk3;hipk3a
ENSDARG00000062477;kiaa1549la;D430041D05Rik;kiaa1549la
ENSDARG00000056211;ogfod2;Ogfod2;ogfod2
ENSDARG00000056200;abcb9;Abcb9;abcb9
ENSDARG00000039319;vps37ba;Vps37b;vps37b
ENSDARG00000060861;dars2;Dars2;dars2
ENSDARG00000078853;arhgef19;Arhgef19;arhgef19
ENSDARG00000045548;lepb;Lep;lepb
ENSDARG00000062297;soat1;Soat1;soat1
ENSDARG00000063006;cacng7a;Cacng7;cacng7a
ENSDARG00000052518;stx4;Stx4a;stx4
ENSDARG00000101715;arsg;Arsg;arsg
ENSDARG00000010977;rab34b;Rab34;rab34b
ENSDARG00000078815;grk5l;Grk5;grk5l
ENSDARG00000062382;snapin;Snapin;snapin
ENSDARG00000061228;pfdn4;Pfdn4;pfdn4
ENSDARG00000015506;klf5a;Klf5;klf5a
ENSDARG00000074111;bcdin3d;Bcdin3d;bcdin3d
ENSDARG00000092124;cox14;Cox14;cox14
ENSDARG00000087054;ggt1l2.2;Ggt1;ggt1l2.2
ENSDARG00000061205;stag1a;Stag1;stag1a
ENSDARG00000017154;cables2b;Cables2;cables2b
ENSDARG00000005468;irf2bp1;Irf2bp1;irf2bp1
ENSDARG00000061103;slc19a3b;Slc19a3;slc19a3b
ENSDARG00000017429;sphkap;Sphkap;sphkap
ENSDARG00000068219;b3gnt2l;B3gnt8;b3gnt2l
ENSDARG00000063390;pvrl2l;Nectin2;pvrl2l
ENSDARG00000101899;kncn;Kncn;si:dkey-225f23.3
ENSDARG00000104930;tmem275a;Tmem275;si:dkey-225f23.5
ENSDARG00000031316;six6b;Six6;six6b
ENSDARG00000076373;vopp1b;Vopp1;vopp1
ENSDARG00000078285;pik3ap1;Pik3ap1;pik3ap1
ENSDARG00000090634;smim29;Smim29;smim29
ENSDARG00000045316;map7d2b;Map7d2;map7d2b
ENSDARG00000070094;sytl1;Sytl1;sytl1
ENSDARG00000074894;myorg;Myorg;MYORG
ENSDARG00000075230;tet1;Tet1;tet1
ENSDARG00000056386;tmc1;Tmc1;tmc1
ENSDARG00000030311;tmc2b;Tmc2;tmc2b
ENSDARG00000093253;mfsd3;Mfsd3;ENSDARG00000093253
ENSDARG00000075192;yme1l1a;Yme1l1;yme1l1a
ENSDARG00000063594;hipk1a;Hipk1;hipk1a
ENSDARG00000105039;phka1b;Phka1;phka1b
ENSDARG00000019693;clcn5a;Clcn5;clcn5a
ENSDARG00000029898;cnga1a;Cnga1;ENSDARG00000029898
ENSDARG00000057942;glt8d2;Glt8d2;glt8d2
ENSDARG00000062983;fbxo18;Fbh1;fbxo18
ENSDARG00000036222;npy;Npy;npy
ENSDARG00000074302;gpr183b;Gpr183;gpr183b
ENSDARG00000078768;abhd15a;Abhd15;abhd15a
ENSDARG00000007045;cnot4a;Cnot4;cnot4a
ENSDARG00000060788;lrrc14b;Lrrc14b;lrrc14b
ENSDARG00000055559;chrna6;Chrna6;chrna6
ENSDARG00000055713;fmnl1a;Fmnl1;fmnl1a
ENSDARG00000070387;nudt7;Nudt7;nudt7
ENSDARG00000088079;tmed6;Tmed6;tmed6
ENSDARG00000069780;pus7l;Pus7l;pus7l
ENSDARG00000060853;nckap1;Nckap1;nckap1
ENSDARG00000036457;cacng6a;Cacng6;cacng6a
ENSDARG00000088933;golt1a;Golt1a;golt1a
ENSDARG00000042920;sult3st3;Sult3a1;sult3st3
ENSDARG00000071495;sult3st5;Sult3a1;si:dkey-236e20.3
ENSDARG00000043395;crip3;Crip3;crip3
ENSDARG00000101389;zgc:174180;Nlrp4e;zgc:174180
ENSDARG00000102531;anapc11;Anapc11;anapc11
ENSDARG00000021697;morn3;Morn3;morn3
ENSDARG00000098348;znf326;Zfp326;znf326
ENSDARG00000099123;hist1h2a7;H2ac18;HIST2H2AB
ENSDARG00000075500;smim1;Smim1;smim1
ENSDARG00000042456;mad2l2;Mad2l2;MAD2L2
ENSDARG00000058824;mrpl4;Mrpl4;mrpl4
ENSDARG00000098623;hyls1;Hyls1;si:dkey-23f9.4
ENSDARG00000075803;slc41a2a;Slc41a2;slc41a2a
ENSDARG00000045685;cntn1b;Cntn1;cntn1b
ENSDARG00000045687;pdzrn4;Pdzrn4;pdzrn4
ENSDARG00000078734;myo1f;Myo1f;myo1f
ENSDARG00000098986;znf1040;Zfp932;BX548067.1
ENSDARG00000076153;lca5;Lca5;lca5
ENSDARG00000088398;tmem107l;Tmem107;tmem107l
ENSDARG00000062686;megf11;Megf11;megf11
ENSDARG00000015053;grip1;Grip1;grip1
ENSDARG00000093572;lamc3;Lamc3;lamc3
ENSDARG00000061936;fbxo10;Fbxo10;fbxo10
ENSDARG00000070321;clrn2;Clrn2;clrn2
ENSDARG00000015476;iqch;Iqch;iqch
ENSDARG00000062448;skor1b;Skor1;skor1b
ENSDARG00000061562;tmem121aa;Tmem121;tmem121a
ENSDARG00000086692;taar14a;Taar7a;taar14a
ENSDARG00000069213;taar14l;Taar7a;taar14l
ENSDARG00000090464;taar14h;Taar7b;taar14h
ENSDARG00000075828;taar14j;Taar7b;taar14j
ENSDARG00000069765;syngap1b;Syngap1;syngap1b
ENSDARG00000075437;shc1;Shc1;shc1
ENSDARG00000030743;sptlc3;Sptlc3;sptlc3
ENSDARG00000010042;dnm1a;Dnm1;dnm1a
ENSDARG00000075825;dlec1;Dlec1;dlec1
ENSDARG00000079502;gal3st2;Gal3st2;gal3st2
ENSDARG00000031600;rd3;Rd3;rd3
ENSDARG00000099758;igf2bp2b;Igf2bp2;igf2bp2b
ENSDARG00000038979;vopp1a;Vopp1;ENSDARG00000038979
ENSDARG00000018228;htr2cl1;Htr2c;htr2cl1
ENSDARG00000078417;plxdc1;Plxdc1;plxdc1
ENSDARG00000089213;adam15;Adam15;adam15
ENSDARG00000032799;kcnd2;Kcnd2;kcnd2
ENSDARG00000060879;slc28a1;Slc28a2;slc28a1
ENSDARG00000060860;pstpip1a;Pstpip1;pstpip1a
ENSDARG00000039378;rcn2;Rcn2;rcn2
ENSDARG00000030650;r3hdml;R3hdml;r3hdml
ENSDARG00000077086;ankrd34ba;Ankrd34b;ankrd34ba
ENSDARG00000038302;ccar2;Ccar2;ccar2
ENSDARG00000013024;erap1a;Erap1;erap1a
ENSDARG00000075747;zfyve16;Zfyve16;zfyve16
ENSDARG00000068653;rhoga;Rhog;rhoga
ENSDARG00000060723;stim1a;Stim1;stim1a
ENSDARG00000041115;cnfn;Cnfn;cnfn
ENSDARG00000037406;wdr19;Wdr19;wdr19
ENSDARG00000008413;atp11a;Atp11a;atp11a
ENSDARG00000067850;jund;Jund;jund
ENSDARG00000075265;plaua;Plau;plaua
ENSDARG00000062314;rasl10a;Rasl10a;rasl10a
ENSDARG00000037411;npy1r;Npy1r;npy1r
ENSDARG00000058508;cfap70;Cfap70;cfap70
ENSDARG00000078452;hmox2b;Hmox2;hmox2b
ENSDARG00000060256;alkbh8;Alkbh8;alkbh8
ENSDARG00000078973;uckl1b;Uckl1;uckl1b
ENSDARG00000071055;znf512b;Zfp512b;ZNF512B
ENSDARG00000100737;epob;Epo;epob
ENSDARG00000092463;rhbdd2;Rhbdd2;rhbdd2
ENSDARG00000098683;zmiz2;Zmiz2;zmiz2
ENSDARG00000062164;atrn;Atrn;atrn
ENSDARG00000022160;ttc23;Ttc23;ttc23
ENSDARG00000062350;synm;Synm;synm
ENSDARG00000041092;pgpep1l;Pgpep1l;pgpep1l
ENSDARG00000052118;adamtsl5;Adamtsl5;adamtsl5
ENSDARG00000069421;grpel2;Grpel2;grpel2
ENSDARG00000096667;hemgn;Hemgn;si:dkey-25o16.2
ENSDARG00000074060;map3k14a;Map3k14;map3k14a
ENSDARG00000016939;itgb2;Itgb2;itgb2
ENSDARG00000008209;myt1la;Myt1l;myt1la
ENSDARG00000025299;tspan9a;Tspan9;tspan9a
ENSDARG00000020086;nuak1a;Nuak1;nuak1a
ENSDARG00000070607;mrpl36;Mrpl36;mrpl36
ENSDARG00000056572;nrsn1l;Nrsn1;si:dkey-261i16.5
ENSDARG00000052247;alkbh4;Alkbh4;alkbh4
ENSDARG00000035148;orai2;Orai2;orai2
ENSDARG00000035147;lrwd1;Lrwd1;lrwd1
ENSDARG00000074075;antxr1b;Antxr1;antxr1b
ENSDARG00000056784;aire;Aire;aire
ENSDARG00000096992;zgc:153405;H1f4;zgc:153405
ENSDARG00000037964;lhx2a;Lhx2;lhx2a
ENSDARG00000096030;zgc:173624;Zfp931;si:dkey-262g12.7
ENSDARG00000096141;zgc:173624;Zfp931;zgc:173624
ENSDARG00000089838;fxyd5;Fxyd5;si:dkey-262k9.4
ENSDARG00000042390;syndig1l;Syndig1l;syndig1l
ENSDARG00000071251;ppp1r18;Ppp1r18;ppp1r18
ENSDARG00000063690;nrm;Nrm;nrm
ENSDARG00000071250;tmem79a;Tmem79;tmem79a
ENSDARG00000004627;panx3;Panx3;panx3
ENSDARG00000026484;rab15;Rab15;rab15
ENSDARG00000090973;ccdc50b;Ccdc50;si:dkey-264d12.1
ENSDARG00000089489;fam83e;Fam83e;fam83e
ENSDARG00000036428;emp3a;Emp3;ENSDARG00000036428
ENSDARG00000067646;tmem232;Tmem232;tmem232
ENSDARG00000104700;acvr2ab;Acvr2a;acvr2ab
ENSDARG00000035895;fndc5b;Fndc5;fndc5b
ENSDARG00000042370;ptafr;Ptafr;ptafr
ENSDARG00000077874;vwa10.1;Vwa7;vwa10.1
ENSDARG00000060398;rft1;Rft1;rft1
ENSDARG00000002304;gins2;Gins2;gins2
ENSDARG00000058672;nuggc.3;Nuggc;si:dkey-266f7.1
ENSDARG00000014588;adcy2b;Adcy2;adcy2b
ENSDARG00000042936;fam228a;Fam228a;fam228a
ENSDARG00000069654;ppp6r2b;Ppp6r2;ppp6r2b
ENSDARG00000078508;kcp;Kcp;ENSDARG00000078508
ENSDARG00000033104;tmc2a;Tmc2;tmc2a
ENSDARG00000057419;slc44a5b;Slc44a5;slc44a5b
ENSDARG00000086933;tnni3k;Tnni3k;tnni3k
ENSDARG00000075972;csrnp2;Csrnp2;csrnp2
ENSDARG00000070669;cxcr3.3;Cxcr3;cxcr3.3
ENSDARG00000078435;anapc13;Anapc13;anapc13
ENSDARG00000095482;chst12b.2;Chst12;CHST12
ENSDARG00000093636;chst12b.4;Chst12;CHST12
ENSDARG00000092242;chst12b.6;Chst12;si:dkey-26i13.7
ENSDARG00000058154;znf385c;Zfp385c;znf385c
ENSDARG00000103507;n4bp2l2;N4bp2l2;n4bp2l2
ENSDARG00000074435;ttc19;Ttc19;ttc19
ENSDARG00000038786;smarcd3a;Smarcd3;smarcd3a
ENSDARG00000053386;wdr27;Wdr27;wdr27
ENSDARG00000044436;rps6ka4;Rps6ka4;rps6ka4
ENSDARG00000003380;paox;Paox;ENSDARG00000003380
ENSDARG00000088764;lyplal1;Lyplal1;lyplal1
ENSDARG00000045929;oaz2a;Oaz2;oaz2a
ENSDARG00000058165;htr2ab;Htr2a;htr2ab
ENSDARG00000079700;b3galt1a;B3galt1;b3galt1a
ENSDARG00000074563;gpr37a;Gpr37;gpr37a
ENSDARG00000005343;ccdc85al;Ccdc85a;ccdc85al
ENSDARG00000044225;golph3b;Golph3;si:dkey-27b3.2
ENSDARG00000031751;npr1a;Npr1;npr1a
ENSDARG00000016811;ints3;Ints3;ints3
ENSDARG00000016010;nup107;Nup107;nup107
ENSDARG00000079291;rapgef3;Rapgef3;rapgef3
ENSDARG00000090340;fam83ga;Fam83g;si:dkey-27o4.1
ENSDARG00000058120;gpr83;Gpr83;ENSDARG00000058120
ENSDARG00000079618;sik2a;Sik2;sik2a
ENSDARG00000075714;hoatz;Hoatz;si:dkey-27p23.3
ENSDARG00000007169;itgb1bp1;Itgb1bp1;itgb1bp1
ENSDARG00000028800;cyth2;Cyth2;CYTH2
ENSDARG00000087564;nek11;Nek11;nek11
ENSDARG00000074441;gp1bb;Gp1bb;gp1bb
ENSDARG00000090116;znf1136;Gm6710;znf1136
ENSDARG00000062457;las1l;Las1l;las1l
ENSDARG00000068291;tmem208;Tmem208;TMEM208
ENSDARG00000058945;acot22;Acot1;acot22
ENSDARG00000073784;fez2a;Fez2;ENSDARG00000073784
ENSDARG00000076541;clec3ba;Clec3b;clec3ba
ENSDARG00000031763;smad6b;Smad6;smad6b
ENSDARG00000016263;zdhhc5a;Zdhhc5;zdhhc5a
ENSDARG00000025670;fstl3;Fstl3;fstl3
ENSDARG00000015531;slc4a8;Slc4a8;slc4a8
ENSDARG00000028878;vipr1a;Vipr1;vipr1a
ENSDARG00000097451;chmp6a;Chmp6;chmp6a
ENSDARG00000099614;purab;Pura;purab
ENSDARG00000037040;cgrrf1;Cgrrf1;cgrrf1
ENSDARG00000099395;cables1;Cables1;cables1
ENSDARG00000042350;syt1b;Syt1;syt1b
ENSDARG00000069515;bbs10;Bbs10;bbs10
ENSDARG00000101697;vwde;Vwde;ENSDARG00000101697
ENSDARG00000077696;mindy4;Mindy4;ENSDARG00000077696
ENSDARG00000037587;synpra;Synpr;SYNPR
ENSDARG00000075134;adgrf11;Adgrf5;adgrf11
ENSDARG00000061644;ensab;Ensa;ensab
ENSDARG00000097606;tmem82;Tmem82;tmem82
ENSDARG00000087916;tmem240a;Tmem240;tmem240a
ENSDARG00000087742;map4k3a;Map4k3;map4k3a
ENSDARG00000042368;kif26aa;Kif26a;kif26aa
ENSDARG00000003615;slc26a3.2;Slc26a3;slc26a3.2
ENSDARG00000007371;slc26a3.1;Slc26a3;slc26a3.1
ENSDARG00000069431;slc26a4;Slc26a4;slc26a4
ENSDARG00000073870;gdpd2;Gdpd2;gdpd2
ENSDARG00000073935;wnt6b;Wnt6;wnt6b
ENSDARG00000002084;lamb2;Lamb2;lamb2
ENSDARG00000004132;usp19;Usp19;usp19
ENSDARG00000062884;map3k2;Map3k2;map3k2
ENSDARG00000075715;tmem236;Tmem236;TMEM236
ENSDARG00000062837;spata13;Spata13;spata13
ENSDARG00000053525;enpp7.2;Enpp7;enpp7.2
ENSDARG00000062598;ltc4s;Ltc4s;ltc4s
ENSDARG00000088377;rp1l1b;Rp1l1;rp1l1b
ENSDARG00000101387;camk2n1;Camk2n1;CAMK2N1
ENSDARG00000094643;ms4a17c.1;Ms4a5;ms4a17c.1
ENSDARG00000042877;heca;Heca;heca
ENSDARG00000016122;ptrhd1;Ptrhd1;ptrhd1
ENSDARG00000071567;tstd1;Tstd1;ENSDARG00000071567
ENSDARG00000005561;gfm2;Gfm2;gfm2
ENSDARG00000032426;coq8ab;Coq8a;COQ8A
ENSDARG00000100971;fxyd6;Fxyd6;fxyd6
ENSDARG00000052059;paqr9;Paqr9;PAQR9
ENSDARG00000045556;otud7a;Otud7a;OTUD7A
ENSDARG00000024101;adra1d;Adra1d;adra1d
ENSDARG00000102538;mccc1;Mccc1;mccc1
ENSDARG00000080018;kif16bb;Kif16b;kif16bb
ENSDARG00000060580;tasp1;Tasp1;tasp1
ENSDARG00000041595;ces3;Ces2e;ces3
ENSDARG00000042308;arhgef18b;Arhgef18;arhgef18b
ENSDARG00000057680;foxj2;Foxj2;foxj2
ENSDARG00000046079;cacng6b;Cacng6;cacng6b
ENSDARG00000022177;ddx59;Ddx59;ddx59
ENSDARG00000062187;kif14;Kif14;kif14
ENSDARG00000076020;pappa2;Pappa2;pappa2
ENSDARG00000095674;tmem123;Tmem123;tmem123
ENSDARG00000059789;parp8;Parp8;parp8
ENSDARG00000033296;gpr37b;Gpr37;gpr37b
ENSDARG00000045863;asb15b;Asb15;asb15b
ENSDARG00000045864;lmod2b;Lmod2;lmod2b
ENSDARG00000031345;rtkna;Rtkn;si:dkey-40c11.1
ENSDARG00000077544;toe1;Toe1;toe1
ENSDARG00000069893;sphk2;Sphk2;sphk2
ENSDARG00000029114;lmtk3;Lmtk3;si:dkey-40m6.8
ENSDARG00000101178;sh3rf2;Sh3rf2;sh3rf2
ENSDARG00000071549;ecm2;Ecm2;ecm2
ENSDARG00000063076;atrip;Atrip;atrip
ENSDARG00000071541;shisa10.4;Shisa5;si:dkey-42i9.8
ENSDARG00000063051;bap1;Bap1;bap1
ENSDARG00000092517;gpsm1a;Gpsm1;gpsm1a
ENSDARG00000089858;cobll1a;Cobll1;cobll1a
ENSDARG00000067549;adamts12;Adamts12;adamts12
ENSDARG00000104823;znf648;Zfp648;znf648
ENSDARG00000098123;gng12b;Gng12;ENSDARG00000098123
ENSDARG00000031845;mboat2a;Mboat2;mboat2a
ENSDARG00000041140;ddb2;Ddb2;ddb2
ENSDARG00000019753;kcnn3;Kcnn3;kcnn3
ENSDARG00000058180;exoc3l4;Exoc3l4;exoc3l4
ENSDARG00000075188;adamts10;Adamts10;adamts10
ENSDARG00000079723;tnrc6bb.1;Tnrc6b;ENSDARG00000079723
ENSDARG00000021677;phf11;Phf11d;phf11
ENSDARG00000059604;mtss1;Mtss1;mtss1
ENSDARG00000060854;kctd3;Kctd3;kctd3
ENSDARG00000021151;ptpreb;Ptpre;ptpreb
ENSDARG00000060835;tecpr2;Tecpr2;tecpr2
ENSDARG00000054253;sobpa;Sobp;sobpa
ENSDARG00000018342;ggt1b;Ggt1;ggt1b
ENSDARG00000004227;pde3a;Pde3a;pde3a
ENSDARG00000075793;prex1;Prex1;prex1
ENSDARG00000042536;tmem81;Tmem81;si:dkey-48j7.3
ENSDARG00000015149;wasa;Was;wasa
ENSDARG00000079895;ehbp1l1b;Ehbp1l1;ehbp1l1b
ENSDARG00000096073;col19a1;Col19a1;col19a1
ENSDARG00000086457;tnfaip8l1;Tnfaip8;tnfaip8l1
ENSDARG00000063412;cers1;Cers1;cers1
ENSDARG00000005943;htra4;Htra4;htra4
ENSDARG00000074125;znf1161;Zfp985;znf1161
ENSDARG00000088841;dnal4b;Dnal4;dnal4b
ENSDARG00000043907;fgf11b;Fgf11;fgf11b
ENSDARG00000011326;ankrd45;Ankrd45;ankrd45
ENSDARG00000037403;hspa8b;Hspa8;ENSDARG00000037403
ENSDARG00000079602;calhm3;Calhm3;calhm3
ENSDARG00000074179;calhm2.2;Calhm2;CALHM2
ENSDARG00000076303;usp11;Usp11;usp11
ENSDARG00000056794;arl3a;Arl3;ARL3
ENSDARG00000091459;gabra2a;Gabra2;ENSDARG00000091459
ENSDARG00000060354;samd7;Samd7;samd7
ENSDARG00000060350;apoda.2;Apod;apoda.2
ENSDARG00000096977;mhc1lla;Raet1e;mhc1lla
ENSDARG00000051713;mhc1lga;Mill1;mhc1lga
ENSDARG00000055901;steap4;Steap4;steap4
ENSDARG00000087793;tp53i13;Trp53i13;si:dkey-54n8.2
ENSDARG00000055479;mmp20b;Mmp20;mmp20b
ENSDARG00000090642;ccdc92ba;Ccdc92b;si:dkey-54n8.4
ENSDARG00000063276;msh3;Msh3;msh3
ENSDARG00000097110;fxyd7;Fxyd7;si:dkey-56f14.4
ENSDARG00000009839;fam117bb;Fam117b;fam117bb
ENSDARG00000078261;nphp3;Nphp3;nphp3
ENSDARG00000059792;trpm5;Trpm5;trpm5
ENSDARG00000092651;sgo2;Sgo2b;si:dkey-57a22.11
ENSDARG00000018296;rev1;Rev1;rev1
ENSDARG00000079858;tmem163a;Tmem163;tmem163a
ENSDARG00000030104;sh3bp4;Sh3bp4;sh3bp4
ENSDARG00000043175;cela1.1;Cela1;ENSDARG00000043175
ENSDARG00000095462;cela1.2;Cela1;CELA1
ENSDARG00000043171;cela1.4;Cela1;CELA1
ENSDARG00000079457;faap100;Faap100;si:dkey-57h18.1
ENSDARG00000074447;dapk3;Dapk3;dapk3
ENSDARG00000017571;mccc2;Mccc2;mccc2
ENSDARG00000067777;hspb11;Ift25;ENSDARG00000067777
ENSDARG00000016551;iqsec1b;Iqsec1;iqsec1b
ENSDARG00000038985;cdyl;Cdyl;cdyl
ENSDARG00000054606;mrpl1;Mrpl1;mrpl1
ENSDARG00000091832;mdfic2;Mdfic2;MDFIC2
ENSDARG00000078057;snx8b;Snx8;snx8b
ENSDARG00000077533;eif3f;Eif3f;eif3f
ENSDARG00000056535;pla2g4f.1;Pla2g4b;pla2g4f.1
ENSDARG00000074527;chst15;Chst15;chst15
ENSDARG00000074389;gpr26;Gpr26;gpr26
ENSDARG00000023272;tfap2d;Tfap2d;tfap2d
ENSDARG00000042859;slc5a6a;Slc5a6;slc5a6a
ENSDARG00000079352;sap130b;Sap130;sap130b
ENSDARG00000079229;znf414;Zfp414;znf414
ENSDARG00000037070;tmem242;Tmem242;tmem242
ENSDARG00000063182;rc3h1b;Rc3h1;rc3h1b
ENSDARG00000029671;xpr1b;Xpr1;xpr1b
ENSDARG00000078947;sdccag8;Sdccag8;sdccag8
ENSDARG00000002947;abcd3b;Abcd3;abcd3b
ENSDARG00000044341;chst7;Chst7;chst7
ENSDARG00000075565;lzts1;Lzts1;lzts1
ENSDARG00000058237;ssbp3a;Ssbp3;ssbp3a
ENSDARG00000062919;tceanc2;Tceanc2;tceanc2
ENSDARG00000059856;alkbh2;Alkbh2;alkbh2
ENSDARG00000059855;cfap251;Cfap251;wdr66
ENSDARG00000045443;agtr1b;Agtr1a;agtr1b
ENSDARG00000094504;plekha1b;Plekha1;plekha1b
ENSDARG00000078425;oat;Oat;oat
ENSDARG00000055359;sp100.1;Sp110;sp100.1
ENSDARG00000090449;sp100.3;Sp110;sp100.3
ENSDARG00000061684;slc25a17;Slc25a17;slc25a17
ENSDARG00000090036;rhobtb3;Rhobtb3;RHOBTB3
ENSDARG00000017244;chd6;Chd6;chd6
ENSDARG00000076140;clcf1;Clcf1;clcf1
ENSDARG00000062449;xpr1a;Xpr1;xpr1a
ENSDARG00000059472;arhgap31;Arhgap31;arhgap31
ENSDARG00000093783;tex55;Tex55;si:dkey-70b23.2
ENSDARG00000039220;st6galnac5a;St6galnac5;st6galnac5a
ENSDARG00000001686;uckl1a;Uckl1;uckl1a
ENSDARG00000042972;plp2a;Plp2;zgc:136605
ENSDARG00000102774;znf687a;Zfp687;znf687a
ENSDARG00000080675;otoa;Otoa;si:dkey-71b5.7
ENSDARG00000043396;fndc4a;Fndc4;fndc4a
ENSDARG00000104916;si:dkey-71l4.4;Nlrp4e;si:dkey-71l4.4
ENSDARG00000092483;iqcc;Iqcc;iqcc
ENSDARG00000078333;tmem234;Tmem234;tmem234
ENSDARG00000093597;oip5;Oip5;oip5
ENSDARG00000069427;nkain2;Nkain2;nkain2
ENSDARG00000061023;borcs6;Borcs6;ENSDARG00000061023
ENSDARG00000055759;efhd2;Efhd2;efhd2
ENSDARG00000003909;ftr01;Trim80;ftr01
ENSDARG00000056842;usp30;Usp30;usp30
ENSDARG00000012914;arhgef4;Arhgef4;arhgef4
ENSDARG00000055317;c1ql4b;C1ql4;c1ql4b
ENSDARG00000002031;tox4a;Tox4;tox4a
ENSDARG00000000324;dcaf8;Dcaf8l;dcaf8
ENSDARG00000069143;map3k7cl;Map3k7cl;map3k7cl
ENSDARG00000078503;dennd1c;Dennd1c;ENSDARG00000078503
ENSDARG00000062667;mpp3b;Mpp3;mpp3b
ENSDARG00000025847;sox12;Sox12;sox12
ENSDARG00000073721;smarcad1b;Smarcad1;smarcad1b
ENSDARG00000043904;pnrc1;Pnrc1;pnrc1
ENSDARG00000043902;gabrr1;Gabrr1;gabrr1
ENSDARG00000054301;kti12;Kti12;kti12
ENSDARG00000068144;nmba;Nmb;nmba
ENSDARG00000103833;spink2.2;Spink2;SPINK2
ENSDARG00000103336;spink2.11;Spink2;SPINK2
ENSDARG00000076414;espn;Espn;espn
ENSDARG00000089698;atf7ip2;Atf7ip2;atf7ip2
ENSDARG00000060435;bnipl;Bnipl;bnipl
ENSDARG00000060445;elp6;Elp6;elp6
ENSDARG00000062335;nudt14;Nudt14;nudt14
ENSDARG00000062352;sema4ab;Sema4a;sema4ab
ENSDARG00000104197;ptpn22;Ptpn22;ptpn22
ENSDARG00000012013;cpa6;Cpa6;cpa6
ENSDARG00000100296;pja2;Pja2;pja2
ENSDARG00000089123;negaly6;Lypd8l;negaly6
ENSDARG00000099038;kcng1;Kcng1;kcng1
ENSDARG00000094380;zzef1;Zzef1;zzef1
ENSDARG00000069206;taar15;Taar6;taar15
ENSDARG00000090592;taar10b;Taar1;taar10b
ENSDARG00000089000;taar1b;Taar1;taar1b
ENSDARG00000086268;taar12i;Taar4;taar12i
ENSDARG00000086412;taar12c;Taar4;taar12c
ENSDARG00000041454;taar12b;Taar4;taar12b
ENSDARG00000094548;taar12a;Taar2;taar12a
ENSDARG00000087419;taar12g;Taar2;taar12g
ENSDARG00000094237;taar12h;Taar4;taar12h
ENSDARG00000088462;taar12j;Taar4;taar12j
ENSDARG00000075046;rnf151;Rnf151;rnf151
ENSDARG00000094929;apoa4b.3;Apoa4;apoa4b.3
ENSDARG00000079008;fam189b;Entrep3;ENSDARG00000079008
ENSDARG00000070583;itpk1b;Itpk1;itpk1b
ENSDARG00000077897;znf296;Zfp296;znf296
ENSDARG00000035468;slc25a25b;Slc25a25;slc25a25b
ENSDARG00000027649;cpsf3;Cpsf3;cpsf3
ENSDARG00000028937;taf1b;Taf1b;taf1b
ENSDARG00000076213;dock4;Dock4;DOCK4
ENSDARG00000012060;thbs3b;Thbs3;thbs3b
ENSDARG00000078468;fap;Fap;fap
ENSDARG00000070352;hoxc12a;Hoxc12;hoxc12a
ENSDARG00000080019;uba6;Uba6;ENSDARG00000080019
ENSDARG00000061292;pi15b;Pi15;pi15b
ENSDARG00000078773;tmem70;Tmem70;tmem70
ENSDARG00000069031;plac8l1;Plac8l1;plac8l1
ENSDARG00000079286;bcr;Bcr;bcr
ENSDARG00000057125;pld1b;Pld1;pld1b
ENSDARG00000100691;prss35;Prss35;prss35
ENSDARG00000104834;ano7;Ano7;ENSDARG00000104834
ENSDARG00000093739;cfap97d2;Cfap97d2;si:dkey-83m22.7
ENSDARG00000026028;ankrd44;Ankrd44;ankrd44
ENSDARG00000070590;nt5c1ab;Nt5c1a;nt5c1ab
ENSDARG00000087985;znf365;Zfp365;znf365
ENSDARG00000091366;tedc1;Tedc1;si:dkey-84k17.2
ENSDARG00000010407;ppp4r4;Ppp4r4;ppp4r4
ENSDARG00000005924;serpina10a;Serpina10;serpina10a
ENSDARG00000077377;prima1;Prima1;ENSDARG00000077377
ENSDARG00000070601;rassf5;Rassf5;RASSF5
ENSDARG00000031693;kif9;Kif9;ENSDARG00000031693
ENSDARG00000100938;hint2;Hint2;hint2
ENSDARG00000009014;col11a1b;Col11a1;col11a1b
ENSDARG00000068296;slco3a1b;Slco3a1;ENSDARG00000068296
ENSDARG00000103746;mapkbp1;Mapkbp1;mapkbp1
ENSDARG00000093440;tnfaip6;Tnfaip6;tnfaip6
ENSDARG00000074746;kcnd1;Kcnd1;kcnd1
ENSDARG00000078908;fbxo41;Fbxo41;fbxo41
ENSDARG00000062662;lmod3;Tmod3;lmod3
ENSDARG00000040009;palld;Palld;palld
ENSDARG00000032237;anapc4;Anapc4;anapc4
ENSDARG00000032114;slain2;Slain2;slain2
ENSDARG00000009131;slc10a4;Slc10a4;slc10a4
ENSDARG00000060368;syn1;Syn1;syn1
ENSDARG00000052433;inha;Inha;inha
ENSDARG00000057262;cyp27a3;Cyp27a1;si:dkey-91i10.3
ENSDARG00000076950;kel;Kel;kel
ENSDARG00000007412;slc2a1b;Slc2a1;slc2a1b
ENSDARG00000086490;sun2;Sun2;ENSDARG00000086490
ENSDARG00000093064;smim18;Smim18;SMIM18
ENSDARG00000092872;upk3b;Upk3b;upk3b
ENSDARG00000029372;rasa4;Rasa4;rasa4
ENSDARG00000078736;doc2a;Doc2a;ENSDARG00000078736
ENSDARG00000070730;gabra5;Gabra5;gabra5
ENSDARG00000071410;cks2;Cks2;cks2
ENSDARG00000062080;shc2;Shc2;shc2
ENSDARG00000015003;arhgap4b;Arhgap4;arhgap4b
ENSDARG00000078284;phkb;Phkb;phkb
ENSDARG00000068227;tmem150aa;Tmem150a;tmem150aa
ENSDARG00000060177;vcpip1;Vcpip1;vcpip1
ENSDARG00000014209;odf3l2a;Cimap1d;ENSDARG00000014209
ENSDARG00000038669;gbp2;Gbp8;gbp2
ENSDARG00000009372;diras1b;Diras1;diras1b
ENSDARG00000056057;grem2a;Grem2;grem2a
ENSDARG00000045873;frs2a;Frs2;frs2a
ENSDARG00000016630;tprb;Tpr;tprb
ENSDARG00000037324;klhl17;Klhl17;klhl17
ENSDARG00000087844;plekhn1;Plekhn1;plekhn1
ENSDARG00000056178;dpt;Dpt;dpt
ENSDARG00000059886;fam222ba;Fam222b;fam222ba
ENSDARG00000059883;trpv1;Trpv2;trpv1
ENSDARG00000051824;tmeff2a;Tmeff2;tmeff2a
ENSDARG00000016835;tcirg1a;Tcirg1;tcirg1a
ENSDARG00000062445;pias1b;Pias1;pias1b
ENSDARG00000045123;oplah;Oplah;oplah
ENSDARG00000076980;ppp1r16a;Ppp1r16a;ppp1r16a
ENSDARG00000077114;arhgef16;Arhgef16;arhgef16
ENSDARG00000077577;ntsr1;Ntsr1;ntsr1
ENSDARG00000060551;rps6ka5;Rps6ka5;rps6ka5
ENSDARG00000005800;ampd3a;Ampd3;ampd3a
ENSDARG00000045417;fam49bb;Cyrib;fam49bb
ENSDARG00000032079;acsl3a;Acsl3;acsl3a
ENSDARG00000068257;kcne4;Kcne4;kcne4
ENSDARG00000036834;krt92;Krt31;krt92
ENSDARG00000094041;krt17;Krt24;krt17
ENSDARG00000098919;smarcc1b;Smarcc1;smarcc1b
ENSDARG00000099793;cspg5b;Cspg5;cspg5b
ENSDARG00000053003;slc35f1;Slc35f1;slc35f1
ENSDARG00000052625;fkbp1b;Fkbp1b;fkbp1b
ENSDARG00000016528;wdcp;Wdcp;wdcp
ENSDARG00000030263;mfsd2b;Mfsd2b;mfsd2b
ENSDARG00000097938;asb5a;Asb5;asb5a
ENSDARG00000044718;vav2;Vav2;vav2
ENSDARG00000059553;sympk;Sympk;sympk
ENSDARG00000002991;cep135;Cep135;cep135
ENSDARG00000022730;aasdh;Aasdh;aasdh
ENSDARG00000063357;gpr45;Gpr45;GPR45
ENSDARG00000075709;ndufb3;Ndufb3;ndufb3
ENSDARG00000078058;dip2a;Dip2a;dip2a
ENSDARG00000027079;znf804a;Zfp804a;znf804a
ENSDARG00000038561;klf6b;Klf6;klf6b
ENSDARG00000012801;pfkpb;Pfkp;pfkpb
ENSDARG00000078475;klhl23;Klhl23;klhl23
ENSDARG00000035433;arpc5lb;Arpc5l;arpc5lb
ENSDARG00000008439;atxn10;Atxn10;atxn10
ENSDARG00000090654;gak;Gak;gak
ENSDARG00000063321;rabl2;Rabl2;rabl2
ENSDARG00000053375;nptxrb;Nptxr;nptxrb
ENSDARG00000075624;bend5;Bend5;bend5
ENSDARG00000079393;tmprss15;Tmprss15;tmprss15
ENSDARG00000063718;vps72a;Vps72;vps72
ENSDARG00000094908;lingo4a;Lingo4;lingo4a
ENSDARG00000056021;sostdc1b;Sostdc1;sostdc1b
ENSDARG00000035944;sync;Sync;sync
ENSDARG00000055099;fam184b;Fam184b;fam184b
ENSDARG00000088040;mdp1;Mdp1;ENSDARG00000088040
ENSDARG00000073738;dennd2c;Dennd2c;dennd2c
ENSDARG00000060871;mctp1b;Mctp1;mctp1b
ENSDARG00000061723;tmem64;Tmem64;tmem64
ENSDARG00000060041;lig1;Lig1;lig1
ENSDARG00000099346;znf1079;Gm17067;znf1079
ENSDARG00000039458;lhx4;Lhx4;lhx4
ENSDARG00000059583;rcc1l;Rcc1l;rcc1l
ENSDARG00000088207;rce1b;Rce1;rce1b
ENSDARG00000092480;vegfbb;Vegfb;vegfbb
ENSDARG00000056065;mov10b.2;Mov10;mov10b.2
ENSDARG00000056938;kera;Kera;kera
ENSDARG00000061541;unc5db;Unc5d;unc5db
ENSDARG00000033804;snx27a;Snx27;snx27a
ENSDARG00000058649;trim46b;Trim46;trim46b
ENSDARG00000075600;cspg4bb;Cspg4b;si:dkeyp-41f9.3
ENSDARG00000067545;adam19b;Adam19;adam19b
ENSDARG00000061259;sost;Sost;sost
ENSDARG00000071288;samhd1;Samhd1;samhd1
ENSDARG00000021186;pth2rb;Pth2r;ENSDARG00000021186
ENSDARG00000073814;pax1b;Pax1;pax1b
ENSDARG00000069241;ttc32;Ttc32;ttc32
ENSDARG00000026630;mark3b;Mark3;mark3b
ENSDARG00000003069;btbd7;Btbd7;btbd7
ENSDARG00000041915;stum;Stum;stum
ENSDARG00000088967;wnk4b;Wnk4;wnk4b
ENSDARG00000054162;nfatc4;Nfatc4;nfatc4
ENSDARG00000005327;ftr66;Trim80;ftr66
ENSDARG00000038709;myadmb;Myadm;ENSDARG00000038709
ENSDARG00000005834;gatad2b;Gatad2b;gatad2b
ENSDARG00000086815;myadma;Myadm;MYADM
ENSDARG00000040246;rap2ab;Rap2a;rap2ab
ENSDARG00000020876;pdk2a;Pdk2;pdk2a
ENSDARG00000076804;ttyh1;Ttyh1;ttyh1
ENSDARG00000091198;urm1;Urm1;urm1
ENSDARG00000069186;cyp27a1.2;Cyp27a1;cyp27a1.2
ENSDARG00000055159;cyp27a1.4;Cyp27a1;cyp27a1.4
ENSDARG00000078226;cdh12a;Cdh12;cdh12a
ENSDARG00000091119;fbxo40.2;Fbxo40;fbxo40.2
ENSDARG00000075783;hmgxb4a;Hmgxb4;hmgxb4a
ENSDARG00000069302;snx9b;Snx9;snx9b
ENSDARG00000071468;mrpl54;Mrpl54;mrpl54
ENSDARG00000076960;paqr4a;Paqr4;paqr4a
ENSDARG00000104457;mpv17l;Mpv17l;ENSDARG00000104457
ENSDARG00000062235;lrrc34;Lrrc34;lrrc34
ENSDARG00000043416;tnfaip2a;Tnfaip2;tnfaip2a
ENSDARG00000068258;lrch4;Lrch4;lrch4
ENSDARG00000077075;fastk;Fastk;fastk
ENSDARG00000076174;trim2b;Trim2;trim2b
ENSDARG00000032795;pgap6;Pgap6;tmem8a
ENSDARG00000068726;masp1;Masp1;masp1
ENSDARG00000027472;gphb5;Gphb5;gphb5
ENSDARG00000100192;znf1155;Zfp82;znf1155
ENSDARG00000045275;klhl14;Klhl14;klhl14
ENSDARG00000041982;adamts6;Adamts6;adamts6
ENSDARG00000052468;gsk3bb;Gsk3b;GSK3B
ENSDARG00000036008;caly;Caly;caly
ENSDARG00000007198;mta1;Mta1;mta1
ENSDARG00000045064;ablim1b;Ablim1;ablim1b
ENSDARG00000086091;kcnn4;Kcnn4;kcnn4
ENSDARG00000060707;pex11a;Pex11a;pex11a
ENSDARG00000013838;sulf2b;Sulf2;sulf2b
ENSDARG00000096226;znf1072;Gm14418;znf1072
ENSDARG00000091951;nuggc.2;Nuggc;si:dkeyp-85e10.2
ENSDARG00000045493;slc35e3;Slc35e3;slc35e3
ENSDARG00000061486;dnah10;Dnah10;DNAH10
ENSDARG00000061468;ncaph;Ncaph;ncaph
ENSDARG00000014103;dkk1a;Dkk1;dkk1a
ENSDARG00000043410;xkr6b;Xkr6;xkr6b
ENSDARG00000060716;prkx;Prkx;prkx
ENSDARG00000002016;ppil2;Ppil2;ppil2
ENSDARG00000019692;colq;Colq;colq
ENSDARG00000043095;kctd6a;Kctd6;kctd6a
ENSDARG00000076484;stab1;Stab1;stab1
ENSDARG00000061446;smap2;Smap2;smap2
ENSDARG00000024575;kif26bb;Kif26b;kif26bb
ENSDARG00000004055;bltp3b;Bltp3b;uhrf1bp1l
ENSDARG00000016084;spsb4a;Spsb4;spsb4a
ENSDARG00000019142;fam185a;Fam185a;fam185a
ENSDARG00000041702;rfx6;Rfx6;rfx6
ENSDARG00000019383;cdc42bpb;Cdc42bpb;cdc42bpb
ENSDARG00000102056;svild;Svil;si:dkeyp-94b4.1
ENSDARG00000057206;nmt1b;Nmt1;nmt1b
ENSDARG00000079124;mterf4;Mterf4;ENSDARG00000079124
ENSDARG00000058533;pole;Pole;pole
ENSDARG00000073756;slc12a7a;Slc12a7;slc12a7a
ENSDARG00000022668;grapb;Grap;grapb
ENSDARG00000029720;ifi44a1;Ifi44l;si:dkeyp-9d4.2
ENSDARG00000074212;slc5a10;Slc5a10;SLC5A10
ENSDARG00000054220;ap4s1;Ap4s1;ap4s1
ENSDARG00000009881;ier5;Ier5;ier5
ENSDARG00000054213;hectd1;Hectd1;hectd1
ENSDARG00000041887;sf3a1;Sf3a1;sf3a1
ENSDARG00000095046;pold2;Pold2;pold2
ENSDARG00000056481;vat1;Vat1;vat1
ENSDARG00000000476;pms1;Pms1;pms1
ENSDARG00000010962;fkbp7;Fkbp7;fkbp7
ENSDARG00000000086;itsn1;Itsn1;itsn1
ENSDARG00000000729;daxx;Daxx;daxx
ENSDARG00000035066;ubtf;Ubtf;ubtf
ENSDARG00000022698;lad1;Lad1;lad1
ENSDARG00000026990;klhl6;Klhl6;klhl6
ENSDARG00000037000;fkbp11;Fkbp11;fkbp11
ENSDARG00000024032;coch;Coch;coch
ENSDARG00000000472;cntn2;Cntn2;cntn2
ENSDARG00000034718;tfpia;Tfpi;tfpia
ENSDARG00000000651;osgepl1;Osgepl1;osgepl1
ENSDARG00000029133;tubgcp3;Tubgcp3;tubgcp3
ENSDARG00000052641;kpna3;Kpna3;kpna3
ENSDARG00000036636;ebpl;Ebpl;ebpl
ENSDARG00000104023;mag;Mag;mag
ENSDARG00000033760;pmelb;Pmel;pmelb
ENSDARG00000023316;sim1a;Sim1;sim1a
ENSDARG00000016156;fam53b;Fam53b;fam53b
ENSDARG00000079716;sin3aa;Sin3a;sin3aa
ENSDARG00000015638;gemin2;Gemin2;gemin2
ENSDARG00000078416;zeb2b;Zeb2;zeb2b
ENSDARG00000036147;ano5b;Ano5;ano5b
ENSDARG00000076995;sharpin;Sharpin;sharpin
ENSDARG00000103137;rmi2;Rmi2;rmi2
ENSDARG00000056036;stxbp1b;Stxbp1;stxbp1b
ENSDARG00000046007;tmcc2;Tmcc2;tmcc2
ENSDARG00000000229;usp49;Usp49;usp49
ENSDARG00000016337;lctlb;Lctl;lctlb
ENSDARG00000045983;zbtb43;Zbtb43;zbtb43
ENSDARG00000014675;efna3a;Efna3;efna3a
ENSDARG00000078434;znf692;Zfp692;znf692
ENSDARG00000095002;tnnc2.1;Tnnc2;ENSDARG00000095002
ENSDARG00000054201;rnf40;Rnf40;rnf40
ENSDARG00000061424;znf646;Zfp646;znf646
ENSDARG00000056855;gatc;Gatc;si:rp71-1c23.3
ENSDARG00000091576;tmem216;Tmem216;TMEM216
ENSDARG00000058370;ropn1l;Ropn1l;ropn1l
ENSDARG00000058357;ankrd33ba;Ankrd33b;ankrd33ba
ENSDARG00000007425;apol1;Apol7c;apol1
ENSDARG00000023185;apold1a;Apold1;si:rp71-1g18.13
ENSDARG00000023181;pcp4l1;Pcp4l1;pcp4l1
ENSDARG00000058601;gdap1;Gdap1;gdap1
ENSDARG00000068157;ehmt1a;Ehmt1;ehmt1a
ENSDARG00000044627;alg8;Alg8;alg8
ENSDARG00000044626;ccdc90b;Ccdc90b;ccdc90b
ENSDARG00000044622;polq;Polq;polq
ENSDARG00000000349;cfap300;Cfap300;si:rp71-1p14.7
ENSDARG00000056625;trpc6a;Trpc6;trpc6a
ENSDARG00000008224;vps35;Vps35;vps35
ENSDARG00000035942;hrh3;Hrh3;hrh3
ENSDARG00000089824;lpar4;Lpar4;lpar4
ENSDARG00000091306;kcnn1a;Kcnn1;kcnn1a
ENSDARG00000097920;tex36;Tex36;tex36
ENSDARG00000070403;ntaq1;Ntaq1;wdyhv1
ENSDARG00000035679;psma2b;Psma2;si:rp71-45k5.4
ENSDARG00000060926;rnf19b;Rnf19b;rnf19b
ENSDARG00000043299;nmu;Nmu;nmu
ENSDARG00000007370;dysf;Dysf;dysf
ENSDARG00000068982;jhy;Jhy;si:rp71-56i13.6
ENSDARG00000024847;col5a2b;Col5a2;col5a2b
ENSDARG00000061304;ppp1r9a;Ppp1r9a;ppp1r9a
ENSDARG00000054848;pdk4;Pdk4;pdk4
ENSDARG00000038956;fdx1b;Fdx1;fdx1b
ENSDARG00000069926;hsd3b1;Hsd3b1;hsd3b1
ENSDARG00000019341;gpc1a;Gpc1;gpc1a
ENSDARG00000037906;alkbh7;Alkbh7;alkbh7
ENSDARG00000016011;gpcpd1;Gpcpd1;gpcpd1
ENSDARG00000075033;gtpbp8;Gtpbp8;GTPBP8
ENSDARG00000100232;glis2b;Glis2;glis2b
ENSDARG00000070440;atp6v1c2;Atp6v1c2;atp6v1c2
ENSDARG00000026473;six1b;Six1;six1b
ENSDARG00000039304;six1a;Six1;six1a
ENSDARG00000058004;six2a;Six2;six2a
ENSDARG00000068406;six5;Six5;six5
ENSDARG00000079078;si:ch211-5k11.8;Hba-x;ENSDARG00000079078
ENSDARG00000000551;slc1a4;Slc1a4;slc1a4
ENSDARG00000007989;nedd8;Nedd8;nedd8
ENSDARG00000054300;dhrs1;Dhrs1;dhrs1
ENSDARG00000023267;atad1a;Atad1;atad1a
ENSDARG00000051955;brms1;Brms1;brms1
ENSDARG00000028396;fkbp5;Fkbp5;fkbp5
ENSDARG00000078657;fndc10;Fndc10;FNDC10
ENSDARG00000069111;ikzf2;Ikzf2;IKZF2
ENSDARG00000063018;fam78ba;Fam78b;fam78ba
ENSDARG00000101873;dtwd2;Dtwd2;dtwd2
ENSDARG00000078520;ikbip;Ikbip;zgc:113921
ENSDARG00000078348;tcf20;Zfp957;tcf20
ENSDARG00000039453;dhrs7ca;Dhrs7c;dhrs7ca
ENSDARG00000076900;prozb;Proz;prozb
ENSDARG00000038475;acy1;Acy1;acy1
ENSDARG00000038683;mfap4.12;Mfap4;MFAP4
ENSDARG00000088745;mfap4.2;Mfap4;MFAP4
ENSDARG00000093877;mfap4.8;Mfap4;MFAP4
ENSDARG00000074816;mhc2d8.37a1;H2-Oa;si:zfos-367g9.1
ENSDARG00000096920;srrm3;Srrm3;si:zfos-375h5.1
ENSDARG00000012823;dlgap4b;Dlgap4;dlgap4b
ENSDARG00000096716;hmx3b;Hmx3;hmx3b
ENSDARG00000013128;pdk1;Pdk1;pdk1
ENSDARG00000031698;mylk2;Mylk2;mylk2
ENSDARG00000053240;kif6;Kif6;kif6
ENSDARG00000063614;skor2;Skor2;zgc:153395
ENSDARG00000003151;skp1;Skp1;skp1
ENSDARG00000054340;sla1a;Sla;sla1
ENSDARG00000020788;sla2b;Sla2;sla2
ENSDARG00000033861;sepsecs;Sepsecs;sepsecs
ENSDARG00000030472;slc16a5a;Slc16a5;slc16a5a
ENSDARG00000104687;slc16a9b;Slc16a9;slc16a9b
ENSDARG00000001127;slc17a6a;Slc17a6;slc17a6a
ENSDARG00000016480;slc17a7a;Slc17a7;slc17a7a
ENSDARG00000025074;slc25a10b;Slc25a10;slc25a10
ENSDARG00000010572;slc25a25a;Slc25a25;slc25a25a
ENSDARG00000025566;slc25a3b;Slc25a3;slc25a3b
ENSDARG00000027424;slc25a3a;Slc25a3;slc25a3a
ENSDARG00000059923;slc25a47a;Slc25a47;slc25a47a
ENSDARG00000054127;slc26a6l1;Slc26a6;slc26a6l
ENSDARG00000101289;slc29a1a;Slc29a1;slc29a1a
ENSDARG00000059690;slc29a4a;Slc29a4;slc29a4
ENSDARG00000076899;slc2a13b;Slc2a13;slc2a13b
ENSDARG00000005463;slc30a1a;Slc30a1;slc30a1a
ENSDARG00000011973;slc35d1a;Slc35d1;slc35d1a
ENSDARG00000075909;slc35f3a;Slc35f3;slc35f3a
ENSDARG00000014587;slc38a5b;Slc38a5;slc38a5b
ENSDARG00000009482;slc38a8a;Slc38a8;slc38a8a
ENSDARG00000073881;slc41a2b;Slc41a2;slc41a2b
ENSDARG00000077326;slc45a4b;Slc45a4;slc45a4
ENSDARG00000063133;slc4a10a;Slc4a10;slc4a10a
ENSDARG00000042737;slc52a3-1;Slc52a3;slc52a3
ENSDARG00000014599;slc5a6b;Slc5a6;slc5a6b
ENSDARG00000056719;slc6a19b;Slc6a19;slc6a19b
ENSDARG00000018621;slc6a19a.1;Slc6a19;slc6a19a.1
ENSDARG00000008100;slc7a10a;Slc7a10;slc7a10a
ENSDARG00000020645;slc7a3a;AU018091;slc7a3a
ENSDARG00000010591;foxn4;Foxn4;foxn4
ENSDARG00000102578;mif4gdb;Mif4gd;mif4gdb
ENSDARG00000078123;slitrk3a;Slitrk3;slitrk3a
ENSDARG00000020764;slmapb;Slmap;slmapb
ENSDARG00000055288;prelid3a;Prelid3a;prelid3a
ENSDARG00000075436;sytl2b;Sytl2;sytl2b
ENSDARG00000045408;tagln;Tagln;tagln
ENSDARG00000045180;acta2;Acta2;acta2
ENSDARG00000026053;hltf;Hltf;hltf
ENSDARG00000014041;smarcad1a;Smarcad1;smarcad1a
ENSDARG00000017397;smarcc1a;Smarcc1;smarcc1a
ENSDARG00000019969;smarcd3b;Smarcd3;smarcd3b
ENSDARG00000045560;mybpc1;Mybpc1;mybpc1
ENSDARG00000015803;smcr8b;Smcr8;smcr8b
ENSDARG00000103415;ppp4r3b;Ppp4r3c1;ENSDARG00000103415
ENSDARG00000002538;smu1a;Smu1;smu1a
ENSDARG00000060983;smyd4;Smyd4;smyd4
ENSDARG00000046019;snai1b;Snai1;snai1b
ENSDARG00000044246;snx18b;Snx18;snx18b
ENSDARG00000058117;snap25b;Snap25;snap25b
ENSDARG00000029569;snapc1a;Snapc1;snapc1a
ENSDARG00000062315;sik2b;Sik2;sik2b
ENSDARG00000071062;hps5;Hps5;hps5
ENSDARG00000070832;snrka;Snrk;snrka
ENSDARG00000017665;snrkb;Snrk;snrkb
ENSDARG00000077126;snrnp70;Snrnp70;snrnp70
ENSDARG00000105037;snrpf;Snrpf;snrpf
ENSDARG00000016977;snx27b;Snx27;snx27b
ENSDARG00000056374;noxo1b;Noxo1;noxo1b
ENSDARG00000038095;socs1a;Socs1;socs1a
ENSDARG00000078509;socs4;Socs4;socs4
ENSDARG00000100717;socs5a;Socs5;socs5a
ENSDARG00000015863;socs6b;Socs6;socs6b
ENSDARG00000016773;cishb;Cish;cishb
ENSDARG00000021343;wsb1;Wsb1;wsb1
ENSDARG00000019342;chrnd;Chrnd;chrnd
ENSDARG00000070222;fam43b;Fam43b;fam43b
ENSDARG00000056252;sort1b;Sort1;sort1b
ENSDARG00000029402;sort1a;Sort1;sort1a
ENSDARG00000042630;hebp2;Hebp2;hebp2
ENSDARG00000031664;sox21a;Sox21;sox21a
ENSDARG00000004588;sox4a;Sox4;sox4a
ENSDARG00000037782;sox8b;Sox8;sox8b
ENSDARG00000001549;sp3a;Sp3;sp3a
ENSDARG00000104282;dcc;Dcc;CABZ01088906.1
ENSDARG00000074989;sparcl1;Sparcl1;sparcl1
ENSDARG00000101543;washc5;Washc5;strumpellin
ENSDARG00000040131;zfyve26;Zfyve26;zfyve26
ENSDARG00000061763;afg2b;Afg2b;spata5l1
ENSDARG00000045968;spg11;Spg11;spg11
ENSDARG00000006782;rb1;Rb1;rb1
ENSDARG00000023724;cdc42se1;Cdc42se1;cdc42se1
ENSDARG00000056235;smndc1;Smndc1;smndc1
ENSDARG00000068782;sparta;Spart;spg20a
ENSDARG00000103457;spartb;Spart;spg20b
ENSDARG00000024933;spast;Spast;spast
ENSDARG00000067797;spi1a;Spi1;spi1a
ENSDARG00000061375;sgpl1;Sgpl1;sgpl1
ENSDARG00000010563;spopla;Spopl;spopla
ENSDARG00000079608;sgpp2;Sgpp2;SGPP2
ENSDARG00000103985;spry1;Spry1;spry1
ENSDARG00000018976;sptlc2a;Sptlc2;sptlc2a
ENSDARG00000068701;gpr85;Gpr85;gpr85
ENSDARG00000042922;gpr173;Gpr173;gpr173
ENSDARG00000067607;srebf1;Srebf1;srebf1
ENSDARG00000103187;syce2;Syce2;syce2
ENSDARG00000032161;srgap2;Srgap2;srgap2
ENSDARG00000073997;srpk1a;Srpk1;srpk1a
ENSDARG00000033161;sst1.2;Sst;sst1.2
ENSDARG00000095908;sat1a.2;Sat1;sat1a.2
ENSDARG00000039521;ssx2ipa;Ssx2ip;ssx2ipa
ENSDARG00000088440;ssh2a;Ssh2;ssh2a
ENSDARG00000037397;ssrp1a;Ssrp1;ssrp1a
ENSDARG00000069109;znrd2;Znrd2;sssca1
ENSDARG00000037539;tnnc1b;Tnnc1;tnnc1b
ENSDARG00000104922;sstr1a;Sstr1;sstr1a
ENSDARG00000039335;st6gal2a;St6gal2;st6gal2a
ENSDARG00000088515;st6gal2b;St6gal2;st6gal2b
ENSDARG00000057433;st6galnac5b;St6galnac5;st6galnac5b
ENSDARG00000054211;st8sia7.1;St8sia6;st8sia7.1
ENSDARG00000041581;znf143b;Zfp143;znf143b
ENSDARG00000054501;stambpa;Stambp;stambpa
ENSDARG00000080006;tmem41b;Tmem41b;tmem41b
ENSDARG00000006266;stat1a;Stat1;stat1a
ENSDARG00000055588;stat5b;Stat5b;stat5b
ENSDARG00000004305;vangl1;Vangl1;vangl1
ENSDARG00000027397;vangl2;Vangl2;vangl2
ENSDARG00000058476;stc1l;Stc1;stc1l
ENSDARG00000063078;abcg5;Abcg5;abcg5
ENSDARG00000063059;abcg8;Abcg8;abcg8
ENSDARG00000001776;stim2b;Stim2;stim2b
ENSDARG00000004576;plk4;Plk4;plk4
ENSDARG00000023878;stk24b;Stk24;stk24b
ENSDARG00000039022;stk25b;Stk25;stk25b
ENSDARG00000002210;stk25a;Stk25;stk25a
ENSDARG00000079914;stoml3a;Stoml3;stoml3a
ENSDARG00000001880;stx3b;Stx3;stx3a
ENSDARG00000041947;styk1b;Styk1;styk1
ENSDARG00000086159;si:ch73-206d17.1;Styk1;si:ch73-206d17.1
ENSDARG00000052712;suclg1;Suclg1;suclg1
ENSDARG00000052091;rbpjb;Rbpj;rbpjb
ENSDARG00000018423;sulf2a;Sulf2;sulf2a
ENSDARG00000102741;sumo2b;Sumo2;sumo2b
ENSDARG00000014148;med22;Med22;med22
ENSDARG00000075621;birc5a;Birc5;birc5a
ENSDARG00000055655;birc5b;Birc5;birc5b
ENSDARG00000041081;kmt5b;Kmt5b;suv420h1
ENSDARG00000075461;kmt5c;Kmt5c;suv420h2
ENSDARG00000070256;suz12a;Suz12;suz12a
ENSDARG00000060711;sv2bb;Sv2b;sv2bb
ENSDARG00000045677;opn1sw1;Opn1sw;opn1sw1
ENSDARG00000013438;sycp3;Gm773;sycp3
ENSDARG00000045945;syn2a;Syn2;syn2a
ENSDARG00000002564;syngr1a;Syngr1;syngr1a
ENSDARG00000014871;syngr3a;Syngr3;syngr3a
ENSDARG00000042974;sypa;Syp;sypa
ENSDARG00000055307;sypl2a;Sypl2;sypl2a
ENSDARG00000030614;syt1a;Syt1;syt1a
ENSDARG00000037941;syt5a;Syt5;syt5a
ENSDARG00000053135;tas1r2.1;Tas1r2;tas1r2.1
ENSDARG00000074066;tas2r200.2;Tas2r110;tas2r200.2
ENSDARG00000079880;tas2r200.1;Tas2r140;tas2r200.1
ENSDARG00000097596;tac3b;Tac2;tac3b
ENSDARG00000026806;taf8;Taf8;taf8
ENSDARG00000077650;tnksa;Tnks;tnksa
ENSDARG00000069603;taok1a;Taok1;taok1a
ENSDARG00000018840;trpc4apa;Trpc4ap;trpc4apa
ENSDARG00000079402;tapbp.1;Tapbp;tapbp.1
ENSDARG00000004452;tardbpa;Tardbp;tardbpl
ENSDARG00000040031;tardbpb;Tardbp;tardbp
ENSDARG00000013250;tars1;Tars1;tars
ENSDARG00000023587;kcnk5a;Kcnk5;kcnk5a
ENSDARG00000004774;wdr36;Wdr36;wdr36
ENSDARG00000056856;tax1bp1b;Tax1bp1;tax1bp1b
ENSDARG00000067719;wwtr1;Wwtr1;wwtr1
ENSDARG00000041421;tafazzin;Tafazzin;taz
ENSDARG00000004473;tbx21;Tbx21;tbx21
ENSDARG00000008966;tbl1xr1b;Tbl1xr1;tbl1xr1b
ENSDARG00000097302;tbpl2;Tbpl2;tbpl2
ENSDARG00000004712;tbr1b;Tbr1;tbr1b
ENSDARG00000002216;tbx3a;Tbx3;tbx3a
ENSDARG00000018025;tbx2a;Tbx2;tbx2a
ENSDARG00000045355;eloca;Eloc;tceb1a
ENSDARG00000079957;eloal;Eloa;tceb3l
ENSDARG00000100887;si:dkey-11f4.20;Cd2;si:dkey-11f4.20
ENSDARG00000098822;tcerg1a;Tcerg1;tcerg1a
ENSDARG00000077092;elk4;Elk4;elk4
ENSDARG00000099999;tcf3b;Tcf3;tcf3b
ENSDARG00000007369;tcf7l1b;Tcf7l1;tcf7l1b
ENSDARG00000004415;tcf7l2;Tcf7l2;tcf7l2
ENSDARG00000104517;uqcr10;Uqcr10;uqcr10
ENSDARG00000045399;cct5;Cct5;cct5
ENSDARG00000015752;zap70;Zap70;zap70
ENSDARG00000046132;dynlt3;Dynlt3;dynlt3
ENSDARG00000103545;dynlt5;Dynlt5;tctex1d1
ENSDARG00000009106;serinc1;Serinc1;serinc1
ENSDARG00000013004;tdg.1;Tdg;tdg.1
ENSDARG00000035954;tdp2b;Tdp2;tdp2b
ENSDARG00000053474;tdrkh;Tdrkh;tdrkh
ENSDARG00000104792;dntt;Dntt;dntt
ENSDARG00000028159;tead1a;Tead1;tead1a
ENSDARG00000063649;tead3b;Tead3;tead3b
ENSDARG00000056075;rca2.1;Cr1l;rca2.1
ENSDARG00000039117;tefa;Tef;tefa
ENSDARG00000098103;tefb;Tef;tefb
ENSDARG00000089434;etv7;Etv6;etv7
ENSDARG00000004714;tcf12;Tcf12;tcf12
ENSDARG00000099124;f3a;F3;f3a
ENSDARG00000005673;f3b;F3;f3b
ENSDARG00000019293;tfdp1a;Tfdp1;tfdp1a
ENSDARG00000101407;tgm1l4;Tgm1;tgm1l4
ENSDARG00000070157;tgm2a;Tgm2;tgm2a
ENSDARG00000027087;tgfb2;Tgfb2;tgfb2
ENSDARG00000019367;tgfb3;Tgfb3;tgfb3
ENSDARG00000030621;th;Th;th
ENSDARG00000021097;nelfcd;Nelfcd;nelfcd
ENSDARG00000060410;thbs2a;Thbs2;thbs2a
ENSDARG00000077641;thbs3a;Thbs3;thbs3a
ENSDARG00000020072;thbs4b;Thbs4;thbs4b
ENSDARG00000077732;alyref;Alyreffm1;alyref
ENSDARG00000019233;nln;Nln;nln
ENSDARG00000021891;zbtb7b;Zbtb7b;zbtb7b
ENSDARG00000101115;med30;Med30;med30
ENSDARG00000078430;tiam1a;Tiam1;tiam1a
ENSDARG00000028663;tek;Tek;tek
ENSDARG00000103350;trim24;Trim24;trim24
ENSDARG00000038867;shhb;Shh;shhb
ENSDARG00000100795;timp4.3;Timp4;timp4.3
ENSDARG00000075261;timp2b;Timp2;timp2b
ENSDARG00000054473;tinf2;Tinf2;tinf2
ENSDARG00000022951;pth2;Pth2;pth2
ENSDARG00000100649;tlr1;Tlr6;tlr1
ENSDARG00000037758;tlr2;Tlr2;tlr2
ENSDARG00000058045;tlr21;Tlr13;tlr21
ENSDARG00000019742;tlr4ba;Tlr4;tlr4ba
ENSDARG00000022048;tlr4bb;Tlr4;tlr4bb
ENSDARG00000044415;tlr5a;Tlr5;tlr5a
ENSDARG00000073675;tlr8b;Tlr8;tlr8b
ENSDARG00000019774;zhx3b;Zhx3;zhx3
ENSDARG00000063309;tjp2a;Tjp2;tjp2a
ENSDARG00000036868;tbpl1;Tbpl1;tbpl1
ENSDARG00000088701;tlr20.2;Tlr11;tlr20.4
ENSDARG00000075671;tlr4al;Tlr4;tlr4al
ENSDARG00000017615;tlx3b;Tlx3;tlx3b
ENSDARG00000032389;tspan12;Tspan12;tspan12
ENSDARG00000015759;tspan6;Tspan6;tspan7
ENSDARG00000008407;tspan7;Tspan7;tspan7b
ENSDARG00000058323;tmbim1a;Tmbim1;tmbim1a
ENSDARG00000076747;tmcc1a;Tmcc1;TMCC1
ENSDARG00000013694;stimate;Stimate;tmem110
ENSDARG00000030914;tmem120aa;Tmem120a;tmem120a
ENSDARG00000035163;tlcd5b;Tlcd5;tmem136b
ENSDARG00000090543;tmem138;Tmem138;tmem138
ENSDARG00000060034;tmem151ba;Tmem151b;tmem151ba
ENSDARG00000035914;tmem167a;Tmem167;tmem167a
ENSDARG00000027131;tmem169a;Tmem169;tmem169a
ENSDARG00000020758;tmem178a;Tmem178;tmem178
ENSDARG00000013292;tmem179aa;Tmem179;tmem179
ENSDARG00000009214;mfsd13a;Mfsd13a;mfsd13a
ENSDARG00000040374;tmem182a;Tmem182;tmem182a
ENSDARG00000036064;cnep1r1;Cnep1r1;cnep1r1
ENSDARG00000042732;peds1;Peds1;tmem189
ENSDARG00000025595;agmo;Agmo;agmo
ENSDARG00000101172;tmem200ca;Tmem200c;TMEM200C
ENSDARG00000012271;pacc1;Pacc1;tmem206
ENSDARG00000019312;rab39ba;Rab39b;rab39ba
ENSDARG00000061066;c2cd2l;C2cd2l;c2cd2l
ENSDARG00000061553;pgap4;Pgap4;tmem246
ENSDARG00000030236;tmem30aa;Tmem30a;tmem30aa
ENSDARG00000010553;mmgt1;Mmgt1;mmgt1
ENSDARG00000007207;cnpy2;Cnpy2;cnpy2
ENSDARG00000070028;tmem41aa;Tmem41a;tmem41aa
ENSDARG00000021120;ndc1;Ndc1;ndc1
ENSDARG00000012450;vmp1;Vmp1;vmp1
ENSDARG00000063414;rxylt1;Rxylt1;tmem5
ENSDARG00000098451;tlcd4a;Tlcd4;tmem56a
ENSDARG00000005625;maco1a;Maco1;tmem57a
ENSDARG00000012741;maco1b;Maco1;tmem57b
ENSDARG00000070452;saraf;Saraf;saraf
ENSDARG00000039268;emc4;Emc4;emc4
ENSDARG00000035282;emc6;Emc6;emc6
ENSDARG00000089399;tmem176l.2;Tmem176a;tmem176l.2
ENSDARG00000103117;tmprss4a;Tmprss4;tmprss4a
ENSDARG00000038894;tmx3a;Tmx3;tmx3
ENSDARG00000009511;tnfa;Tnf;tnfa
ENSDARG00000046148;tnfaip8l2b;Tnfaip8l2;tnfaip8l2b
ENSDARG00000018569;tnfrsf1a;Tnfrsf1a;tnfrsf1a
ENSDARG00000093048;si:ch211-158d24.4;Tnfsf15;si:ch211-158d24.4
ENSDARG00000035987;psmg2;Psmg2;psmg2
ENSDARG00000052708;tnni1b;Tnni1;tnni1b
ENSDARG00000030270;tnnt3a;Tnnt3;tnnt3a
ENSDARG00000032619;tob1a;Tob1;tob1a
ENSDARG00000021372;tob1b;Tob1;tob1b
ENSDARG00000029639;tomm70a;Tomm70a;tomm70a
ENSDARG00000103566;tomm20b;Tomm20;tomm20b
ENSDARG00000070545;top1a;Top1;top1l
ENSDARG00000013655;tpd52l2b;Tpd52l2;tpd52l2b
ENSDARG00000029432;tph1a;Tph1;tph1a
ENSDARG00000036082;tph1b;Tph1;tph1b
ENSDARG00000057239;tph2;Tph2;tph2
ENSDARG00000087402;tpm1;Tpm3;ENSDARG00000087402
ENSDARG00000023963;tpm4a;Tpm4;tpm4a
ENSDARG00000019128;tpm4b;Tpm4;tpm4b
ENSDARG00000079158;thpo;Thpo;thpo
ENSDARG00000078055;acd;Acd;acd
ENSDARG00000035338;tppp2;Tppp2;tppp2
ENSDARG00000017910;pdss1;Pdss1;pdss1
ENSDARG00000063190;zranb1b;Zranb1;zranb1b
ENSDARG00000038964;traf4b;Traf4;traf4b
ENSDARG00000003963;traf4a;Traf4;traf4a
ENSDARG00000005230;ssr2;Ssr2;ssr2
ENSDARG00000046006;med20;Med20;med20
ENSDARG00000031387;cers4a;Cers4;cers4a
ENSDARG00000102493;ticam1;Ticam1;ticam1
ENSDARG00000034871;mid2;Mid2;mid2
ENSDARG00000031817;trim2a;Trim2;trim2a
ENSDARG00000051965;btr01;Trim41;btr01
ENSDARG00000035009;trim35-27;Trim35;trim35-27
ENSDARG00000077098;trim65;Trim65;trim65
ENSDARG00000060901;trim62.1;Trim62;trim62
ENSDARG00000004586;ntrk1;Ntrk1;ntrk1
ENSDARG00000101323;trnau1apa;Trnau1ap;trnau1apa
ENSDARG00000045592;tnni2a.1;Tnni2;tnni2a.1
ENSDARG00000005841;tnni2a.2;Tnni2;tnni2a.2
ENSDARG00000013752;tnni2a.3;Tnni2;tnni2a.3
ENSDARG00000035958;tnni2b.1;Tnni2;tnni2b.1
ENSDARG00000029995;tnni2b.2;Tnni2;tnni2b.2
ENSDARG00000089225;ro60;Ro60;trove2
ENSDARG00000006008;dct;Dct;dct
ENSDARG00000069430;tp53i11a;Trp53i11;tp53i11a
ENSDARG00000016699;trpa1a;Trpa1;trpa1a
ENSDARG00000031875;trpa1b;Trpa1;trpa1b
ENSDARG00000003344;trpc2b;Trpc2;trpc2b
ENSDARG00000102017;trpc4b;Trpc4;trpc4b
ENSDARG00000070504;trpc5a;Trpc5;trpc5a
ENSDARG00000011259;trpm1a;Trpm1;trpm1a
ENSDARG00000103476;trpm1b;Trpm1;trpm1b
ENSDARG00000063435;trpm4b.2;Trpm4;trpm4b.2
ENSDARG00000042993;prss1;Prss3b;try
ENSDARG00000017314;cela1.6;Cela1;ENSDARG00000017314
ENSDARG00000043157;dnajb13;Dnajb13;dnajb13
ENSDARG00000040854;tsg101a;Tsg101;tsg101a
ENSDARG00000038500;cep41;Cep41;cep41
ENSDARG00000033726;tshba;Tshb;tshba
ENSDARG00000103361;tshz3b;Tshz3;tshz3b
ENSDARG00000070479;tspan13b;Tspan13;tspan13b
ENSDARG00000004497;tspan33a;Tspan33;tspan33a
ENSDARG00000103951;tspan34a;Tspan1;FO834808.2
ENSDARG00000025757;tspan34b;Tspan1;tspan35
ENSDARG00000086033;tspan5a;Tspan5;tspan5a
ENSDARG00000043417;eipr1;Eipr1;eipr1
ENSDARG00000056138;sf3b1;Sf3b1;sf3b1
ENSDARG00000005670;ttbk2a;Ttbk2;ttbk2a
ENSDARG00000060101;trappc12;Trappc12;trappc12
ENSDARG00000058140;odad4;Odad4;ttc25
ENSDARG00000003308;emc2;Emc2;emc2
ENSDARG00000074314;skic3;Skic3;ttc37
ENSDARG00000095019;lmo2;Lmo2;lmo2
ENSDARG00000074121;dnmbp;Dnmbp;dnmbp
ENSDARG00000055216;tuba1c;Tuba1b;tuba1c
ENSDARG00000001889;tuba1a;Tuba1a;tuba1a
ENSDARG00000039522;tubb2;Tubb2b;tubb2
ENSDARG00000015610;tubg1;Tubg2;tubg1
ENSDARG00000076155;mtpap;Mtpap;mtpap
ENSDARG00000069376;tnfsf12;Tnfsf12;tnfsf12
ENSDARG00000030402;twist1a;Twist1;twist1a
ENSDARG00000076010;twist1b;Twist1;twist1b
ENSDARG00000024416;polr1f;Polr1f;twistnb
ENSDARG00000044125;txnb;Txn1;txn
ENSDARG00000019487;tmx1;Tmx1;tmx1
ENSDARG00000019008;erp44;Erp44;erp44
ENSDARG00000070000;txnipb;Txnip;txnipb
ENSDARG00000052103;dtymk;Dtymk;dtymk
ENSDARG00000057321;tut1;Tut1;tut1
ENSDARG00000038976;ubap1lb;Ubap1l;pdcd7
ENSDARG00000088318;ubap2a;Ubap2;ubap2a
ENSDARG00000045877;ube2nb;Ube2n;ube2nb
ENSDARG00000007438;ube2ib;Ube2i;ube2ib
ENSDARG00000008748;ube2na;Ube2n;ube2na
ENSDARG00000057987;uba3;Uba3;uba3
ENSDARG00000026178;ube3d;Ube3d;ube3d
ENSDARG00000038576;ube2d1b;Ube2d1;ube2d1b
ENSDARG00000099749;ube2d2l;Ube2d3;ube2d2l
ENSDARG00000015292;ube2g1a;Ube2g1;ube2g1a
ENSDARG00000052649;ube2ia;Ube2i;ube2ia
ENSDARG00000027141;ube2l3b;Ube2l3;ube2l3b
ENSDARG00000043857;ufm1;Ufm1;ufm1
ENSDARG00000021556;ubl3b;Ubl3;ubl3b
ENSDARG00000040286;ubl7b;Ubl7;ubl7b
ENSDARG00000063062;ubn2a;Ubn2;ubn2a
ENSDARG00000007382;ubtd1a;Ubtd1;ubtd1a
ENSDARG00000003087;ubxn6;Ubxn6;ubxn6
ENSDARG00000100597;ubxn4;Ubxn4;ubxn4
ENSDARG00000091209;ucp3;Ucp3;ucp3
ENSDARG00000042873;slc25a27;Slc25a27;slc25a27
ENSDARG00000026680;slc25a14;Slc25a14;slc25a14
ENSDARG00000037017;ube4b;Ube4b;ube4b
ENSDARG00000053854;uts2a;Uts2;uts2a
ENSDARG00000017340;uts2b;Uts2;uts2b
ENSDARG00000006074;uck2a;Uck2;uck2a
ENSDARG00000042527;unga;Ung;unga
ENSDARG00000038991;nsfb;Nsf;nsfb
ENSDARG00000061248;xylt1;Xylt1;xylt1
ENSDARG00000015314;zc4h2;Zc4h2;zc4h2
ENSDARG00000034624;nuf2;Nuf2;nuf2
ENSDARG00000006288;prdm5;Prdm5;prdm5
ENSDARG00000040278;klhl38b;Klhl38;klhl38b
ENSDARG00000079317;dlc1;Dlc1;dlc1
ENSDARG00000074583;grid1a;Grid1;grid1a
ENSDARG00000045331;pkp4;Pkp4;pkp4
ENSDARG00000059083;ppp2r5ca;Ppp2r5c;ppp2r5ca
ENSDARG00000078854;tusc3;Tusc3;tusc3
ENSDARG00000077782;acer2;Acer2;acer2
ENSDARG00000036094;pias1a;Pias1;pias1a
ENSDARG00000102766;dennd4c;Dennd4c;dennd4c
ENSDARG00000078703;unm_hu7910;Asph;unm_hu7910
ENSDARG00000104235;myo5c;Myo5c;myo5c
ENSDARG00000067517;ccdc15;Ccdc15;ccdc15
ENSDARG00000037861;slc2a3b;Slc2a3;slc2a3b
ENSDARG00000056781;zanl;Zan;zanl
ENSDARG00000053311;tespa1;Tespa1;tespa1
ENSDARG00000037020;kif1b;Kif1b;kif1b
ENSDARG00000055226;slc7a7;Slc7a7;slc7a7
ENSDARG00000090664;moto;Meioc;moto
ENSDARG00000036338;vps11;Vps11;vps11
ENSDARG00000005945;sart1;Sart1;sart1
ENSDARG00000040917;cbfb;Cbfb;cbfb
ENSDARG00000036833;upp2;Upp2;upp2
ENSDARG00000068176;uqcc1;Uqcc1;uqcc1
ENSDARG00000100719;uraha;Urah;uraha
ENSDARG00000098149;uts2d;Uts2b;uts2d
ENSDARG00000014463;usf1l;Usf1;usf1l
ENSDARG00000037362;scube2;Scube2;scube2
ENSDARG00000078481;ogfod3;Ogfod3;ENSDARG00000078481
ENSDARG00000059794;kdm6al;Uty;kdm6al
ENSDARG00000098601;ora1;Vmn1r238;ora1
ENSDARG00000006356;slc18a3a;Slc18a3;slc18a3a
ENSDARG00000107527;slc18a3b;Slc18a3;slc18a3b
ENSDARG00000031283;vamp1a;Vamp1;vamp1
ENSDARG00000014373;ddx4;Ddx4;ddx4
ENSDARG00000102565;vasnb;Vasn;vasnb
ENSDARG00000019581;uso1;Uso1;uso1
ENSDARG00000031095;veph1;Veph1;veph1
ENSDARG00000061030;vezf1b;Vezf1;vezf1b
ENSDARG00000041706;vgll2a;Vgll2;vgll2a
ENSDARG00000103730;vgll4b;Vgll4;vgll4b
ENSDARG00000059775;slc32a1;Slc32a1;slc32a1
ENSDARG00000055470;cdc16;Cdc16;cdc16
ENSDARG00000040466;vil1;Vil1;vil1
ENSDARG00000059058;vipr1b;Vipr1;vipr1b
ENSDARG00000015110;slc18a2;Slc18a2;slc18a2
ENSDARG00000070674;psmd6;Psmd6;psmd6
ENSDARG00000056549;vps26a;Vps26a;vps26a
ENSDARG00000021547;vrk2;Vrk2;vrk2
ENSDARG00000053831;vtnb;Vtn;vtnb
ENSDARG00000103443;seraf;Vwde;vwde
ENSDARG00000012577;waca;Wac;waca
ENSDARG00000029768;waplb;Wapl;waplb
ENSDARG00000026350;wasb;Was;wasb
ENSDARG00000062948;wasf3b;Wasf3;wasf3b
ENSDARG00000044852;wbp2nl;Wbp2nl;wbp2nl
ENSDARG00000042252;eif4h;Eif4h;eif4h
ENSDARG00000069501;abhd11;Abhd11;abhd11
ENSDARG00000063596;bud23;Bud23;bud23
ENSDARG00000060320;dcaf5;Dcaf5;dcaf5
ENSDARG00000009868;dcaf11;Dcaf11;dcaf11
ENSDARG00000059212;ciao1;Ciao1;ciao1
ENSDARG00000021557;wdr45b;Wdr45b;wdr45b
ENSDARG00000023160;snrnp40;Snrnp40;snrnp40
ENSDARG00000076934;dync2i1;Dync2i1;wdr60
ENSDARG00000007755;skic8;Skic8;wdr61
ENSDARG00000074623;tbc1d31;Tbc1d31;tbc1d31
ENSDARG00000044400;dnai4;Dnai4;wdr78
ENSDARG00000062083;dph7;Dph7;dph7
ENSDARG00000037334;dnaaf10;Dnaaf10;wdr92
ENSDARG00000029307;rmc1;Rmc1;zgc:101800
ENSDARG00000002267;dcaf13;Dcaf13;dcaf13
ENSDARG00000062765;nsd3;Nsd3;whsc1l1
ENSDARG00000046024;pym1;Pym1;pym1
ENSDARG00000071084;wipf1b;Wipf1;wipf1b
ENSDARG00000076685;ccn4b;Ccn4;wisp1b
ENSDARG00000088293;doc2b;Doc2b;doc2b
ENSDARG00000040925;wnt10b;Wnt10b;wnt10b
ENSDARG00000005050;wnt2ba;Wnt2b;wnt2ba
ENSDARG00000058822;wnt3a;Wnt3a;wnt3a
ENSDARG00000071208;wnt4;Wnt4;wnt4a
ENSDARG00000044827;wnt7aa;Wnt7a;wnt7aa
ENSDARG00000014083;wdr82;Wdr82;wdr82
ENSDARG00000031420;wt1a;Wt1;wt1a
ENSDARG00000069583;cndp1;Cndp1;ENSDARG00000069583
ENSDARG00000005590;mtf2;Mtf2;mtf2
ENSDARG00000013623;vdac2;Vdac2;vdac2
ENSDARG00000101474;snapc3;Snapc3;snapc3
ENSDARG00000045421;stard3nl;Stard3nl;stard3nl
ENSDARG00000026726;anxa1a;Anxa1;anxa1a
ENSDARG00000017687;dnajc5gb;Dnajc5g;dnajc5gb
ENSDARG00000008982;casq2;Casq2;casq2
ENSDARG00000017960;sfxn2;Sfxn2;sfxn2
ENSDARG00000038563;pitrm1;Pitrm1;pitrm1
ENSDARG00000038618;cpt2;Cpt2;cpt2
ENSDARG00000015538;znf207a;Zfp207;znf207a
ENSDARG00000104437;aip;Aip;aip
ENSDARG00000009862;dcps;Dcps;dcps
ENSDARG00000010078;nup133;Nup133;nup133
ENSDARG00000022974;wdr13;Wdr13;wdr13
ENSDARG00000012672;gtf2e2;Gtf2e2;gtf2e2
ENSDARG00000014517;usp5;Usp5;usp5
ENSDARG00000000529;ofd1;Ofd1;ofd1
ENSDARG00000037607;nol4lb;Nol4l;nol4lb
ENSDARG00000035043;pfdn5;Pfdn5;pfdn5
ENSDARG00000012848;arih2;Arih2;arih2
ENSDARG00000057513;mdm4;Mdm4;mdm4
ENSDARG00000026577;cdk2;Cdk2;cdk2
ENSDARG00000006040;cyp20a1;Cyp20a1;cyp20a1
ENSDARG00000104018;mtpn;Mtpn;mtpn
ENSDARG00000076074;dda1;Dda1;dda1
ENSDARG00000040192;nenf;Nenf;nenf
ENSDARG00000037318;ddost;Ddost;ddost
ENSDARG00000052721;prim2;Prim2;prim2
ENSDARG00000022315;atp6v1g1;Atp6v1g1;atp6v1g1
ENSDARG00000055477;pelo;Pelo;pelo
ENSDARG00000079271;dcxr;Cbr2;dcxr
ENSDARG00000042823;spcs2;Spcs2;spcs2
ENSDARG00000059323;rpn1;Rpn1;rpn1
ENSDARG00000015208;rbb4l;Rbbp7;rbb4l
ENSDARG00000036055;thap11;Thap11;thap11
ENSDARG00000015315;psmc5;Psmc5;psmc5
ENSDARG00000071906;sec24b;Sec24b;sec24b
ENSDARG00000041113;wdr18;Wdr18;wdr18
ENSDARG00000022978;tmpob;Tmpo;tmpob
ENSDARG00000053447;ppp4r2b;Ppp4r2;ppp4r2b
ENSDARG00000033973;mrps23;Mrps23;mrps23
ENSDARG00000003616;arih1;Arih1;arih1
ENSDARG00000024116;vamp8;Vamp8;vamp8
ENSDARG00000076283;snrpd3l;Snrpd3;snrpd3l
ENSDARG00000023298;rps27.1;Rps27;rps27.1
ENSDARG00000075933;cox15;Cox15;cox15
ENSDARG00000022788;cops7a;Cops7b;cops7a
ENSDARG00000041170;aagab;Aagab;aagab
ENSDARG00000023536;nnt;Nnt;nnt
ENSDARG00000013478;rrp15;Rrp15;rrp15
ENSDARG00000022213;uck2b;Uck2;uck2b
ENSDARG00000025605;nvl;Nvl;nvl
ENSDARG00000018618;cpsf6;Cpsf6;cpsf6
ENSDARG00000004046;phf6;Phf6;phf6
ENSDARG00000068434;h3f3b.1;H3f3a;h3f3b.1
ENSDARG00000020504;h3f3b.1;H3f3a;h3f3a
ENSDARG00000030213;sap30l;Sap30l;sap30l
ENSDARG00000006691;rpl12;Rpl12;rpl12
ENSDARG00000090462;mrpl20;Mrpl20;mrpl20
ENSDARG00000059246;hnrnpd;Hnrnpd;hnrnpd
ENSDARG00000106529;dut;Dut;FQ377889.1
ENSDARG00000069726;glis3;Glis3;glis3
ENSDARG00000043281;stap2b;Stap2;stap2b
ENSDARG00000008969;fgb;Fgb;fgb
ENSDARG00000028699;crkl;Crkl;crkl
ENSDARG00000091902;b3gnt2b;B3gnt2;b3gnt2b
ENSDARG00000037176;ggh;Ggh;ggh
ENSDARG00000038068;ddx5;Ddx5;ddx5
ENSDARG00000008904;smarca2;Smarca2;smarca2
ENSDARG00000023190;kpna4;Kpna4;kpna4
ENSDARG00000017454;nup50;Nup50l;nup50
ENSDARG00000039347;rps24;Rps24;rps24
ENSDARG00000026845;rhoaa;Rhoa;rhoaa
ENSDARG00000001930;klhl15;Klhl15;klhl15
ENSDARG00000023323;ywhaqb;Ywhaq;ywhaqb
ENSDARG00000036840;krt15;Krt12;krt15
ENSDARG00000044975;krt94;Krt34;krt94
ENSDARG00000013307;rpl19;Rpl19;rpl19
ENSDARG00000037071;rps26;Rps26;rps26
ENSDARG00000041435;uba52;Uba52;uba52
ENSDARG00000014690;rps4x;Rps4x;rps4x
ENSDARG00000009285;rpl15;Rpl15;ube2e1
ENSDARG00000019778;rps6;Rps6;rps6
ENSDARG00000033928;ndfip2;Ndfip2;ndfip2
ENSDARG00000029248;fubp1;Fubp1;fubp1
ENSDARG00000070849;rps15;Rps15;rps15
ENSDARG00000006316;rpl23a;Rpl23a;rpl23a
ENSDARG00000054312;slc38a6;Slc38a6;slc38a6
ENSDARG00000003818;prkag1;Prkag1;prkag1
ENSDARG00000019230;rpl7a;Rpl7a;rpl7a
ENSDARG00000058821;sema5a;Sema5a;sema5a
ENSDARG00000003808;aqp3a;Aqp3;aqp3a
ENSDARG00000009250;etfb;Etfb;etfb
ENSDARG00000057805;mrpl28;Mrpl28;mrpl28
ENSDARG00000039969;akirin1;Akirin1;akirin1
ENSDARG00000098349;hdac4;Hdac4;hdac4
ENSDARG00000043357;tbl2;Tbl2;tbl2
ENSDARG00000043795;arhgdia;Arhgdia;arhgdia
ENSDARG00000044332;zranb2;Zranb2;zranb2
ENSDARG00000005104;limk2;Limk2;limk2
ENSDARG00000075952;mbd2;Mbd2;mbd2
ENSDARG00000101626;arf6b;Arf6;arf6a
ENSDARG00000038787;tmub1;Tmub1;tmub1
ENSDARG00000061774;mbd3a;Mbd3;mbd3a
ENSDARG00000095623;dpm2;Dpm2;dpm2
ENSDARG00000003599;rpl3;Rpl3;rpl3
ENSDARG00000027046;scyl3;Scyl3;scyl3
ENSDARG00000033889;spty2d1;Spty2d1;spty2d1
ENSDARG00000003695;vdac3;Vdac3;vdac3
ENSDARG00000035879;fuca1.2;Fuca1;fuca1.2
ENSDARG00000005015;tspy;Tspyl5;tspy
ENSDARG00000056134;c1qtnf5;C1qtnf5;c1qtnf5
ENSDARG00000010160;rps15a;Rps15a;rps15a
ENSDARG00000061764;ahnak;Ahnak;ahnak
ENSDARG00000056186;eif5a2;Eif5a2;eif5a2
ENSDARG00000035400;btf3;Btf3;btf3
ENSDARG00000099439;serp1;Serp1;serp1
ENSDARG00000101406;rplp2;Rplp2;rplp2
ENSDARG00000077982;elf3;Elf3;elf3
ENSDARG00000044194;tcta;Tcta;tcta
ENSDARG00000039345;drg1;Drg1;drg1
ENSDARG00000052368;cltb;Cltb;cltb
ENSDARG00000014995;jagn1b;Jagn1;jagn1b
ENSDARG00000077285;scarf1;Scarf1;scarf1
ENSDARG00000102906;hibadha;Hibadh;hibadha
ENSDARG00000060559;dis3;Dis3;dis3
ENSDARG00000026829;cotl1;Cotl1;cotl1
ENSDARG00000034211;capn2l;Capn2;ENSDARG00000034211
ENSDARG00000021905;derl1;Derl1;derl1
ENSDARG00000041314;ndufb9;Ndufb9;ndufb9
ENSDARG00000035028;lpcat4;Lpcat4;lpcat4
ENSDARG00000104082;trps1;Trps1;trps1
ENSDARG00000003641;tfg;Tfg;tfg
ENSDARG00000059357;sarnp;Sarnp;sarnp
ENSDARG00000030716;ing4;Ing4;ing4
ENSDARG00000043442;mala.2;Mal;ENSDARG00000043442
ENSDARG00000103672;cirbpa;Cirbp;cirbpa
ENSDARG00000039754;xpc;Xpc;xpc
ENSDARG00000037358;polr3e;Polr3e;polr3e
ENSDARG00000003373;commd2;Commd2;commd2
ENSDARG00000025977;blmh;Blmh;blmh
ENSDARG00000032765;net1;Net1;net1
ENSDARG00000010516;rpl21;Rpl21;rpl21
ENSDARG00000009266;uevld;Uevld;uevld
ENSDARG00000074895;tysnd1;Tysnd1;tysnd1
ENSDARG00000091655;gcsha;Gcsh;gcsha
ENSDARG00000035018;thy1;Thy1;thy1
ENSDARG00000017757;pik3cg;Pik3cg;pik3cg
ENSDARG00000063719;usp8;Usp8;usp8
ENSDARG00000056338;szrd1;Szrd1;szrd1
ENSDARG00000103038;pik3r3a;Pik3r3;pik3r3a
ENSDARG00000061854;lman2;Lman2;lman2
ENSDARG00000022968;fxr1;Fxr1;fxr1
ENSDARG00000062936;ndnf;Ndnf;ndnf
ENSDARG00000058729;akirin2;Akirin2;akirin2
ENSDARG00000056725;hmgb3a;Hmgb3;hmgb3a
ENSDARG00000060123;ca16b;Ptprg;ca16b
ENSDARG00000017235;eif5a;Eif5a2;eif5a
ENSDARG00000029252;ssb;Ssb;ssb
ENSDARG00000073905;vwa5a;AW551984;ENSDARG00000073905
ENSDARG00000038835;ppid;Ppid;ppid
ENSDARG00000005359;sucla2;Sucla2;sucla2
ENSDARG00000027750;dpp7;Dpp7;dpp7
ENSDARG00000060065;ubap2b;Ubap2;ubap2b
ENSDARG00000009342;txndc5;Txndc5;txndc5
ENSDARG00000053691;maea;Maea;maea
ENSDARG00000070644;ttpal;Ttpal;ttpal
ENSDARG00000030092;tram2;Tram2;tram2
ENSDARG00000020730;smpd4;Smpd4;smpd4
ENSDARG00000054804;anp32e;Anp32e;anp32e
ENSDARG00000044811;cdk9;Cdk9;cdk9
ENSDARG00000075758;ywhabb;Ywhab;ywhabb
ENSDARG00000034178;cpsf1;Cpsf1;cpsf1
ENSDARG00000027109;zfr;Zfr;zfr
ENSDARG00000030237;pgrmc2;Pgrmc2;pgrmc2
ENSDARG00000057912;eif1axb;Eif1ad18;eif1axb
ENSDARG00000015662;pla2g12b;Pla2g12b;pla2g12b
ENSDARG00000042236;atrx;Atrx;atrx
ENSDARG00000012244;ube2e3;Ube2e3;ube2e3
ENSDARG00000016086;smurf1;Smurf1;smurf1
ENSDARG00000062198;pcm1;Pcm1;pcm1
ENSDARG00000006300;psmd9;Psmd9;psmd9
ENSDARG00000003920;setb;Set;setb
ENSDARG00000017115;kctd10;Kctd10;kctd10
ENSDARG00000070670;crip2;Crip2;crip2
ENSDARG00000031681;atp6v0b;Atp6v0b;atp6v0b
ENSDARG00000044431;ppig;Ppig;ppig
ENSDARG00000003795;idh2;Idh2;idh2
ENSDARG00000009484;arf1;Arf1;arf1
ENSDARG00000098114;ctsa;Ctsa;ctsa
ENSDARG00000101089;gart;Gart;gart
ENSDARG00000028546;ndufs1;Ndufs1;ndufs1
ENSDARG00000074667;akt1s1;Akt1s1;akt1s1
ENSDARG00000014361;tmbim4;Tmbim4;tmbim4
ENSDARG00000007216;abce1;Abce1;abce1
ENSDARG00000008170;dbnla;Dbnl;dbnla
ENSDARG00000001244;srrm1;Srrm1;srrm1
ENSDARG00000005926;ak2;Ak2;ak2
ENSDARG00000014591;ilf2;Ilf2;ilf2
ENSDARG00000011510;rcc2;Rcc2;rcc2
ENSDARG00000031138;irx3b;Irx3;irx3b
ENSDARG00000035858;cnn2;Cnn2;cnn2
ENSDARG00000098984;pid1;Pid1;pid1
ENSDARG00000042337;chrac1;Chrac1;chrac1
ENSDARG00000007231;ryk;Ryk;ryk
ENSDARG00000037961;rcn3;Rcn3;rcn3
ENSDARG00000059177;tax1bp3;Tax1bp3;tax1bp3
ENSDARG00000016710;rchy1;Rchy1;rchy1
ENSDARG00000098646;mthfd2;Mthfd2;mthfd2
ENSDARG00000041411;rad51;Rad51;rad51
ENSDARG00000002332;frmd6;Frmd6;frmd6
ENSDARG00000101900;xrn2;Xrn2;xrn2
ENSDARG00000034670;ube2e2;Ube2e2;ube2e2
ENSDARG00000007141;psmc3;Psmc3;psmc3
ENSDARG00000013333;ndufa10;Ndufa10;ndufa10
ENSDARG00000045827;lyrm5b;Etfrf1;lyrm5b
ENSDARG00000075672;pms2;Pms2;pms2
ENSDARG00000020467;safb;Safb2;safb
ENSDARG00000013976;anxa13;Anxa13;anxa13
ENSDARG00000020482;nono;Nono;nono
ENSDARG00000056414;usp1;Usp1;usp1
ENSDARG00000021794;hmmr;Hmmr;hmmr
ENSDARG00000098589;cyb5a;Cyb5a;cyb5a
ENSDARG00000105142;tcirg1b;Tcirg1;tcirg1b
ENSDARG00000018010;crtap;Crtap;crtap
ENSDARG00000059175;cep19;Cep19;cep19
ENSDARG00000015070;pola2;Pola2;pola2
ENSDARG00000009346;caprin1a;Caprin1;caprin1a
ENSDARG00000015823;vps26b;Vps26b;vps26b
ENSDARG00000045567;phpt1;Phpt1;phpt1
ENSDARG00000036855;plagx;Plagl2;plagx
ENSDARG00000103699;ptpn13;Ptpn13;ptpn13
ENSDARG00000101277;znf207b;Zfp207;znf207b
ENSDARG00000055903;luc7l;Luc7l;luc7l
ENSDARG00000037679;mpc2a;Mpc2;ENSDARG00000037679
ENSDARG00000043046;fbxl5;Fbxl5;fbxl5
ENSDARG00000026664;uri1;Uri1;uri1
ENSDARG00000070795;eaf1;Eaf1;eaf1
ENSDARG00000003270;dhps;Dhps;dhps
ENSDARG00000008678;snx3;Snx3;snx3
ENSDARG00000009390;npl;Npl;npl
ENSDARG00000004161;ik;Ik;ik
ENSDARG00000041908;usp39;Usp39;usp39
ENSDARG00000042864;rpl7l1;Rpl7l1;rpl7l1
ENSDARG00000056258;cdc27;Cdc27;cdc27
ENSDARG00000035602;dao.1;Dao;dao.1
ENSDARG00000024124;sde2;Sde2;sde2
ENSDARG00000056491;ikzf5;Ikzf5;ikzf5
ENSDARG00000033184;prkar2aa;Prkar2a;prkar2aa
ENSDARG00000006397;laptm4a;Laptm4a;laptm4a
ENSDARG00000011488;sirt2;Sirt2;sirt2
ENSDARG00000103364;cs;Csl;cs
ENSDARG00000002523;hsdl2;Hsdl2;hsdl2
ENSDARG00000043986;setd6;Setd6;setd6
ENSDARG00000078918;comtd1;Comtd1;comtd1
ENSDARG00000053625;anxa2b;Anxa2;anxa2b
ENSDARG00000034862;f7;F7;f7
ENSDARG00000014727;acox1;Acox1;acox1
ENSDARG00000016319;c9;C9;c9
ENSDARG00000045442;cpb1;Cpb1;cpb1
ENSDARG00000043279;aqp12;Aqp12;aqp12
ENSDARG00000093193;chia.6;Chil3;chia.6
ENSDARG00000071203;sptssa;Sptssa;sptssa
ENSDARG00000090286;serpina1;Serpina3k;serpina1
ENSDARG00000045618;clta;Clta;clta
ENSDARG00000053021;grsf1;Grsf1;grsf1
ENSDARG00000091211;adh8a;Adh7;adh8a
ENSDARG00000016412;agt;Agt;agt
ENSDARG00000058225;arpc4l;Arpc4;arpc4l
ENSDARG00000010250;nqo1;Nqo1;nqo1
ENSDARG00000026369;dbi;Dbi;dbi
ENSDARG00000061301;gmpr2;Gmpr2;gmpr2
ENSDARG00000020676;dpp3;Dpp3;dpp3
ENSDARG00000013856;amy2a;Amy2a5;amy2a
ENSDARG00000038524;pik3r1;Pik3r1;pik3r1
ENSDARG00000054319;oxct1b;Oxct2a;oxct1b
ENSDARG00000042641;cyp51;Cyp51;cyp51
ENSDARG00000101082;eif3s6ip;Eif3l;eif3s6ip
ENSDARG00000101324;apoa1b;Apoa1;apoa1b
ENSDARG00000070682;sdf4;Sdf4;sdf4
ENSDARG00000087143;serpina7;Serpina3b;serpina7
ENSDARG00000015887;b2ml;B2m;b2ml
ENSDARG00000043722;cpa4;Cpa4;cpa4
ENSDARG00000058473;st6galnac3;St6galnac3;st6galnac3
ENSDARG00000039269;arg2;Arg2;arg2
ENSDARG00000023712;mao;Maoa;mao
ENSDARG00000092112;tomm40;Tomm40;tomm40
ENSDARG00000032340;serhl;Serhl;serhl
ENSDARG00000011521;upb1;Upb1;upb1
ENSDARG00000061013;ankfy1;Ankfy1;ankfy1
ENSDARG00000020761;arrdc2;Arrdc2;arrdc2
ENSDARG00000025269;pdcd6ip;Pdcd6ip;pdcd6ip
ENSDARG00000023111;plg;Plg;plg
ENSDARG00000074453;zfx;Zfx;zfx
ENSDARG00000089260;dus1l;Dus1l;dus1l
ENSDARG00000003769;tada2b;Tada2b;tada2b
ENSDARG00000011740;u2af2b;U2af2;u2af2b
ENSDARG00000008461;anapc5;Anapc5;anapc5
ENSDARG00000010432;eaf2;Eaf2;eaf2
ENSDARG00000069324;vps53;Vps53;vps53
ENSDARG00000034189;oxsr1a;Oxsr1;oxsr1a
ENSDARG00000045490;ndufb2;Ndufb2;ndufb2
ENSDARG00000090297;ldlrad2;Ldlrad2;ldlrad2
ENSDARG00000007566;appbp2;Appbp2;appbp2
ENSDARG00000059097;nktr;Nktr;nktr
ENSDARG00000093622;spc24;Spc24;spc24
ENSDARG00000031795;abcf1;Abcf1;abcf1
ENSDARG00000058865;endog;Endog;endog
ENSDARG00000037958;nosip;Nosip;nosip
ENSDARG00000036044;rps20;Rps20;rps20
ENSDARG00000042975;auh;Auh;auh
ENSDARG00000003175;stx5al;Stx5a;stx5al
ENSDARG00000038067;smurf2;Smurf2;smurf2
ENSDARG00000013266;colec11;Colec11;colec11
ENSDARG00000012899;ddx49;Ddx49;ddx49
ENSDARG00000070108;dek;Dek;dek
ENSDARG00000102998;taf6;Taf6;taf6
ENSDARG00000058730;rdh10a;Rdh10;rdh10a
ENSDARG00000062418;ttl;Ttl;ttl
ENSDARG00000063155;dcaf12;Dcaf12;dcaf12
ENSDARG00000101431;gas8;Gas8;gas8
ENSDARG00000042905;rpl10a;Rpl10a;rpl10a
ENSDARG00000058504;ap1s2;Ap1s2;ap1s2
ENSDARG00000017261;gdpd1;Gdpd1;gdpd1
ENSDARG00000032577;clcn6;Clcn6;clcn6
ENSDARG00000006642;drg2;Drg2;drg2
ENSDARG00000001557;tomm34;Tomm34;tomm34
ENSDARG00000026712;rab5c;Rab5c;rab5c
ENSDARG00000045562;pus1;Pus1;pus1
ENSDARG00000010601;mtmr10;Mtmr10;mtmr10
ENSDARG00000037517;slc35c2;Slc35c2;slc35c2
ENSDARG00000027916;fntb;Fntb;fntb
ENSDARG00000056152;fam3c;Fam3c;fam3c
ENSDARG00000036438;ndufv1;Ndufv1;ndufv1
ENSDARG00000100019;arhgap11a;Arhgap11a;arhgap11a
ENSDARG00000019307;dusp5;Dusp5;dusp5
ENSDARG00000053129;carhsp1;Carhsp1;carhsp1
ENSDARG00000037655;pls3;Pls3;pls3
ENSDARG00000063385;cenpe;Cenpe;cenpe
ENSDARG00000018022;msh2;Msh2;msh2
ENSDARG00000060921;pla2g6;Pla2g6;pla2g6
ENSDARG00000103747;cav1;Cav1;cav1
ENSDARG00000103893;srsf2b;Srsf2;srsf2b
ENSDARG00000045658;msrb3;Msrb3;msrb3
ENSDARG00000056923;dbr1;Dbr1;dbr1
ENSDARG00000018903;aimp2;Aimp2;aimp2
ENSDARG00000100020;pim1;Pim1;pim1
ENSDARG00000008188;sf1;Sf1;sf1
ENSDARG00000077698;rsad1;Rsad1;rsad1
ENSDARG00000002745;tdh;Tdh;tdh
ENSDARG00000005221;desmb;Des;desmb
ENSDARG00000055917;nipa1;Nipa1;nipa1
ENSDARG00000104889;kpnb1;Kpnb1;kpnb1
ENSDARG00000036870;arih1l;Arih1;arih1l
ENSDARG00000044915;sfmbt1;Sfmbt1;sfmbt1
ENSDARG00000019239;cul1a;Cul1;cul1a
ENSDARG00000015937;kptn;Kptn;kptn
ENSDARG00000089767;rnf130;Rnf130;rnf130
ENSDARG00000103786;klhl13;Klhl9;klhl13
ENSDARG00000086463;klhl13;Klhl9;klhl13
ENSDARG00000098080;gnl2;Gnl2;gnl2
ENSDARG00000022712;stat3;Stat3;stat3
ENSDARG00000044807;dck;Dck;dck
ENSDARG00000030440;rsrp1;Rsrp1;rsrp1
ENSDARG00000009113;pigc;Pigc;pigc
ENSDARG00000030448;sppl2;Sppl2b;sppl2
ENSDARG00000104034;arid3b;Arid3b;arid3b
ENSDARG00000099954;plekhm1;Plekhm1;plekhm1
ENSDARG00000063292;ssuh2rs1;Ssu2;ssuh2rs1
ENSDARG00000013979;ndfip1;Ndfip1;ndfip1
ENSDARG00000004840;rassf1;Rassf1;rassf1
ENSDARG00000098247;det1;Det1;det1
ENSDARG00000098769;slitrk6;Slitrk6;slitrk6
ENSDARG00000077728;supv3l1;Supv3l1;supv3l1
ENSDARG00000007034;hnrpkl;Hnrnpk;hnrpkl
ENSDARG00000043431;b3gntl1;B3gntl1;b3gntl1
ENSDARG00000070834;taf13;Taf13;taf13
ENSDARG00000023820;faxdc2;Faxdc2;faxdc2
ENSDARG00000038793;ccdc24;Ccdc24;ccdc24
ENSDARG00000057676;golga7;Golga7;golga7
ENSDARG00000036778;hbs1l;Hbs1l;hbs1l
ENSDARG00000016429;farp2;Farp2;farp2
ENSDARG00000016753;ipo9;Ipo9;ipo9
ENSDARG00000098280;rbm5;Rbm5;rbm5
ENSDARG00000007867;dazap2;Dazap2;dazap2
ENSDARG00000002402;ercc3;Ercc3;ercc3
ENSDARG00000004115;mgat4b;Mgat4b;mgat4b
ENSDARG00000030512;tsnaxip1;Tsnaxip1;tsnaxip1
ENSDARG00000028614;mospd1;Mospd1;mospd1
ENSDARG00000069326;mus81;Mus81;mus81
ENSDARG00000053047;eif2s2;Eif2s2;eif2s2
ENSDARG00000026723;syncripl;Syncrip;syncripl
ENSDARG00000003927;cldn12;Cldn12;cldn12
ENSDARG00000069912;hmga2;Hmga2;hmga2
ENSDARG00000029250;poli;Poli;poli
ENSDARG00000051889;dhodh;Dhodh;dhodh
ENSDARG00000010270;fezf1;Fezf1;fezf1
ENSDARG00000029668;crim1;Crim1;crim1
ENSDARG00000103340;clic1;Clic1;clic1
ENSDARG00000008384;hdac6;Hdac6;hdac6
ENSDARG00000011597;atxn2l;Atxn2l;atxn2l
ENSDARG00000005078;eif4e3;Eif4e3;eif4e3
ENSDARG00000098578;pdgfab;Pdgfa;pdgfab
ENSDARG00000042827;adoa;Ado;adoa
ENSDARG00000103369;taldo1;Taldo1;taldo1
ENSDARG00000053070;gosr2;Gosr2;gosr2
ENSDARG00000036061;ogfod1;Ogfod1;ogfod1
ENSDARG00000057287;slc25a16;Slc25a16;slc25a16
ENSDARG00000006758;fam234b;Fam234b;fam234b
ENSDARG00000026024;mospd2;Mospd2;mospd2
ENSDARG00000026068;trappc5;Trappc5;trappc5
ENSDARG00000092609;aup1;Aup1;aup1
ENSDARG00000036637;arl11;Arl11;arl11
ENSDARG00000018325;taf5;Taf5;taf5
ENSDARG00000041363;dctn3;Dctn3;dctn3
ENSDARG00000038905;hectd3;Hectd3;hectd3
ENSDARG00000004297;irf2bpl;Irf2bpl;irf2bpl
ENSDARG00000001929;pink1;Pink1;pink1
ENSDARG00000007429;ndor1;Ndor1;ndor1
ENSDARG00000005612;aph1b;Aph1c;aph1b
ENSDARG00000055543;appb;App;appb
ENSDARG00000069589;tmem222a;Tmem222;tmem222a
ENSDARG00000053101;prpf38b;Prpf38b;prpf38b
ENSDARG00000055763;tmem115;Tmem115;tmem115
ENSDARG00000006818;urod;Urod;urod
ENSDARG00000052244;kiaa0232;D5Ertd579e;zgc:158564
ENSDARG00000021370;actr6;Actr6;actr6
ENSDARG00000103578;gtf2b;Gtf2b;gtf2b
ENSDARG00000036252;rras2;Rras2;rras2
ENSDARG00000038980;txndc12;Txndc12;txndc12
ENSDARG00000027316;tcp11l2;Tcp11l2;tcp11l2
ENSDARG00000042656;nrn1b;Nrn1;nrn1b
ENSDARG00000058292;sephs1;Sephs1;sephs1
ENSDARG00000069397;zswim8;Zswim8;zswim8
ENSDARG00000098573;sgcd;Sgcd;sgcd
ENSDARG00000043209;nsun5;Nsun5;nsun5
ENSDARG00000079000;tp53bp1;Trp53bp1;tp53bp1
ENSDARG00000001969;txlng;Txlng;txlng
ENSDARG00000070463;e2f3;E2f3;e2f3
ENSDARG00000101438;lonp2;Lonp2;lonp2
ENSDARG00000018476;pak2b;Pak2;pak2b
ENSDARG00000052000;cav2;Cav2;cav2
ENSDARG00000026137;sfxn5b;Sfxn5;sfxn5b
ENSDARG00000026865;fam107b;Fam107b;fam107b
ENSDARG00000097155;gdpgp1;Gdpgp1;GDPGP1
ENSDARG00000071018;ptena;Pten;ptena
ENSDARG00000022832;bnip4;Bnip3;bnip4
ENSDARG00000002690;rabif;Rabif;rabif
ENSDARG00000035631;sdf2l1;Sdf2l1;sdf2l1
ENSDARG00000100553;lsm14ab;Lsm14a;lsm14ab
ENSDARG00000005927;tbc1d17;Tbc1d17;tbc1d17
ENSDARG00000070447;slc39a9;Slc39a9;slc39a9
ENSDARG00000033437;rps6ka1;Rps6ka1;rps6ka1
ENSDARG00000003208;pomk;Pomk;pomk
ENSDARG00000041257;smtnl1;Smtnl1;smtnl1
ENSDARG00000063538;kalrnb;Kalrn;kalrnb
ENSDARG00000000568;ell;Ell;ell
ENSDARG00000040157;glt8d1;Glt8d1;glt8d1
ENSDARG00000079198;usp13;Usp13;usp13
ENSDARG00000040946;olig2;Olig2;olig2
ENSDARG00000056665;nsun2;Nsun2;nsun2
ENSDARG00000052215;btr02;Trim61;btr02
ENSDARG00000070539;arf3a;Arf3;arf3a
ENSDARG00000024276;pcbp4;Pcbp4;pcbp4
ENSDARG00000104149;rraga;Rragb;rraga
ENSDARG00000009745;fbxw2;Fbxw2;fbxw2
ENSDARG00000055632;smtnl;Smtnl2;smtnl
ENSDARG00000038099;gskip;Gskip;gskip
ENSDARG00000037410;med28;Med28;med28
ENSDARG00000036577;atp6v0cb;Atp6v0c;atp6v0cb
ENSDARG00000007387;irf2a;Irf2;irf2a
ENSDARG00000060633;usp16;Usp16;usp16
ENSDARG00000090935;usp16;Usp16;si:dkey-75b17.1
ENSDARG00000038566;gnptg;Gnptg;gnptg
ENSDARG00000011055;fbxo9;Fbxo9;fbxo9
ENSDARG00000056479;rab1bb;Rab1b;rab1bb
ENSDARG00000003216;anxa2a;Anxa2;anxa2a
ENSDARG00000051761;trim44;Trim44;trim44
ENSDARG00000077469;polr1b;Polr1b;polr1b
ENSDARG00000044301;atf1;Atf1;atf1
ENSDARG00000052789;azin1a;Azin1;azin1a
ENSDARG00000056509;pdik1l;Pdik1l;pdik1l
ENSDARG00000008380;brd7;Brd7;brd7
ENSDARG00000005057;dimt1l;Dimt1;dimt1l
ENSDARG00000103917;znf185;Zfp185;znf185
ENSDARG00000069135;ppp1r15a;Ppp1r15a;ppp1r15a
ENSDARG00000025507;wdr24;Wdr24;wdr24
ENSDARG00000007760;spg21;Spg21;spg21
ENSDARG00000102081;mprip;Mprip;mprip
ENSDARG00000035399;ankra2;Ankra2;ankra2
ENSDARG00000013072;mmp15b;Mmp15;mmp15b
ENSDARG00000052728;sltm;Sltm;sltm
ENSDARG00000036593;kdm2ba;Kdm2b;kdm2ba
ENSDARG00000027491;uros;Uros;uros
ENSDARG00000053496;gemin8;Gemin8;gemin8
ENSDARG00000099139;fbxw5;Fbxw5;fbxw5
ENSDARG00000043021;slc26a11;Slc26a11;slc26a11
ENSDARG00000062152;chaf1a;Chaf1a;chaf1a
ENSDARG00000007271;mynn;Mynn;mynn
ENSDARG00000042010;pklr;Pklr;pklr
ENSDARG00000021973;st13;St13;st13
ENSDARG00000009958;cbl;Cbl;cbl
ENSDARG00000055885;tex10;Tex10;tex10
ENSDARG00000003383;asb8;Asb8;asb8
ENSDARG00000068983;btbd9;Btbd9;btbd9
ENSDARG00000041332;tmem33;Tmem33;tmem33
ENSDARG00000062116;ctdsplb;Ctdspl;ctdsplb
ENSDARG00000003021;hdac8;Hdac8;hdac8
ENSDARG00000040538;spsb4b;Spsb4;spsb4b
ENSDARG00000032327;usp36;Usp36;usp36
ENSDARG00000086458;hdac10;Hdac10;hdac10
ENSDARG00000044691;ppp1r3b;Ppp1r3b;ppp1r3b
ENSDARG00000001621;nfyal;Nfya;nfyal
ENSDARG00000040555;bckdha;Bckdha;bckdha
ENSDARG00000003931;cndp2;Cndp2;cndp2
ENSDARG00000088862;stxbp6;Stxbp6;STXBP6
ENSDARG00000039208;nasp;Nasp;nasp
ENSDARG00000069745;slc35f2;Slc35f2;slc35f2
ENSDARG00000045130;klhl11;Klhl11;klhl11
ENSDARG00000038668;gbp1;Gbp3;gbp1
ENSDARG00000006207;gpx1b;Gpx1;gpx1b
ENSDARG00000030915;cpa1;Cpa1;cpa1
ENSDARG00000005586;zbtb20;Zbtb20;zbtb20
ENSDARG00000027584;ttpa;Ttpa;ttpa
ENSDARG00000055185;tm4sf5;Tm4sf5;tm4sf5
ENSDARG00000019328;plxna4;Plxna4;plxna4
ENSDARG00000016477;eif4a2;Eif4a2;eif4a2
ENSDARG00000053853;slc13a2;Slc13a2;slc13a2
ENSDARG00000018149;slc38a4;Slc38a4;slc38a4
ENSDARG00000030560;helz;Helz;helz
ENSDARG00000039851;dhdds;Dhdds;dhdds
ENSDARG00000098273;zbtb14;Zbtb14;zbtb14
ENSDARG00000105187;gcshb;Gcsh;gcshb
ENSDARG00000054191;pgk1;Pgk2;pgk1
ENSDARG00000003697;slc5a8l;Slc5a8;slc5a8l
ENSDARG00000036291;nucb2b;Nucb2;nucb2b
ENSDARG00000016611;scrn3;Scrn3;scrn3
ENSDARG00000029292;zgc:55943;1700025G04Rik;zgc:55943
ENSDARG00000091348;rtn3;Rtn3;rtn3
ENSDARG00000013031;mta2;Mta2;mta2
ENSDARG00000075774;foxj3;Foxj3;foxj3
ENSDARG00000058463;ndufab1a;Ndufab1;ndufab1a
ENSDARG00000104538;tmem184a;Tmem184a;tmem184a
ENSDARG00000039931;slc25a33;Slc25a33;slc25a33
ENSDARG00000102636;trmt9b;Trmt9b;zgc:73340
ENSDARG00000002970;ss18;Ss18;ss18
ENSDARG00000103980;ets2;Ets2;ets2
ENSDARG00000045928;psma4;Psma4;psma4
ENSDARG00000019444;ssr4;Ssr4;ssr4
ENSDARG00000037488;canx;Canx;canx
ENSDARG00000105102;crsp7;Med26;crsp7
ENSDARG00000061895;usp32;Usp32;usp32
ENSDARG00000032087;sgsh;Sgsh;sgsh
ENSDARG00000018006;vrk1;Vrk1;vrk1
ENSDARG00000030591;lrrc42;Lrrc42;lrrc42
ENSDARG00000015917;rnft1;Rnft1;rnft1
ENSDARG00000022983;ccdc28a;Ccdc28a;ccdc28a
ENSDARG00000004171;rabac1;Rabac1;rabac1
ENSDARG00000103610;actr8;Actr8;actr8
ENSDARG00000027099;psmc4;Psmc4;psmc4
ENSDARG00000062385;flcn;Flcn;flcn
ENSDARG00000002213;invs;Invs;invs
ENSDARG00000062991;abi1b;Abi1;abi1b
ENSDARG00000078073;nudt5;Nudt5;nudt5
ENSDARG00000010279;scamp2;Scamp2;scamp2
ENSDARG00000035264;riok2;Riok2;riok2
ENSDARG00000070867;smx5;Lsm2;smx5
ENSDARG00000039613;poll;Poll;poll
ENSDARG00000020043;cnot8;Cnot8;cnot8
ENSDARG00000100741;cdc20;Cdc20;cdc20
ENSDARG00000037291;dpf2l;Dpf2;dpf2l
ENSDARG00000057491;n4bp1;N4bp1;n4bp1
ENSDARG00000032704;qrsl1;Qrsl1;qrsl1
ENSDARG00000102417;psmd7;Psmd7;psmd7
ENSDARG00000051921;slc30a5;Slc30a5;slc30a5
ENSDARG00000010727;ttyh2l;Ttyh2;ttyh2l
ENSDARG00000016794;mtmr6;Mtmr6;mtmr6
ENSDARG00000016474;galcb;Galc;galcb
ENSDARG00000035330;taf1;Taf1;taf1
ENSDARG00000102474;dusp16;Dusp16;dusp16
ENSDARG00000041565;tnfaip1;Tnfaip1;tnfaip1
ENSDARG00000057053;sgms1a;Sgms1;zgc:91976
ENSDARG00000056101;kcnd3;Kcnd3;kcnd3
ENSDARG00000019998;slc30a7;Slc30a7;slc30a7
ENSDARG00000037140;pfkfb1;Pfkfb1;pfkfb1
ENSDARG00000036831;rnf41;Rnf41;rnf41
ENSDARG00000040024;gpd1l;Gpd1l;gpd1l
ENSDARG00000015065;c4;C4b;c4
ENSDARG00000003680;runx1t1;Runx1t1;runx1t1
ENSDARG00000003938;rpa1;Rpa1;rpa1
ENSDARG00000054199;mthfd2l;Mthfd2l;mthfd2l
ENSDARG00000019326;prpsap2;Prpsap2;prpsap2
ENSDARG00000100114;sf3a3;Sf3a3;sf3a3
ENSDARG00000025953;rhoq;Rhoq;rhoq
ENSDARG00000076815;eif3s10;Eif3a;eif3s10
ENSDARG00000041450;rab11a;Rab11a;rab11a
ENSDARG00000068123;gkap1;Gkap1;gkap1
ENSDARG00000010779;tlk2;Tlk2;tlk2
ENSDARG00000091678;ints12;Ints12;ints12
ENSDARG00000004306;klhl18;Klhl18;klhl18
ENSDARG00000102607;pmpca;Pmpca;pmpca
ENSDARG00000025788;chp2;Chp2;chp2
ENSDARG00000003866;tm9sf2;Tm9sf2;tm9sf2
ENSDARG00000012261;eftud2;Eftud2;eftud2
ENSDARG00000033604;lrpap1;Lrpap1;lrpap1
ENSDARG00000076924;als2b;Als2;als2b
ENSDARG00000091092;zcchc10;Zcchc10;zcchc10
ENSDARG00000104225;ndel1b;Ndel1;ndel1b
ENSDARG00000036305;phf23b;Phf23;phf23b
ENSDARG00000045857;cebpz;Cebpz;cebpz
ENSDARG00000102176;pla1a;Pla1a;pla1a
ENSDARG00000068438;gucd1;Gucd1;gucd1
ENSDARG00000022378;mtmr1b;Mtmr1;mtmr1b
ENSDARG00000012871;npepl1;Npepl1;npepl1
ENSDARG00000056840;otud5b;Otud5;otud5b
ENSDARG00000069278;trmt5;Trmt5;trmt5
ENSDARG00000042642;wtap;Wtap;wtap
ENSDARG00000089981;rnf146;Rnf146;rnf146
ENSDARG00000002271;zfand5b;Zfand5;zfand5b
ENSDARG00000012942;itgb5;Itgb5;itgb5
ENSDARG00000001975;hsd11b2;Hsd11b2;hsd11b2
ENSDARG00000103394;kif5bb;Kif5b;kif5bb
ENSDARG00000012314;usp25;Usp25;usp25
ENSDARG00000013329;ttc5;Ttc5;ttc5
ENSDARG00000013990;ube2q2;Ube2q2;ube2q2
ENSDARG00000054963;alg1;Alg1;alg1
ENSDARG00000103032;rap2b;Rap2b;rap2b
ENSDARG00000044491;kif20a;Kif20a;kif20a
ENSDARG00000057939;ythdf3;Ythdf3;ythdf3
ENSDARG00000039605;mat1a;Mat1a;mat1a
ENSDARG00000053370;eif3jb;Eif3j1;eif3jb
ENSDARG00000038845;ldhd;Ldhd;ldhd
ENSDARG00000076176;ptcd1;Ptcd1;ptcd1
ENSDARG00000039272;pls1;Pls1;pls1
ENSDARG00000021945;ddx23;Ddx23;ddx23
ENSDARG00000098235;actr5;Actr5;actr5
ENSDARG00000024381;msto1;Msto1;msto1
ENSDARG00000043854;ppil4;Ppil4;ppil4
ENSDARG00000100766;ube2q1;Ube2q2;ube2q1
ENSDARG00000039365;cuedc2;Cuedc2;cuedc2
ENSDARG00000059711;nol6;Nol6;nol6
ENSDARG00000022944;ecd;Ecd;ecd
ENSDARG00000079931;snx19b;Snx19;snx19b
ENSDARG00000100363;dcun1d5;Dcun1d5;dcun1d5
ENSDARG00000088238;kansl1b;Kansl1;kansl1b
ENSDARG00000100631;klhl12;Klhl12;klhl12
ENSDARG00000003655;tmem59l;Tmem59l;tmem59l
ENSDARG00000037283;plrg1;Plrg1;plrg1
ENSDARG00000037872;foxk1;Foxk1;foxk1
ENSDARG00000056078;rftn2;Rftn2;rftn2
ENSDARG00000038729;s100z;S100z;s100z
ENSDARG00000053644;got1l1;Got1l1;got1l1
ENSDARG00000042717;adipor1b;Adipor1;adipor1b
ENSDARG00000036505;syt4;Syt4;syt4
ENSDARG00000031657;fahd1;Fahd1;fahd1
ENSDARG00000077339;ptrh2;Ptrh2;ptrh2
ENSDARG00000038879;ift80;Ift80;ift80
ENSDARG00000078083;armc5;Armc5;armc5
ENSDARG00000043561;psmc1b;Psmc1;psmc1b
ENSDARG00000023174;fez1;Fez1;fez1
ENSDARG00000036135;bbox1;Bbox1;bbox1
ENSDARG00000105098;dr1;Dr1;dr1
ENSDARG00000043502;ccdc124;Ccdc124;ccdc124
ENSDARG00000039980;ppt1;Ppt1;ppt1
ENSDARG00000103404;uchl5;Uchl5;uchl5
ENSDARG00000009657;fgfr1op2;Fgfr1op2;fgfr1op2
ENSDARG00000045706;tspan9b;Tspan9;tspan9b
ENSDARG00000055787;dzank1;Dzank1;dzank1
ENSDARG00000069733;mavs;Mavs;mavs
ENSDARG00000006508;pip5k1bb;Pip5k1b;pip5k1bb
ENSDARG00000101886;pdxdc1;Pdxdc1;pdxdc1
ENSDARG00000062971;sdhaf2;Sdhaf2;sdhaf2
ENSDARG00000054122;tmem30b;Tmem30b;ENSDARG00000054122
ENSDARG00000005456;katnb1;Katnb1;katnb1
ENSDARG00000103735;elovl1b;Elovl1;elovl1b
ENSDARG00000053166;chic1;Chic1;chic1
ENSDARG00000010400;lrrfip2;Lrrfip2;lrrfip2
ENSDARG00000058494;dnaja3a;Dnaja3;dnaja3a
ENSDARG00000006487;anp32a;Anp32a;anp32a
ENSDARG00000026281;lyrm1;Lyrm1;lyrm1
ENSDARG00000015174;atp6v0a1b;Atp6v0a1;atp6v0a1b
ENSDARG00000062323;adam23a;Adam23;adam23a
ENSDARG00000098108;dusp2;Dusp2;dusp2
ENSDARG00000005372;camk4;Camk4;camk4
ENSDARG00000018069;rdh12;Rdh12;rdh12
ENSDARG00000062019;rufy2;Rufy2;rufy2
ENSDARG00000004680;dnajb6a;Dnajb8;dnajb6a
ENSDARG00000030106;stmn4;Stmn4;stmn4
ENSDARG00000062968;sbf1;Sbf1;sbf1
ENSDARG00000042509;glod4;Glod4;glod4
ENSDARG00000007065;mrps18b;Mrps18b;mrps18b
ENSDARG00000061207;ttc7b;Ttc7b;ttc7b
ENSDARG00000055955;lcp2a;Lcp2;lcp2a
ENSDARG00000043371;mdh2;Mdh2;mdh2
ENSDARG00000056550;tango2;Tango2;tango2
ENSDARG00000062794;trim36;Trim36;trim36
ENSDARG00000102367;ndfip1l;Ndfip1;ndfip1l
ENSDARG00000104537;cox7c;Cox7c;cox7c
ENSDARG00000031343;rab6bb;Rab6b;rab6bb
ENSDARG00000037783;proza;Proz;proza
ENSDARG00000016837;glipr2l;Glipr2;glipr2l
ENSDARG00000041599;kiaa0513;6430548M08Rik;zgc:91860
ENSDARG00000075007;chst2a;Chst2;chst2a
ENSDARG00000002635;fam184aa;Fam184a;ENSDARG00000002635
ENSDARG00000004580;nmnat2;Nmnat2;nmnat2
ENSDARG00000056877;vamp2;Vamp2;vamp2
ENSDARG00000019253;rhag;Rhag;rhag
ENSDARG00000028517;hbp1;Hbp1;hbp1
ENSDARG00000012555;ak5;Ak5;ak5
ENSDARG00000039093;got1;Got1;got1
ENSDARG00000036063;ppp1r11;Ppp1r11;ppp1r11
ENSDARG00000071724;ankha;Ank;ankha
ENSDARG00000016570;prlra;Prlr;prlra
ENSDARG00000052429;syngr2a;Syngr2;syngr2a
ENSDARG00000010752;cwc15;Cwc15;acsl4b
ENSDARG00000013382;cwc15;Cwc15;cwc15
ENSDARG00000056966;nek7;Nek7;nek7
ENSDARG00000074899;taok2a;Taok2;taok2a
ENSDARG00000029874;khk;Khk;khk
ENSDARG00000018361;sult1st3;Sult1a1;sult1st3
ENSDARG00000031709;mllt1b;Mllt1;mllt1b
ENSDARG00000043211;ripk4;Ripk4;ripk4
ENSDARG00000019973;stk38a;Stk38;stk38a
ENSDARG00000025033;stx5a;Stx5a;stx5a
ENSDARG00000043081;ctsz;Ctsz;ctsz
ENSDARG00000019438;rnf13;Rnf13;rnf13
ENSDARG00000069755;mtmr11;Mtmr11;mtmr11
ENSDARG00000011360;nfatc2ip;Nfatc2ip;nfatc2ip
ENSDARG00000037930;rnf113a;Rnf113a1;rnf113a
ENSDARG00000022996;setx;Setx;setx
ENSDARG00000014427;mxe;Mx2;mxe
ENSDARG00000060885;znf592;Zfp592;znf592
ENSDARG00000037574;rps6kal;Rps6ka6;rps6kal
ENSDARG00000020840;mcrs1;Mcrs1;mcrs1
ENSDARG00000017010;scamp2l;Scamp2;scamp2l
ENSDARG00000074572;g3bp2b;G3bp2;ENSDARG00000074572
ENSDARG00000071673;ctdspla;Ctdspl;ctdspla
ENSDARG00000038213;slc35b1;Slc35b1;slc35b1
ENSDARG00000039145;plaub;Plau;plaub
ENSDARG00000038428;sulf1;Sulf1;sulf1
ENSDARG00000002249;tbxas1;Tbxas1;tbxas1
ENSDARG00000055965;klc3;Klc3;klc3
ENSDARG00000010965;psma8;Psma7;psma8
ENSDARG00000062799;baiap2a;Baiap2;baiap2a
ENSDARG00000038968;ccr6b;Ccr6;ccr6b
ENSDARG00000099684;trim35-24;Trim75;trim35-24
ENSDARG00000061235;alg5;Alg5;alg5
ENSDARG00000006038;aebp2;Aebp2;aebp2
ENSDARG00000016903;wdr5;Wdr5;wdr5
ENSDARG00000033596;polr2c;Polr2c;polr2c
ENSDARG00000057477;lrrc28;Lrrc28;lrrc28
ENSDARG00000034757;zdhhc2;Zdhhc2;zdhhc2
ENSDARG00000030949;srprb;Srprb;srprb
ENSDARG00000034215;rab42a;Rab42;rab42a
ENSDARG00000025889;usp14;Usp14;usp14
ENSDARG00000100252;capzb;Capzb;capzb
ENSDARG00000078308;spry2;Spry2;spry2
ENSDARG00000011076;zgc:91968;Mreg;ENSDARG00000011076
ENSDARG00000103095;tbk1;Tbk1;tbk1
ENSDARG00000043587;srd5a2a;Srd5a2;srd5a2a
ENSDARG00000070571;inavab;Inava;ENSDARG00000070571
ENSDARG00000078309;fam83b;Fam83b;fam83b
ENSDARG00000101535;col10a1b;Col10a1;col10a1b
ENSDARG00000042908;hsh2d;Hsh2d;hsh2d
ENSDARG00000056499;ca6;Car6;ca6
ENSDARG00000027547;tpgs1;Tpgs1;ENSDARG00000027547
ENSDARG00000003091;oclnb;Ocln;oclnb
ENSDARG00000017842;syvn1;Syvn1;syvn1
ENSDARG00000091652;xrn1;Xrn1;xrn1
ENSDARG00000008383;arpc1a;Arpc1a;arpc1a
ENSDARG00000016496;cdk8;Cdk8;cdk8
ENSDARG00000014218;mecp2;Mecp2;mecp2
ENSDARG00000060526;bmp3;Bmp3;bmp3
ENSDARG00000040623;fosl2;Fosl2;fosl2
ENSDARG00000040180;slc35a1;Slc35a1;slc35a1
ENSDARG00000040280;lratd2b;Lratd2;ENSDARG00000040280
ENSDARG00000045661;irf7;Irf7;irf7
ENSDARG00000086471;pkig;Pkig;pkig
ENSDARG00000104314;nrg1;Nrg1;nrg1
ENSDARG00000007421;ftcd;Ftcd;ftcd
ENSDARG00000061941;trpv4;Trpv4;trpv4
ENSDARG00000103296;nup54;Nup54;nup54
ENSDARG00000016074;cryz;Cryz;cryz
ENSDARG00000008808;eml2;Eml2;eml2
ENSDARG00000102824;pcdh10b;Pcdh10;pcdh10b
ENSDARG00000025106;ppp3cb;Ppp3ca;ppp3cb
ENSDARG00000007663;amph;Amph;amph
ENSDARG00000088023;si:dkey-26c10.5;Clec2f;si:dkey-26c10.5
ENSDARG00000104361;barhl2;Barhl2;barhl2
ENSDARG00000090872;si:dkey-276j7.1;Gm11992;si:dkey-276j7.1
ENSDARG00000011885;mrpl19;Mrpl19;mrpl19
ENSDARG00000025404;ube2g2;Ube2g2;ube2g2
ENSDARG00000026294;erbb2;Erbb2;erbb2
ENSDARG00000002127;stam;Stam;stam
ENSDARG00000062363;phex;Phex;phex
ENSDARG00000070084;phf10;Phf10;phf10
ENSDARG00000056566;necab1;Necab1;necab1
ENSDARG00000052988;xcr1b.1;Xcr1;xcr1b.1
ENSDARG00000103017;xkr5a;Xkr5;xkr5
ENSDARG00000026333;xkr7b;Xkr7;xkr7
ENSDARG00000021985;ercc2;Ercc2;ercc2
ENSDARG00000063229;xpo1b;Xpo1;xpo1b
ENSDARG00000063686;atp23;Atp23;xrcc6bp1
ENSDARG00000104401;yme1l1b;Yme1l1;yme1l1b
ENSDARG00000014498;ythdf2;Ythdf2;ythdf2
ENSDARG00000071658;ywhag2;Ywhag;ywhag2
ENSDARG00000042539;ywhaqa;Ywhaq;ywhaqa
ENSDARG00000102501;hoxa5a;Hoxa5;hoxa5a
ENSDARG00000070337;hoxc1a;Hoxd1;hoxc1a
ENSDARG00000017220;otud7b;Otud7b;otud7b
ENSDARG00000044056;ahi1;Ahi1;ahi1
ENSDARG00000003469;neurod4;Neurod4;neurod4
ENSDARG00000037555;atoh8;Atoh8;atoh8
ENSDARG00000030881;baxb;Bax;baxb
ENSDARG00000008807;bokb;Bok;bokb
ENSDARG00000000935;unk;Unk;unk
ENSDARG00000055930;zc3h7bb;Zc3h7b;zc3h7b
ENSDARG00000078355;zc3h4;Zc3h4;zc3h4
ENSDARG00000044047;slc18b1;Slc18b1;slc18b1
ENSDARG00000043589;ca4a;Car4;ca4a
ENSDARG00000053713;ccdc88c;Ccdc88c;ccdc88c
ENSDARG00000036214;dazl;Dazl;dazl
ENSDARG00000007808;zdhhc16a;Zdhhc16;zdhhc16a
ENSDARG00000069807;zdhhc18a;Zdhhc18;zdhhc18a
ENSDARG00000003899;zdhhc23b;Zdhhc23;zdhhc23b
ENSDARG00000018508;zdhhc8b;Zdhhc8;zdhhc8b
ENSDARG00000027469;hsd17b1;Hsd17b1;hsd17b1
ENSDARG00000073696;frmd8;Frmd8;frmd8
ENSDARG00000044561;ccr7;Ccr7;ccr7
ENSDARG00000053097;hsf2;Hsf2;hsf2
ENSDARG00000034610;insb;Ins1;insb
ENSDARG00000006894;oprk1;Oprk1;oprk1
ENSDARG00000039434;oprm1;Oprm1;oprm1
ENSDARG00000037433;fmr1;Fmr1;fmr1
ENSDARG00000062998;pglyrp2;Pglyrp2;pglyrp2
ENSDARG00000103642;pglyrp6;Pglyrp2;pglyrp6
ENSDARG00000056739;tas1r1;Tas1r1;tas1r1
ENSDARG00000059397;tas1r2.2;Tas1r2;tas1r2.2
ENSDARG00000006341;tas1r3;Tas1r3;tas1r3
ENSDARG00000009178;zfand1;Zfand1;zfand1
ENSDARG00000023989;pef1;Pef1;pef1
ENSDARG00000032037;bet1l;Bet1l;bet1l
ENSDARG00000022340;ufc1;Ufc1;ufc1
ENSDARG00000039872;lamtor2;Lamtor2;lamtor2
ENSDARG00000017617;alg6;Alg6;alg6
ENSDARG00000037409;tmem144a;Tmem144;tmem144a
ENSDARG00000056517;thoc3;Thoc3;thoc3
ENSDARG00000099336;mvda;Mvd;mvda
ENSDARG00000012035;fbxo44.5;Fbxo44;zgc:100832
ENSDARG00000056150;rbms2b;Rbms2;rbms2b
ENSDARG00000045874;yeats4;Yeats4;yeats4
ENSDARG00000078059;nudcd2;Nudcd2;nudcd2
ENSDARG00000058732;scgn;Scgn;scgn
ENSDARG00000019963;sfxn1;Sfxn1;sfxn1
ENSDARG00000039486;bag3;Bag3;bag3
ENSDARG00000020024;fam151b;Fam151b;fam151b
ENSDARG00000098130;bola3;Bola3;bola3
ENSDARG00000021607;negr1;Negr1;negr1
ENSDARG00000011262;traip;Traip;traip
ENSDARG00000037558;asb12b;Asb12;asb12b
ENSDARG00000004925;immp2l;Immp2l;immp2l
ENSDARG00000037884;rab30;Rab30;rab30
ENSDARG00000021633;sh3bgr;Sh3bgr;sh3bgr
ENSDARG00000057997;tmf1;Tmf1;tmf1
ENSDARG00000005023;fkbp9;Fkbp9;fkbp9
ENSDARG00000104495;pltp;Pltp;pltp
ENSDARG00000088593;chst1;Chst1;chst1
ENSDARG00000075172;fbxo25;Fbxo25;fbxo25
ENSDARG00000041400;ndufa3;Ndufa3;ndufa3
ENSDARG00000077526;babam1;Babam1;babam1
ENSDARG00000036897;sgms2b;Sgms2;ENSDARG00000036897
ENSDARG00000052386;cldnd1b;Cldnd1;cldnd1b
ENSDARG00000012796;hnmt;Hnmt;hnmt
ENSDARG00000042961;nkain5;Nkain4;zgc:100920
ENSDARG00000026035;ube2b;Ube2b;ube2b
ENSDARG00000020131;fnbp1l;Fnbp1l;fnbp1l
ENSDARG00000038107;sgcg;Sgcg;sgcg
ENSDARG00000003517;impa1;Impa1;impa1
ENSDARG00000043928;gpn1;Gpn1;gpn1
ENSDARG00000010248;wdr54;Wdr54;wdr54
ENSDARG00000044588;emp2;Emp2;emp2
ENSDARG00000100718;me2;Me2;me2
ENSDARG00000090785;diaph3;Diaph3;diaph3
ENSDARG00000046127;tk2;Tk2;tk2
ENSDARG00000035630;ypel1;Ypel1;ypel1
ENSDARG00000093007;mphosph6;Mphosph6;mphosph6
ENSDARG00000003109;rcan1a;Rcan1;rcan1a
ENSDARG00000039005;trappc1;Trappc1;trappc1
ENSDARG00000059234;mrps27;Mrps27;mrps27
ENSDARG00000012506;rnpep;Rnpep;rnpep
ENSDARG00000009764;srek1;Srek1;srek1
ENSDARG00000033771;hspbap1;Hspbap1;hspbap1
ENSDARG00000100583;hid1b;Hid1;hid1b
ENSDARG00000069677;nicn1;Nicn1;nicn1
ENSDARG00000091683;cnrip1a;Cnrip1;cnrip1a
ENSDARG00000031116;dnal4a;Dnal4;dnal4a
ENSDARG00000017329;cdkl1;Cdkl1;cdkl1
ENSDARG00000045364;trappc3;Trappc3;trappc3
ENSDARG00000030804;fam120b;Fam120b;fam120b
ENSDARG00000045541;gcc1;Gcc1;gcc1
ENSDARG00000036704;tmem18;Tmem18;tmem18
ENSDARG00000012177;rab4b;Rab4b;rab4b
ENSDARG00000074451;mnd1;Mnd1;mnd1
ENSDARG00000057011;dpm1;Dpm2;dpm1
ENSDARG00000102977;cant1b;Cant1;cant1b
ENSDARG00000035434;zmat5;Zmat5;zmat5
ENSDARG00000069494;tmem223;Tmem223;tmem223
ENSDARG00000007971;cks1b;Cks1b;cks1b
ENSDARG00000045989;arf4a;Arf5;arf4a
ENSDARG00000002826;cep57l1;Cep57l1;cep57l1
ENSDARG00000023003;ccdc12;Ccdc12;ccdc12
ENSDARG00000014761;mfsd6l;Mfsd6l;mfsd6l
ENSDARG00000071051;cbx6a;Cbx6;cbx6a
ENSDARG00000042338;lpar2a;Lpar2;lpar2a
ENSDARG00000036784;commd7;Commd7;commd7
ENSDARG00000009982;fam199x;Fam199x;fam199x
ENSDARG00000045878;nudt4b;Nudt4;nudt4b
ENSDARG00000013006;pibf1;Pibf1;pibf1
ENSDARG00000052688;paqr5b;Paqr5;paqr5b
ENSDARG00000041071;jagn1a;Jagn1;jagn1a
ENSDARG00000003854;acsl1b;Acsl1;acsl1b
ENSDARG00000087198;cthrc1a;Cthrc1;cthrc1a
ENSDARG00000009886;rnf114;Rnf114;rnf114
ENSDARG00000057928;mzt2b;Mzt2;mzt2b
ENSDARG00000012366;fbp2;Fbp2;fbp2
ENSDARG00000045140;lcmt1;Lcmt1;lcmt1
ENSDARG00000008639;kifap3a;Kifap3;kifap3a
ENSDARG00000026635;asb1;Asb1;asb1
ENSDARG00000036139;lctla;Lctl;lctla
ENSDARG00000033447;nxph1;Nxph1;nxph1
ENSDARG00000051851;ctu2;Ctu2;ctu2
ENSDARG00000039915;bola1;Bola1;bola1
ENSDARG00000027687;tmem230a;Tmem230;tmem230a
ENSDARG00000040861;tcf25;Tcf25;tcf25
ENSDARG00000029660;commd5;Commd5;commd5
ENSDARG00000043177;lsm1;Lsm1;lsm1
ENSDARG00000102684;lrrc1;Lrrc1;lrrc1
ENSDARG00000056262;slc35g2a;Slc35g2;slc35g2a
ENSDARG00000087349;reep6;Reep6;reep6
ENSDARG00000034808;kcnip1b;Kcnip1;kcnip1b
ENSDARG00000028088;galk1;Galk1;galk1
ENSDARG00000101164;nansb;Nans;ENSDARG00000101164
ENSDARG00000103760;cfhl2;Cfhr4;cfhl2
ENSDARG00000009961;rundc3b;Rundc3b;rundc3b
ENSDARG00000104342;csnk1g1;Csnk1g1;csnk1g1
ENSDARG00000075883;bub3;Bub3;bub3
ENSDARG00000042270;arsa;Arsa;arsa
ENSDARG00000031968;cpped1;Cpped1;cpped1
ENSDARG00000078075;ilrun;Ilrun;zgc:101577
ENSDARG00000058076;snf8;Snf8;snf8
ENSDARG00000013274;eif4eb;Eif4e;eif4eb
ENSDARG00000036155;gla;Gla;gla
ENSDARG00000036915;dolpp1;Dolpp1;dolpp1
ENSDARG00000051953;ythdc1;Ythdc1;ythdc1
ENSDARG00000044114;cyb561d2;Cyb561d2;cyb561d2
ENSDARG00000086896;fubp3;Fubp3;fubp3
ENSDARG00000002077;mnat1;Mnat1;mnat1
ENSDARG00000102974;baz2a;Baz2a;baz2a
ENSDARG00000056683;cdk5;Cdk5;cdk5
ENSDARG00000007430;prdm12b;Prdm12;prdm12b
ENSDARG00000038360;thg1l;Thg1l;thg1l
ENSDARG00000005897;dera;Dera;dera
ENSDARG00000068868;nap1l4b;Nap1l4;nap1l4b
ENSDARG00000042688;bora;Bora;bora
ENSDARG00000006869;stx17;Stx17;stx17
ENSDARG00000037966;thoc6;Thoc6;thoc6
ENSDARG00000102356;scp2b;Scp2d1;scp2b
ENSDARG00000036650;cdadc1;Cdadc1;cdadc1
ENSDARG00000103093;alg14;Alg14;alg14
ENSDARG00000059131;spdya;Spdya;spdya
ENSDARG00000070116;nit1;Nit1;nit1
ENSDARG00000098208;fn3krp;Fn3krp;fn3krp
ENSDARG00000013236;dhcr24;Dhcr24;dhcr24
ENSDARG00000029905;phyhd1;Phyhd1;phyhd1
ENSDARG00000020009;bmp2k;Bmp2k;bmp2k
ENSDARG00000025555;ormdl3;Ormdl3;ormdl3
ENSDARG00000086103;slc37a1;Slc37a1;slc37a1
ENSDARG00000019156;haus5;Haus5;haus5
ENSDARG00000007624;gins1;Gins1;gins1
ENSDARG00000027966;ap1s3b;Ap1s3;ap1s3b
ENSDARG00000045510;tbc1d22a;Tbc1d22a;tbc1d22a
ENSDARG00000038040;tpk1;Tpk1;tpk1
ENSDARG00000027582;angptl7;Angptl7;angptl7
ENSDARG00000014138;acot8;Acot8;acot8
ENSDARG00000002391;tlcd1;Tlcd1;tlcd1
ENSDARG00000099156;katnal1;Katnal1;katnal1
ENSDARG00000040291;cadm4;Cadm4;cadm4
ENSDARG00000021324;nsun4;Nsun4;nsun4
ENSDARG00000071671;nudt22;Nudt22;nudt22
ENSDARG00000012915;ech1;Ech1;ech1
ENSDARG00000104126;ccpg1;Ccpg1;ccpg1
ENSDARG00000028192;cradd;Cradd;cradd
ENSDARG00000003934;nxnl2;Nxnl2;nxnl2
ENSDARG00000019081;dhdh.2;Dhdh;ENSDARG00000019081
ENSDARG00000014849;pih1d2;Pih1d2;pih1d2
ENSDARG00000004396;b3gnt5b;B3gnt5;b3gnt5b
ENSDARG00000092204;ms4a17a.5;Ms4a15;ms4a17a.5
ENSDARG00000099802;pnp5b;Pnp;pnp5b
ENSDARG00000057983;svopl;Svopl;svopl
ENSDARG00000057625;dusp14;Dusp14;dusp14
ENSDARG00000044011;xkrx;Xkrx;xkrx
ENSDARG00000054096;rbm41;Rbm41;rbm41
ENSDARG00000005425;wdfy1;Wdfy1;wdfy1
ENSDARG00000005679;trip10a;Trip10;trip10a
ENSDARG00000006174;lrrc23;Lrrc23;lrrc23
ENSDARG00000100104;anxa14;Anxa9;ENSDARG00000100104
ENSDARG00000087556;pacrg;Pacrg;pacrg
ENSDARG00000012435;spic;Spic;spic
ENSDARG00000098686;tmprss2;Tmprss2;tmprss2
ENSDARG00000101331;tekt1;Tekt1;tekt1
ENSDARG00000040707;chchd4b;Chchd4;chchd4b
ENSDARG00000045561;dram1;Dram1;dram1
ENSDARG00000026338;styxl1;Styxl1;styxl1
ENSDARG00000004727;cmss1;Cmss1;cmss1
ENSDARG00000068208;def8;Def8;def8
ENSDARG00000016415;dhtkd1;Dhtkd1;dhtkd1
ENSDARG00000039569;emx1;Emx1;emx1
ENSDARG00000100242;dph5;Dph5;dph5
ENSDARG00000044540;fkbp2;Fkbp2;fkbp2
ENSDARG00000005500;dgcr6;Dgcr6;dgcr6
ENSDARG00000045268;tectb;Tectb;tectb
ENSDARG00000036894;aimp1b;Aimp1;ENSDARG00000036894
ENSDARG00000070449;tspan5b;Tspan5;tspan5b
ENSDARG00000043662;cnih2;Cnih2;cnih2
ENSDARG00000018958;nrarpb;Nrarp;nrarpb
ENSDARG00000037425;s100a10a;S100a10;s100a10a
ENSDARG00000019339;uxt;Uxt;uxt
ENSDARG00000014941;tprkb;Tprkb;tprkb
ENSDARG00000033285;gsto2;Gsto2;gsto2
ENSDARG00000004307;lypd6;Lypd6;lypd6
ENSDARG00000051875;islr2;Islr2;islr2
ENSDARG00000077306;cutc;Cutc;cutc
ENSDARG00000018653;acot7;Acot7;acot7
ENSDARG00000045978;chchd6b;Chchd6;chchd6b
ENSDARG00000030905;cited2;Cited2;cited2
ENSDARG00000014059;cldn5b;Cldn5;cldn5b
ENSDARG00000045634;lmod2a;Lmod2;lmod2a
ENSDARG00000038288;cd151;Cd151;cd151
ENSDARG00000104441;hspb7;Hspb7;hspb7
ENSDARG00000078647;samsn1b;Samsn1;samsn1b
ENSDARG00000037713;pcnp;Pcnp;pcnp
ENSDARG00000057317;nexn;Nexn;nexn
ENSDARG00000042123;nudt3b;Nudt3;nudt3b
ENSDARG00000059972;raly;Raly;raly
ENSDARG00000041589;adprhl1;Adprhl1;adprhl1
ENSDARG00000039299;rdh14a;Rdh14;rdh14a
ENSDARG00000036965;rnf24;Rnf24;rnf24
ENSDARG00000016463;trappc6b;Trappc6b;trappc6b
ENSDARG00000003991;fhl2b;Fhl2;fhl2b
ENSDARG00000045927;slc25a44a;Slc25a44;slc25a44a
ENSDARG00000004130;mvk;Mvk;mvk
ENSDARG00000026348;csad;Csad;csad
ENSDARG00000071669;smyd5;Smyd5;smyd5
ENSDARG00000055730;trim35-29;Trim75;trim35-29
ENSDARG00000078829;ccdc149a;Ccdc149;ccdc149a
ENSDARG00000016765;scamp3;Scamp3;scamp3
ENSDARG00000013861;armc1;Armc1;armc1
ENSDARG00000045785;rlig1;Rlig1;zgc:103499
ENSDARG00000027391;ccnd3;Ccnd3;ccnd3
ENSDARG00000039681;samm50l;Samm50;samm50l
ENSDARG00000056367;mpv17l2;Mpv17l2;mpv17l2
ENSDARG00000003084;spire2;Spire2;spire2
ENSDARG00000019907;dscc1;Dscc1;dscc1
ENSDARG00000021112;c1d;C1d;c1d
ENSDARG00000039996;xkr8.3;Xkr8;xkr8.3
ENSDARG00000040443;polr2i;Polr2i;polr2i
ENSDARG00000013476;arhgef39;Arhgef39;arhgef39
ENSDARG00000021380;ppm1db;Ppm1d;ppm1db
ENSDARG00000041511;pex10;Pex10;pex10
ENSDARG00000056640;rpia;Rpia;rpia
ENSDARG00000004392;hdr;Tnfrsf26;hdr
ENSDARG00000096454;ap1m2;Ap1m2;ap1m2
ENSDARG00000010169;myd88;Myd88;myd88
ENSDARG00000017359;mettl8;Mettl8;mettl8
ENSDARG00000105276;grb2a;Grb2;grb2a
ENSDARG00000075677;mrpl17;Mrpl17;mrpl17
ENSDARG00000042553;pex7;Pex7;pex7
ENSDARG00000020079;neil3;Neil3;neil3
ENSDARG00000053959;cdc42ep2;Cdc42ep2;cdc42ep2
ENSDARG00000002685;fam113;Pced1b;fam113
ENSDARG00000036247;tmem144b;Tmem144;tmem144b
ENSDARG00000018825;tmem248;Tmem248;tmem248
ENSDARG00000040505;yif1b;Yif1b;yif1b
ENSDARG00000038186;rdm1;Rdm1;ENSDARG00000038186
ENSDARG00000021681;asrgl1;Asrgl1;asrgl1
ENSDARG00000069497;sumf2;Sumf2;sumf2
ENSDARG00000039273;fbln5;Fbln5;fbln5
ENSDARG00000045999;saa;Saa2;saa
ENSDARG00000037191;ttr;Ttr;ttr
ENSDARG00000076487;haao;Haao;haao
ENSDARG00000054588;cox6a2;Cox6a2;cox6a2
ENSDARG00000095627;c1qc;C1qb;c1qc
ENSDARG00000011693;ttc36;Ttc36;ttc36
ENSDARG00000026704;ftr72;Trim80;ftr72
ENSDARG00000024503;c6ast3;Astl;c6ast3
ENSDARG00000032816;tm7sf2;Tm7sf2;tm7sf2
ENSDARG00000003132;apip;Apip;apip
ENSDARG00000041179;crygm5;Cryga;crygm5
ENSDARG00000008494;myl6;Myl6;myl6
ENSDARG00000005318;stam2;Stam2;stam2
ENSDARG00000036190;txnl4a;Txnl4a;txnl4a
ENSDARG00000076518;mettl1;Mettl1;mettl1
ENSDARG00000002589;mylpfb;Mylpf;mylpfb
ENSDARG00000022218;uck1;Uck1;uck1
ENSDARG00000018562;cope;Cope;cope
ENSDARG00000043283;prrg1;Prrg1;prrg1
ENSDARG00000069496;arl2;Arl2;arl2
ENSDARG00000043288;impact;Impact;impact
ENSDARG00000014522;cdh6;Cdh9;cdh6
ENSDARG00000040556;ift20;Ift20;ift20
ENSDARG00000042379;tmem120ab;Tmem120a;ENSDARG00000042379
ENSDARG00000041173;adra1bb;Adra1b;adra1bb
ENSDARG00000037097;slc7a2;Slc7a2;slc7a2
ENSDARG00000099667;snrpg;Snrpg;snrpg
ENSDARG00000067981;steep1;Steep1;zgc:103697
ENSDARG00000105018;lrrc20;Lrrc20;lrrc20
ENSDARG00000029381;aldh3a2b;Aldh3a2;aldh3a2b
ENSDARG00000054916;eif4ebp3;Eif4ebp3;eif4ebp3
ENSDARG00000038297;aspdh;Aspdh;aspdh
ENSDARG00000053858;crip1;Crip1;crip1
ENSDARG00000099129;phlda1;Phlda1;phlda1
ENSDARG00000011998;bfsp2;Bfsp2;bfsp2
ENSDARG00000033567;fkbp1ab;Fkbp1a;fkbp1ab
ENSDARG00000009311;pvalb6;Pvalb;pvalb6
ENSDARG00000008920;mrpl53;Mrpl53;mrpl53
ENSDARG00000103824;hint1;Hint1;hint1
ENSDARG00000069920;cox17;Cox17;cox17
ENSDARG00000045402;commd3;Commd3;commd3
ENSDARG00000056583;ndufs6;Ndufs6;ndufs6
ENSDARG00000101039;zdhhc15a;Zdhhc15;zdhhc15a
ENSDARG00000101831;irx1a;Irx1;irx1a
ENSDARG00000070069;pitx3;Pitx3;pitx3
ENSDARG00000024967;fancg;Fancg;fancg
ENSDARG00000090195;mtx3;Mtx3;mtx3
ENSDARG00000017590;nit2;Nit2;nit2
ENSDARG00000008363;mcl1b;Mcl1;mcl1b
ENSDARG00000045065;vti1a;Vti1a;vti1a
ENSDARG00000024311;nsmce4a;Eid3;nsmce4a
ENSDARG00000030981;tmem127;Tmem127;tmem127
ENSDARG00000044613;c1qa;C1qa;c1qa
ENSDARG00000038312;rcl1;Rcl1;rcl1
ENSDARG00000036844;tsen54;Tsen54;tsen54
ENSDARG00000100002;ctbs;Ctbs;ctbs
ENSDARG00000056903;mrpl13;Mrpl13;mrpl13
ENSDARG00000103413;rtbdn;Rtbdn;zgc:109949
ENSDARG00000098783;polr2b;Polr2b;polr2b
ENSDARG00000030626;lrit2;Lrit2;lrit2
ENSDARG00000054378;pcbp3;Pcbp3;pcbp3
ENSDARG00000019304;phactr3b;Phactr3;phactr3b
ENSDARG00000032865;pacsin1a;Pacsin1;pacsin1a
ENSDARG00000053446;sub1a;Sub1;sub1a
ENSDARG00000069314;tmem199;Tmem199;tmem199
ENSDARG00000069085;ints2;Ints2;ints2
ENSDARG00000101876;ints2;Ints2;INTS2
ENSDARG00000028485;cabp5b;Cabp5;cabp5b
ENSDARG00000024548;cryba4;Cryba4;cryba4
ENSDARG00000056605;wbp2;Wbp2;wbp2
ENSDARG00000059057;atpv0e2;Atp6v0e2;atpv0e2
ENSDARG00000011640;syt5b;Syt5;syt5b
ENSDARG00000057055;ndufs8b;Ndufs8;ndufs8b
ENSDARG00000034420;irx6a;Irx6;irx6a
ENSDARG00000057677;neu4;Neu4;neu4
ENSDARG00000042548;tpd52l1;Tpd52l1;tpd52l1
ENSDARG00000004527;pin4;Pin4;pin4
ENSDARG00000019236;gsr;Gsr;gsr
ENSDARG00000103748;ovca2;Ovca2;ovca2
ENSDARG00000004492;pcyt1ab;Pcyt1a;pcyt1ab
ENSDARG00000037965;srrm2;Srrm2;srrm2
ENSDARG00000054164;mrps17;Mrps17;mrps17
ENSDARG00000078315;spring1;Spring1;zgc:110063
ENSDARG00000012632;zgc:92749;Elovl3;zgc:92749
ENSDARG00000035889;zbtb8b;Zbtb8b;zbtb8b
ENSDARG00000044253;paqr3b;Paqr3;paqr3b
ENSDARG00000098313;nadka;Nadk;nadka
ENSDARG00000098934;rrp7a;Rrp7a;rrp7a
ENSDARG00000070866;tmem11;Tmem11;tmem11
ENSDARG00000034528;chodl;Chodl;chodl
ENSDARG00000056047;noxa1;Noxa1;noxa1
ENSDARG00000104071;hikeshi;Hikeshi;hikeshi
ENSDARG00000093774;rbp2b;Rbp2;rbp2b
ENSDARG00000099927;dpf1;Dpf1;dpf1
ENSDARG00000105321;aspscr1;Aspscr1;aspscr1
ENSDARG00000012505;u2af2a;U2af2;u2af2a
ENSDARG00000035905;slc25a44b;Slc25a44;slc25a44b
ENSDARG00000031382;reep2;Reep2;reep2
ENSDARG00000099732;gfra1a;Gfra1;gfra1a
ENSDARG00000009459;slc35e4;Slc35e4;slc35e4
ENSDARG00000038784;faim2a;Faim2;faim2a
ENSDARG00000099560;lyrm5a;Etfrf1;lyrm5a
ENSDARG00000038025;cbx7a;Cbx7;cbx7a
ENSDARG00000032326;mecr;Mecr;mecr
ENSDARG00000102115;ndufc2;Ndufc2;ndufc2
ENSDARG00000040177;rgs16;Rgs16;rgs16
ENSDARG00000034107;actl6b;Actl6b;actl6b
ENSDARG00000006868;trh;Trh;trh
ENSDARG00000007418;chmp4c;Chmp4c;chmp4c
ENSDARG00000041576;nudt18;Nudt18;nudt18
ENSDARG00000046013;rasl11a;Rasl11a;rasl11a
ENSDARG00000020473;hddc3;Hddc3;hddc3
ENSDARG00000006816;gtf2f2b;Gtf2f2;gtf2f2b
ENSDARG00000088439;gm2a;Gm2a;gm2a
ENSDARG00000030632;ccdc3b;Ccdc3;ccdc3b
ENSDARG00000031119;baiap2l1b;Baiap2l1;baiap2l1b
ENSDARG00000008890;ctns;Ctns;ctns
ENSDARG00000053500;cbsa;Cbs;cbsa
ENSDARG00000057035;stoml3b;Stoml3;stoml3b
ENSDARG00000059411;impa2;Impa2;impa2
ENSDARG00000086740;phyh;Phyh;phyh
ENSDARG00000013389;gabra4;Gabra4;GABRA4
ENSDARG00000017860;rgs5b;Rgs16;rgs5b
ENSDARG00000093420;creb1b;Creb1;creb1b
ENSDARG00000100372;alad;Alad;alad
ENSDARG00000040257;slc38a11;Slc38a11;slc38a11
ENSDARG00000052030;akr1a1b;Akr1a1;akr1a1b
ENSDARG00000036990;dctd;Dctd;dctd
ENSDARG00000008662;fign;Fign;fign
ENSDARG00000007125;asb6;Asb6;asb6
ENSDARG00000030753;prrg4;Prrg4;prrg4
ENSDARG00000011233;pcyt1aa;Pcyt1a;pcyt1aa
ENSDARG00000037507;kctd12b;Kctd12b;kctd12b
ENSDARG00000034988;asb4;Asb4;asb4
ENSDARG00000103052;pcyox1;Pcyox1;pcyox1
ENSDARG00000036494;gstcd;Gstcd;gstcd
ENSDARG00000034256;cdk10;Cdk10;cdk10
ENSDARG00000038901;tmem256;Tmem256;tmem256
ENSDARG00000104228;lypla1;Lypla1;lypla1
ENSDARG00000004151;rab23;Rab23;rab23
ENSDARG00000037320;fam131c;Fam131c;fam131c
ENSDARG00000035546;jmjd7;Jmjd7;jmjd7
ENSDARG00000021046;rhbdd1;Rhbdd1;rhbdd1
ENSDARG00000102887;abhd4;Abhd4;abhd4
ENSDARG00000030251;klhl36;Klhl36;klhl36
ENSDARG00000098481;anxa1d;Anxa1;zgc:110283
ENSDARG00000010347;acer1;Acer1;acer1
ENSDARG00000102333;fcf1;Fcf1;fcf1
ENSDARG00000038505;polr2h;Polr2h;polr2h
ENSDARG00000068892;sostdc1a;Sostdc1;sostdc1a
ENSDARG00000020015;mrps33;Mrps33;mrps33
ENSDARG00000099755;pfklb;Pfkl;pfklb
ENSDARG00000039136;cox16;Cox16;cox16
ENSDARG00000056831;gng2;Gng2;gng2
ENSDARG00000020488;arhgap17a;Arhgap17;arhgap17a
ENSDARG00000021115;spata6;Spata6;spata6
ENSDARG00000035634;rfc5;Rfc5;rfc5
ENSDARG00000086985;klc4;Klc4;klc4
ENSDARG00000002959;gpr34b;Gpr34;gpr34b
ENSDARG00000042970;gng8;Gng8;gng8
ENSDARG00000043740;efcab11;Efcab11;efcab11
ENSDARG00000052696;bdh2;Bdh2;bdh2
ENSDARG00000058342;grhl2a;Grhl2;grhl2a
ENSDARG00000039350;ssbp1;Ssbp1;ssbp1
ENSDARG00000054050;vsig8a;Vsig8;vsig8a
ENSDARG00000024728;hdhd2;Hdhd2;hdhd2
ENSDARG00000013016;pole4;Pole4;pole4
ENSDARG00000102267;znf750;Zfp750;znf750
ENSDARG00000043093;mpeg1.2;Mpeg1;mpeg1.2
ENSDARG00000003414;capslb;Capsl;capslb
ENSDARG00000022176;iglon5;Iglon5;IGLON5
ENSDARG00000059075;nip7;Nip7;nip7
ENSDARG00000100789;plgrkt;Plgrkt;plgrkt
ENSDARG00000040803;lactb;Lactb;lactb
ENSDARG00000042401;derl2;Derl2;derl2
ENSDARG00000016886;dnajb9b;Dnajb9;dnajb9b
ENSDARG00000042874;phlda2;Phlda2;phlda2
ENSDARG00000046002;necap2;Necap2;necap2
ENSDARG00000008953;pofut1;Pofut1;pofut1
ENSDARG00000029718;p2rx3b;P2rx3;p2rx3b
ENSDARG00000005541;wif1;Wif1;wif1
ENSDARG00000001767;slc29a2;Slc29a2;slc29a2
ENSDARG00000012051;mettl21a;Mettl21a;mettl21a
ENSDARG00000070076;actr2b;Actr2;actr2b
ENSDARG00000039185;nfyba;Nfyb;nfyba
ENSDARG00000020642;gtdc1;Gtdc1;gtdc1
ENSDARG00000021899;b4galt7;B4galt7;b4galt7
ENSDARG00000045105;foxn2b;Foxn2;foxn2b
ENSDARG00000010010;trim13;Trim13;trim13
ENSDARG00000053685;gtf2a2;Gtf2a2;gtf2a2
ENSDARG00000035175;schip1;Schip1;schip1
ENSDARG00000101472;pop4;Pop4;pop4
ENSDARG00000008105;mettl2a;Mettl2;mettl2a
ENSDARG00000056122;gdi1;Gdi1;gdi1
ENSDARG00000053840;ei24;Ei24;ei24
ENSDARG00000059048;mpzl1l;Mpzl1;mpzl1l
ENSDARG00000069498;phkg1b;Phkg1;phkg1b
ENSDARG00000042929;tmem120b;Tmem120b;tmem120b
ENSDARG00000016160;gmpr;Gmpr;gmpr
ENSDARG00000104528;cldn10b;Cldn10;cldn10b
ENSDARG00000007175;recql;Recql;recql
ENSDARG00000003420;chrna5;Chrna5;chrna5
ENSDARG00000040352;crot;Crot;crot
ENSDARG00000041503;med4;Med4;med4
ENSDARG00000071878;trmt112;Trmt112;trmt112
ENSDARG00000007407;barx1;Barx1;barx1
ENSDARG00000013822;anapc16;Anapc16;anapc16
ENSDARG00000008068;tma16;Tma16;tma16
ENSDARG00000052037;trim35-1;Trim35;trim35-1
ENSDARG00000101622;mrps7;Mrps7;mrps7
ENSDARG00000015576;itprip;Itprip;itprip
ENSDARG00000008540;sox21b;Sox21;sox21b
ENSDARG00000006307;shisa4;Shisa4;shisa4
ENSDARG00000037307;gnpda1;Gnpda1;gnpda1
ENSDARG00000042139;fpgt;Fpgt;fpgt
ENSDARG00000035697;spinb;Spin2j;spinb
ENSDARG00000057973;dph1;Dph1;dph1
ENSDARG00000057426;oard1;Oard1;oard1
ENSDARG00000041306;mrps25;Mrps25;mrps25
ENSDARG00000100060;exosc7;Exosc7;exosc7
ENSDARG00000023508;ankrd49;Ankrd49;ankrd49
ENSDARG00000068289;eif3k;Eif3k;eif3k
ENSDARG00000016979;pmpcb;Pmpcb;pmpcb
ENSDARG00000101961;abhd18;Abhd18;abhd18
ENSDARG00000014536;pfdn1;Pfdn1;pfdn1
ENSDARG00000096995;fbxl22;Fbxl22;fbxl22
ENSDARG00000036293;gnb1l;Gnb1l;gnb1l
ENSDARG00000002798;cog8;Cog8;cog8
ENSDARG00000026835;slc25a32b;Slc25a32;slc25a32b
ENSDARG00000089055;ube2ka;Ube2k;ube2ka
ENSDARG00000044813;vps33b;Vps33b;vps33b
ENSDARG00000014274;rfc2;Rfc2;rfc2
ENSDARG00000001897;man2b1;Man2b1;man2b1
ENSDARG00000055676;armt1;Armt1;armt1
ENSDARG00000036415;glb1;Glb1;glb1
ENSDARG00000054867;hibch;Hibch;hibch
ENSDARG00000036070;polr1h;Polr1h;znrd1
ENSDARG00000023678;ercc5;Ercc5;ercc5
ENSDARG00000011801;wars2;Wars2;wars2
ENSDARG00000025912;bscl2l;Bscl2;bscl2l
ENSDARG00000037121;mat2ab;Mat2a;mat2ab
ENSDARG00000041080;thap3;Thap3;thap3
ENSDARG00000036189;spata4;Spata4;spata4
ENSDARG00000102340;ptn;Ptn;ptn
ENSDARG00000042530;nup205;Nup205;nup205
ENSDARG00000057986;ints8;Ints8;ints8
ENSDARG00000098700;il1b;Il1b;il1b
ENSDARG00000100385;slc25a19;Slc25a19;slc25a19
ENSDARG00000042041;tal2;Tal2;tal2
ENSDARG00000028973;tekt2;Tekt2;tekt2
ENSDARG00000034268;slit3;Slit3;slit3
ENSDARG00000091409;zp2.6;Zp1;zp2.6
ENSDARG00000089428;rab12;Rab12;rab12
ENSDARG00000029751;wbp1lb;Wbp1l;wbp1lb
ENSDARG00000075143;nanp;Nanp;nanp
ENSDARG00000017562;banp;Banp;banp
ENSDARG00000006290;ndufs5;Ndufs5;ndufs5
ENSDARG00000014531;atg4a;Atg4a-ps;atg4a
ENSDARG00000059349;homer2;Homer2;homer2
ENSDARG00000018270;olfm1a;Olfm1;olfm1a
ENSDARG00000105036;arl6ip4;Arl6ip4;arl6ip4
ENSDARG00000046081;bloc1s2;Bloc1s2;bloc1s2
ENSDARG00000043798;ms4a17a.1;Ms4a15;ms4a17a.1
ENSDARG00000054597;cnot6l;Cnot6l;cnot6l
ENSDARG00000104392;eri2;Eri2;eri2
ENSDARG00000039477;terb2;Terb2;terb2
ENSDARG00000038006;osr2;Osr2;osr2
ENSDARG00000039535;dapp1;Dapp1;dapp1
ENSDARG00000020363;snrnp25;Snrnp25;snrnp25
ENSDARG00000056007;cyb5d1;Cyb5d1;cyb5d1
ENSDARG00000101170;rab42b;Rab42;rab42b
ENSDARG00000057303;galnt7;Galnt7;galnt7
ENSDARG00000052390;tmed8;Tmed8;tmed8
ENSDARG00000103118;cib1;Cib1;cib1
ENSDARG00000054389;rhof;Rhod;rhof
ENSDARG00000027599;fam221a;Fam221a;fam221a
ENSDARG00000014963;triap1;Triap1;triap1
ENSDARG00000044801;wdr38;Wdr38;wdr38
ENSDARG00000052954;rab25b;Rab25;rab25b
ENSDARG00000086786;mfsd10;Mfsd10;mfsd10
ENSDARG00000034883;acbd5a;Acbd5;acbd5a
ENSDARG00000033610;morn5;Morn5;morn5
ENSDARG00000034975;gpr157;Gpr157;gpr157
ENSDARG00000102899;cremb;Crem;cremb
ENSDARG00000042231;stx11b.2;Stx11;stx11b.2
ENSDARG00000058246;cysltr1;Cysltr1;cysltr1
ENSDARG00000012306;syt13;Syt13;syt13
ENSDARG00000026654;gosr1;Gosr1;gosr1
ENSDARG00000018181;dnajc28;Dnajc28;dnajc28
ENSDARG00000023152;wdr73;Wdr73;wdr73
ENSDARG00000015425;slc24a4a;Slc24a4;slc24a4a
ENSDARG00000024229;ubl7a;Ubl7;ubl7a
ENSDARG00000052113;hexa;Hexa;hexa
ENSDARG00000069850;mrpl30;Mrpl30;mrpl30
ENSDARG00000006468;grap2a;Grap2;grap2a
ENSDARG00000101085;ss18l2;Ss18l2;ss18l2
ENSDARG00000042214;tmem243a;Tmem243;tmem243a
ENSDARG00000058725;rfesd;Rfesd;rfesd
ENSDARG00000044569;cldn19;Cldn19;cldn19
ENSDARG00000006889;mpped2a;Mpped2;mpped2a
ENSDARG00000020450;cacng8a;Cacng8;cacng8a
ENSDARG00000101755;prkar1ab;Prkar1a;prkar1ab
ENSDARG00000031533;ap5m1;Ap5m1;ap5m1
ENSDARG00000055976;pecr;Pecr;pecr
ENSDARG00000039730;ctrb.3;Ctrb1;zgc:112160
ENSDARG00000053010;lpcat2;Lpcat2b;lpcat2
ENSDARG00000045147;tmem184ba;Tmem184b;tmem184ba
ENSDARG00000043796;ms4a17a.7;Ms4a4a;ms4a17a.7
ENSDARG00000043701;gpd1a;Gpd1;gpd1a
ENSDARG00000053383;rprma;Rprm;rprma
ENSDARG00000016704;pbld;Pbld2;pbld
ENSDARG00000024299;c1qtnf4;C1qtnf4;c1qtnf4
ENSDARG00000045416;mppe1;Mppe1;mppe1
ENSDARG00000013813;fam219ab;Fam219a;fam219ab
ENSDARG00000043360;dph3;Dph3;dph3
ENSDARG00000052617;raver1;Raver1;raver1
ENSDARG00000036592;setd4;Setd4;setd4
ENSDARG00000055388;vtna;Vtn;vtna
ENSDARG00000002986;gda;Gda;gda
ENSDARG00000052840;ndufs4;Ndufs4;ndufs4
ENSDARG00000052016;cabp2a;Cabp2;cabp2a
ENSDARG00000040985;itgbl1;Itgbl1;itgbl1
ENSDARG00000058349;polr2l;Polr2l;polr2l
ENSDARG00000098304;taok1b;Taok1;taok1b
ENSDARG00000100248;c1r;C1ra;c1r
ENSDARG00000071871;glod5;Glod5;glod5
ENSDARG00000044169;prelid1b;Prelid1;prelid1b
ENSDARG00000055064;prdx5;Prdx5;prdx5
ENSDARG00000056791;pde6ga;Pde6h;ENSDARG00000056791
ENSDARG00000032985;mrpl27;Mrpl27;mrpl27
ENSDARG00000035763;stx18;Stx18;stx18
ENSDARG00000100116;mrps24;Mrps24;mrps24
ENSDARG00000099913;snrnp35;Snrnp35;snrnp35
ENSDARG00000021984;ndufa2;Ndufa2;ndufa2
ENSDARG00000031049;igsf21a;Igsf21;igsf21a
ENSDARG00000045428;mcee;Mcee;mcee
ENSDARG00000046133;b3galnt2;B3galnt2;b3galnt2
ENSDARG00000089616;coro7;Coro7;coro7
ENSDARG00000043644;vkorc1l1;Vkorc1l1;vkorc1l1
ENSDARG00000021351;nefma;Nefm;nefma
ENSDARG00000057368;rps8b;Rps8;rps8b
ENSDARG00000002264;mrpl41;Mrpl41;mrpl41
ENSDARG00000052371;higd2a;Higd2a;higd2a
ENSDARG00000071159;sft2d2b;Sft2d2;ENSDARG00000071159
ENSDARG00000037777;stk16;Stk16;stk16
ENSDARG00000018650;gtpbp3;Gtpbp3;gtpbp3
ENSDARG00000053155;alg3;Alg3;alg3
ENSDARG00000104825;trim35-7;Trim75;trim35-7
ENSDARG00000005274;rad52;Rad52;rad52
ENSDARG00000035391;ptcd2;Ptcd2;ptcd2
ENSDARG00000077760;ascc1;Ascc1;ascc1
ENSDARG00000040314;psph;Psph;psph
ENSDARG00000030269;grtp1b;Grtp1;grtp1b
ENSDARG00000013613;anxa13l;Anxa13;anxa13l
ENSDARG00000069601;snx30;Snx30;snx30
ENSDARG00000056504;frg1;Frg1;frg1
ENSDARG00000092003;ccs;Ccs;ccs
ENSDARG00000052638;fam210b;Fam210b;fam210b
ENSDARG00000009215;cldn29;Cldn4;ENSDARG00000009215
ENSDARG00000039067;srd5a2b;Srd5a2;srd5a2b
ENSDARG00000016368;zbtb8os;Zbtb8os;zbtb8os
ENSDARG00000102477;stard4;Stard4;stard4
ENSDARG00000103234;ppie;Ppie;ppie
ENSDARG00000099315;nsdhl;Nsdhl;nsdhl
ENSDARG00000036903;irak1bp1;Irak1bp1;irak1bp1
ENSDARG00000029242;fbxo3;Fbxo3;fbxo3
ENSDARG00000076848;lgals3bp.2;Lgals3bp;LGALS3BP
ENSDARG00000037144;cpb2;Cpb2;cpb2
ENSDARG00000006434;polr1e;Polr1e;polr1e
ENSDARG00000099640;eed;Eed;eed
ENSDARG00000075726;dhrs7b;Dhrs7b;dhrs7b
ENSDARG00000045017;pdrg1;Pdrg1;pdrg1
ENSDARG00000015385;ndufs3;Ndufs3;ndufs3
ENSDARG00000054574;znhit1;Znhit1;znhit1
ENSDARG00000045091;mrpl10;Mrpl10;mrpl10
ENSDARG00000052450;hspb2;Hspb2;hspb2
ENSDARG00000039850;dusp22b;Dusp22;dusp22b
ENSDARG00000105056;znf45l;Zfp534;znf45l
ENSDARG00000098206;ptrh1;Ptrh1;ptrh1
ENSDARG00000005908;clk4b;Clk1;clk4b
ENSDARG00000098857;lifra;Osmr;lifra
ENSDARG00000101160;apoa4a;Apoa4;apoa4a
ENSDARG00000035552;agtr2;Agtr2;agtr2
ENSDARG00000027465;rmnd1;Rmnd1;rmnd1
ENSDARG00000055129;pim3;Pim3;pim3
ENSDARG00000056672;abcb8;Abcb8;abcb8
ENSDARG00000094854;ms4a17a.9;Ms4a15;ms4a17a.8
ENSDARG00000069425;hsbp1a;Hsbp1;hsbp1a
ENSDARG00000012446;helz2c;Helz2;si:ch211-183d5.1
ENSDARG00000013777;ppp1r13l;Ppp1r13l;ppp1r13l
ENSDARG00000016056;mhc1laa;Ulbp1;mhc1laa
ENSDARG00000088878;c1qtnf1;C1qtnf1;c1qtnf1
ENSDARG00000058943;cdcp1a;Cdcp1;cdcp1a
ENSDARG00000101947;ptbp2a;Ptbp2;ptbp2a
ENSDARG00000088202;sh3d19;Sh3d19;sh3d19
ENSDARG00000053269;slc2a15b;Slc2a9;slc2a15b
ENSDARG00000104478;cap2;Cap2;cap2
ENSDARG00000006308;ptpn18;Ptpn18;ptpn18
ENSDARG00000037913;nmrk1;Nmrk1;nmrk1
ENSDARG00000035074;rtel1;Rtel1;rtel1
ENSDARG00000021209;kctd9a;Kctd9;kctd9a
ENSDARG00000057857;arfrp1;Arfrp1;arfrp1
ENSDARG00000033533;ccdc115;Ccdc115;ccdc115
ENSDARG00000013828;snx13;Snx13;snx13
ENSDARG00000037628;trpt1;Trpt1;trpt1
ENSDARG00000043480;rbbp8;Rbbp8;rbbp8
ENSDARG00000058480;chtf18;Chtf18;chtf18
ENSDARG00000057006;fam241a;Fam241a;zgc:113201
ENSDARG00000104637;fam219b;Fam219b;fam219b
ENSDARG00000013845;ttc14;Ttc14;ttc14
ENSDARG00000031890;tcp11l1;Tcp11l1;tcp11l1
ENSDARG00000039062;morn4;Morn4;morn4
ENSDARG00000026359;pbld2;Pbld1;pbld2
ENSDARG00000006877;enpp4;Enpp4;enpp4
ENSDARG00000004211;ccdc106a;Ccdc106;ccdc106a
ENSDARG00000040781;sult3st4;Sult3a1;sult3st4
ENSDARG00000097473;sertad3;Sertad3;zgc:113340
ENSDARG00000013251;hsf4;Hsf4;hsf4
ENSDARG00000001835;nalcn;Nalcn;nalcn
ENSDARG00000005526;igfn1.1;Igfn1;igfn1.1
ENSDARG00000090866;kcnj1a.2;Kcnj1;kcnj1a.2
ENSDARG00000014652;ankrd13b;Ankrd13b;ankrd13b
ENSDARG00000102828;mfsd11;Mfsd11;mfsd11
ENSDARG00000070213;etnk2;Etnk2;etnk2
ENSDARG00000102341;sugct;Sugct;sugct
ENSDARG00000018846;dgat2;Dgat2;dgat2
ENSDARG00000068323;astn1;Astn1;astn1
ENSDARG00000023858;ccdc174;Ccdc174;ccdc174
ENSDARG00000038133;sp100.4;Sp140;zgc:113411
ENSDARG00000043198;si:rp71-1i20.2;Ceacam15;si:rp71-1i20.2
ENSDARG00000091699;capn2a;Capn2;capn2a
ENSDARG00000015686;bmp6;Bmp6;bmp6
ENSDARG00000040214;scrt1b;Scrt1;scrt1b
ENSDARG00000041481;smg5;Smg5;smg5
ENSDARG00000027984;gstz1;Gstz1;gstz1
ENSDARG00000041232;rps29;Rps29;rps29
ENSDARG00000002670;atg14;Atg14;ATG14
ENSDARG00000068840;ppt2a.1;Ppt2;zgc:66024
ENSDARG00000086522;zp2.5;Zp1;zp2.5
ENSDARG00000008396;ftr24;Trim80;ftr24
ENSDARG00000051736;hist1h2a4;H2ac21;zgc:114037
ENSDARG00000037390;gsg1l;Gsg1l;gsg1l
ENSDARG00000037423;smim19;Smim19;smim19
ENSDARG00000069334;agfg2;Agfg2;zgc:114045
ENSDARG00000052379;ccdc22;Ccdc22;ccdc22
ENSDARG00000031775;ube2s;Ube2s;ube2s
ENSDARG00000020231;mapre3a;Mapre3;mapre3a
ENSDARG00000076330;dusp12;Dusp12;dusp12
ENSDARG00000025559;pex11g;Pex11g;pex11g
ENSDARG00000052290;rab33ba;Rab33b;rab33ba
ENSDARG00000015907;dcbld1;Dcbld1;dcbld1
ENSDARG00000100047;ergic1;Ergic1;ergic1
ENSDARG00000057352;slc25a29;Slc25a29;slc25a29
ENSDARG00000040635;rnf11b;Rnf11;rnf11b
ENSDARG00000070412;mtmr7b;Mtmr7;mtmr7b
ENSDARG00000007443;fbxl18;Fbxl18;fbxl18
ENSDARG00000058679;zmat1;Zmat1;zgc:114104
ENSDARG00000079623;ubtd1b;Ubtd1;ubtd1b
ENSDARG00000003973;chordc1a;Chordc1;chordc1a
ENSDARG00000100559;tor2a;Tor2a;tor2a
ENSDARG00000094277;mrpl44;Mrpl44;mrpl44
ENSDARG00000017316;bag5;Bag5;bag5
ENSDARG00000101812;srcin1b;Srcin1;zgc:114120
ENSDARG00000102145;ccdc77;Ccdc77;ccdc77
ENSDARG00000101461;emp3b;Emp3;emp3b
ENSDARG00000008014;nudt17;Nudt17;nudt17
ENSDARG00000007657;ccnh;Ccnh;ccnh
ENSDARG00000024314;herpud1;Herpud1;herpud1
ENSDARG00000103935;rab27a;Rab27a;rab27a
ENSDARG00000053527;snx24;Snx24;snx24
ENSDARG00000019976;idi1;Idi1;idi1
ENSDARG00000013950;pdf;Pdf;pdf
ENSDARG00000035949;tmem106bb;Tmem106b;tmem106bb
ENSDARG00000037501;aasdhppt;Aasdhppt;aasdhppt
ENSDARG00000015337;comta;Comt;comta
ENSDARG00000052072;dnajb9a;Dnajb9;dnajb9a
ENSDARG00000002764;miox;Miox;miox
ENSDARG00000055070;borcs7;Borcs7;borcs7
ENSDARG00000039346;ndufa5;Ndufa5;ndufa5
ENSDARG00000057884;fbxo44.7;Fbxo44;zgc:114174
ENSDARG00000086706;bmerb1;Bmerb1;zgc:114175
ENSDARG00000094730;acbd7;Acbd7;acbd7
ENSDARG00000052578;c6ast4;Astl;c6ast4
ENSDARG00000038243;e4f1;E4f1;e4f1
ENSDARG00000102129;crygn1;Crygn;crygn1
ENSDARG00000016065;tlr3;Tlr3;tlr3
ENSDARG00000040566;phykpl;Phykpl;phykpl
ENSDARG00000074265;dzip1l;Dzip1l;dzip1l
ENSDARG00000043728;srek1ip1;Srek1ip1;srek1ip1
ENSDARG00000069265;matn3b;Matn3;matn3b
ENSDARG00000003229;gdf9;Gdf9;gdf9
ENSDARG00000101949;numbl;Numbl;numbl
ENSDARG00000103727;tfr2;Tfr2;ENSDARG00000103727
ENSDARG00000036116;eif3hb;Eif3h;eif3hb
ENSDARG00000099921;tbce;Tbce;tbce
ENSDARG00000103295;cyp3a65;Cyp3a25;cyp3a65
ENSDARG00000037551;pm20d1.1;Pm20d1;pm20d1.1
ENSDARG00000070844;gamt;Gamt;gamt
ENSDARG00000024681;pane1;Cenpm;pane1
ENSDARG00000052271;slc22a18;Slc22a18;slc22a18
ENSDARG00000037245;trmo;Trmo;trmo
ENSDARG00000061697;ca14;Car14;ca14
ENSDARG00000042344;trmt6;Trmt6;trmt6
ENSDARG00000100157;tamm41;Tamm41;tamm41
ENSDARG00000070929;sox14;Sox14;sox14
ENSDARG00000101054;syn2b;Syn2;syn2b
ENSDARG00000058050;smyd3;Smyd3;smyd3
ENSDARG00000043447;gpr55a;Gpr55;gpr55a
ENSDARG00000055252;snap23.2;Snap23;snap23.2
ENSDARG00000056144;tmem150b;Tmem150b;ENSDARG00000056144
ENSDARG00000015422;ppil1;Ppil1;ppil1
ENSDARG00000042561;lpar2b;Lpar2;lpar2b
ENSDARG00000086906;stambpb;Stambp;stambpb
ENSDARG00000058962;txnl4b;Txnl4b;txnl4b
ENSDARG00000053568;pstpip1b;Pstpip1;pstpip1b
ENSDARG00000054222;fbxl8;Fbxl8;fbxl8
ENSDARG00000037008;bscl2;Bscl2;bscl2
ENSDARG00000058390;acot9.2;Acot9;acot9.2
ENSDARG00000004696;eefsec;Eefsec;eefsec
ENSDARG00000053744;dcdc2b;Dcdc2b;dcdc2b
ENSDARG00000041750;ccdc92;Ccdc92;ccdc92
ENSDARG00000042727;exo5;Exo5;exo5
ENSDARG00000033273;primpol;Primpol;primpol
ENSDARG00000032584;thnsl2;Thnsl2;thnsl2
ENSDARG00000099448;sh3d21;Sh3d21;sh3d21
ENSDARG00000059209;abhd13;Abhd13;abhd13
ENSDARG00000093477;cyp46a1.5;Cyp46a1;ENSDARG00000093477
ENSDARG00000070437;rpl22;Rpl22;rpl22
ENSDARG00000099313;naga;Naga;naga
ENSDARG00000074071;mrnip;Mrnip;zgc:123335
ENSDARG00000055653;nubp2;Nubp2;nubp2
ENSDARG00000057437;apodb;Apod;apodb
ENSDARG00000036943;golph3l;Golph3l;golph3l
ENSDARG00000058984;rad23ab;Rad23a;rad23ab
ENSDARG00000012275;katnal2;Katnal2;katnal2
ENSDARG00000059398;myef2;Myef2;myef2
ENSDARG00000010021;grpel1;Grpel1;grpel1
ENSDARG00000006314;itgav;Itgav;itgav
ENSDARG00000068934;cyp1b1;Cyp1b1;cyp1b1
ENSDARG00000011298;atf7a;Atf7;atf7a
ENSDARG00000055365;si:dkey-25e12.3;Hint3;si:dkey-25e12.3
ENSDARG00000100466;nrl;Nrl;nrl
ENSDARG00000067832;tle2c;Tle2;zgc:136336
ENSDARG00000099406;lrit1b;Lrit1;lrit1b
ENSDARG00000040407;usp22;Usp22;usp22
ENSDARG00000045414;elovl2;Elovl2;elovl2
ENSDARG00000033444;map4k6;Map4k2;map4k6
ENSDARG00000056914;emg1;Emg1;emg1
ENSDARG00000052387;pou2f3;Pou2f3;pou2f3
ENSDARG00000014366;luc7l3;Luc7l3;luc7l3
ENSDARG00000011246;krr1;Krr1;krr1
ENSDARG00000058372;mcph1;Mcph1;mcph1
ENSDARG00000009341;nrap;Nrap;nrap
ENSDARG00000026500;xkr9;Xkr9;xkr9
ENSDARG00000044514;st6gal1;St6gal1;st6gal1
ENSDARG00000093844;ctrb.2;Ctrb1;zgc:136461
ENSDARG00000044203;sumf1;Sumf1;sumf1
ENSDARG00000002230;sypb;Syp;sypb
ENSDARG00000076169;pold3;Pold3;pold3
ENSDARG00000043482;b3gnt3.1;B3gnt3;ENSDARG00000043482
ENSDARG00000021239;apaf1;Apaf1;apaf1
ENSDARG00000030157;mybpc2a;Mybpc2;mybpc2a
ENSDARG00000003290;dab1b;Dab1;dab1b
ENSDARG00000060498;tnfrsf9a;Tnfrsf9;tnfrsf9a
ENSDARG00000014875;abi2b;Abi2;abi2b
ENSDARG00000041372;qng1;Qng1;zgc:136564
ENSDARG00000071345;mgst2;Mgst2;mgst2
ENSDARG00000012833;foxn3;Foxn3;foxn3
ENSDARG00000057013;cadm3;Cadm3;cadm3
ENSDARG00000059020;thap1;Thap1;thap1
ENSDARG00000056015;hoxb13a;Hoxb13;hoxb13a
ENSDARG00000055883;dmc1;Dmc1;dmc1
ENSDARG00000035605;tchp;Tchp;tchp
ENSDARG00000044797;cd8a;Cd8a;cd8a
ENSDARG00000021789;myoc;Myoc;myoc
ENSDARG00000042925;mfng;Mfng;mfng
ENSDARG00000100657;egfl7;Egfl7;egfl7
ENSDARG00000007349;dmrt1;Dmrt1;dmrt1
ENSDARG00000102525;lck;Lck;lck
ENSDARG00000041530;ppih;Ppih;ppih
ENSDARG00000062553;bach1a;Bach1;bach1a
ENSDARG00000052121;rag2;Rag2;rag2
ENSDARG00000056468;asb16;Asb16;asb16
ENSDARG00000101109;cldn15b;Cldn15;cldn15b
ENSDARG00000059060;lgalsla;Lgalsl;lgalsla
ENSDARG00000060626;dgkaa;Dgka;dgkaa
ENSDARG00000040678;ccdc93;Ccdc93;ccdc93
ENSDARG00000087954;rac1b;Rac1;rac1b
ENSDARG00000031809;rbm24b;Rbm24;rbm24b
ENSDARG00000059916;hyal1;Hyal1;hyal1
ENSDARG00000029493;f9b;F9;f9b
ENSDARG00000089177;cyp46a1.3;Cyp46a1;cyp46a1.3
ENSDARG00000052388;pcgf5b;Pcgf5;pcgf5b
ENSDARG00000075592;tnfaip8l2a;Tnfaip8l2;tnfaip8l2a
ENSDARG00000037056;zte38;Hormad2;zte38
ENSDARG00000101967;sult4a1;Sult4a1;sult4a1
ENSDARG00000053074;gipc3;Gipc3;gipc3
ENSDARG00000053728;ttll3;Ttll3;ttll3
ENSDARG00000007477;fbxo8;Fbxo8;fbxo8
ENSDARG00000012005;mob2b;Mob2;mob2b
ENSDARG00000062585;brat1;Brat1;brat1
ENSDARG00000000369;prkag3b;Prkag3;prkag3b
ENSDARG00000033684;oxgr1a.1;Oxgr1;oxgr1a.1
ENSDARG00000059342;avil;Avil;avil
ENSDARG00000071876;rell2;Rell2;rell2
ENSDARG00000054264;cog4;Cog4;cog4
ENSDARG00000091658;sptssb;Sptssb;sptssb
ENSDARG00000059226;zbtb8a;Zbtb8a;zbtb8a
ENSDARG00000061836;nfixb;Nfix;nfixb
ENSDARG00000061580;kctd7;Kctd7;kctd7
ENSDARG00000042811;fgf1b;Fgf1;fgf1b
ENSDARG00000069260;rec8b;Rec8;rec8b
ENSDARG00000057949;slc43a3b;Slc43a3;slc43a3b
ENSDARG00000058022;ormdl2;Ormdl2;ormdl2
ENSDARG00000038826;jph1b;Jph1;jph1b
ENSDARG00000019116;ing1;Ing1;ing1
ENSDARG00000069058;lgals9l4;Lgals9;lgals9l4
ENSDARG00000069852;lipt2;Lipt2;lipt2
ENSDARG00000058502;olah;Olah;olah
ENSDARG00000027572;as3mt;As3mt;as3mt
ENSDARG00000060515;zdhhc9;Zdhhc9;zdhhc9
ENSDARG00000054818;rpl32;Rpl32;rpl32
ENSDARG00000039466;hnrnph3;Hnrnph3;hnrnph3
ENSDARG00000053940;btr32;Trim11;btr32
ENSDARG00000091001;mycbp;Mycbp;mycbp
ENSDARG00000052115;ehf;Ehf;ehf
ENSDARG00000017444;hal;Hal;hal
ENSDARG00000005448;mtfmt;Mtfmt;mtfmt
ENSDARG00000044775;fut7;Fut7;fut7
ENSDARG00000004187;zgc:122979;Dnajb5;zgc:122979
ENSDARG00000001940;dnajc1;Dnajc1;dnajc1
ENSDARG00000088466;tmx3b;Tmx3;zgc:152808
ENSDARG00000041034;or15.37;Or1e32;zgc:152857
ENSDARG00000098792;znrf2b;Znrf2;ZNRF2
ENSDARG00000054746;uggt1;Uggt1;uggt1
ENSDARG00000097660;trappc2;Trappc2;trappc2
ENSDARG00000061372;cog7;Cog7;cog7
ENSDARG00000070868;cfap126;Cfap126;cfap126
ENSDARG00000053535;lmo7b;Lmo7;lmo7b
ENSDARG00000030805;znhit2;Znhit2;znhit2
ENSDARG00000017813;pigs;Pigs;pigs
ENSDARG00000053877;cpdb;Cpd;cpdb
ENSDARG00000052512;tsga10;Tsga10;tsga10
ENSDARG00000102891;ppp1r26;Ppp1r26;ppp1r26
ENSDARG00000020982;prickle2a;Prickle2;prickle2a
ENSDARG00000063522;bbs4;Bbs4;bbs4
ENSDARG00000041538;mrps28;Mrps28;mrps28
ENSDARG00000015749;hps3;Hps3;hps3
ENSDARG00000054570;smg1;Smg1;smg1
ENSDARG00000077178;sun1a;Sun1;zgc:152977
ENSDARG00000070892;si:ch211-262h13.5;Fetub;si:ch211-262h13.5
ENSDARG00000068926;si:ch211-137a8.2;Syne4;si:ch211-137a8.2
ENSDARG00000029112;gem;Gem;gem
ENSDARG00000098832;fam168a;Fam168a;fam168a
ENSDARG00000030604;phkg1a;Phkg1;phkg1a
ENSDARG00000059714;arsk;Arsk;arsk
ENSDARG00000068181;dpep1;Dpep1;dpep1
ENSDARG00000063230;bmp7b;Bmp7;bmp7b
ENSDARG00000057058;minpp1a;Minpp1;minpp1a
ENSDARG00000104370;esm1;Esm1;esm1
ENSDARG00000046090;dhrs11a;Dhrs11;dhrs11a
ENSDARG00000074752;hlfa;Hlf;hlfa
ENSDARG00000059805;slc25a38a;Slc25a38;slc25a38a
ENSDARG00000069828;si:ch211-117n7.7;Abhd12b;ENSDARG00000069828
ENSDARG00000060035;rnf32;Rnf32;rnf32
ENSDARG00000019595;senp8;Senp8;senp8
ENSDARG00000059857;blvra;Blvra;blvra
ENSDARG00000067723;tank;Tank;tank
ENSDARG00000007722;nudt8;Nudt8;nudt8
ENSDARG00000051891;rsph10b;Rsph10b;rsph10b
ENSDARG00000063009;catip;Catip;catip
ENSDARG00000071360;morn2;Morn2;morn2
ENSDARG00000068784;vsir;Vsir;ENSDARG00000068784
ENSDARG00000061527;nxt2;Nxt1;nxt2
ENSDARG00000053215;me1;Me1;me1
ENSDARG00000100548;tefm;Tefm;tefm
ENSDARG00000067665;fam167aa;Fam167a;fam167aa
ENSDARG00000060569;tmem229b;Tmem229b;tmem229b
ENSDARG00000068582;rnf44;Rnf44;rnf44
ENSDARG00000061024;rabggta;Rabggta;rabggta
ENSDARG00000011537;ugt2a5;Ugt2a3;ugt2a5
ENSDARG00000039513;actmap;Actmap;zgc:153119
ENSDARG00000070478;amn1;Amn1;amn1
ENSDARG00000038296;tmem86b;Tmem86b;tmem86b
ENSDARG00000070119;ctc1;Ctc1;ctc1
ENSDARG00000061638;dcakd;Dcakd;dcakd
ENSDARG00000062307;ccdc61;Ccdc61;ccdc61
ENSDARG00000061505;mrps9;Mrps9;mrps9
ENSDARG00000069464;cox7a1;Cox7a1;cox7a1
ENSDARG00000054833;nucb1;Nucb1;nucb1
ENSDARG00000061354;foxred2;Foxred2;foxred2
ENSDARG00000098441;nars2;Nars2;nars2
ENSDARG00000063445;snap47;Snap47;snap47
ENSDARG00000036144;tssc4;Tssc4;tssc4
ENSDARG00000089641;ppm1lb;Ppm1l;ppm1lb
ENSDARG00000100804;st6galnac4;St6galnac4;st6galnac4
ENSDARG00000059575;uhmk1;Uhmk1;uhmk1
ENSDARG00000014550;rfx3;Rfx3;rfx3
ENSDARG00000103099;ears2;Ears2;ENSDARG00000103099
ENSDARG00000063021;rpain;Rpain;rpain
ENSDARG00000098112;btc;Btc;btc
ENSDARG00000060929;rnf220a;Rnf220;rnf220a
ENSDARG00000071152;pick1;Pick1;pick1
ENSDARG00000071881;arl9;Arl9;arl9
ENSDARG00000070386;krtcap2;Krtcap2;krtcap2
ENSDARG00000007534;itln1;Itln1;itln1
ENSDARG00000070021;cyp3c4;Cyp3a13;cyp3c4
ENSDARG00000025875;kctd2;Kctd2;kctd2
ENSDARG00000099461;asb10;Asb10;asb10
ENSDARG00000069499;spag1b;Spag1;spag1b
ENSDARG00000098911;ccdc34;Ccdc34;zgc:153293
ENSDARG00000054789;lysmd1;Lysmd1;lysmd1
ENSDARG00000059774;dub;Rcsd1;dub
ENSDARG00000099368;slc25a42;Slc25a42;slc25a42
ENSDARG00000003303;stc1;Stc1;stc1
ENSDARG00000068851;rnf183;Rnf183;rnf183
ENSDARG00000069388;tmem88b;Tmem88;tmem88b
ENSDARG00000060489;mrpl32;Mrpl32;mrpl32
ENSDARG00000012625;prkag2a;Prkag2;prkag2a
ENSDARG00000099596;btd;Btd;btd
ENSDARG00000009693;llgl1;Llgl1;llgl1
ENSDARG00000005320;nipsnap1;Nipsnap1;nipsnap1
ENSDARG00000060176;trmt10b;Trmt10b;trmt10b
ENSDARG00000060120;glyctk;Glyctk;glyctk
ENSDARG00000062749;ino80b;Ino80b;ino80b
ENSDARG00000061963;vrtn;Vrtn;vrtn
ENSDARG00000098105;tmem106c;Tmem106c;tmem106c
ENSDARG00000059700;agmat;Agmat;agmat
ENSDARG00000062770;snx21;Snx21;snx21
ENSDARG00000063145;tfam;Tfam;tfam
ENSDARG00000060338;trmt12;Trmt12;trmt12
ENSDARG00000068193;tmem44;Tmem44;tmem44
ENSDARG00000061993;wdr74;Wdr74;wdr74
ENSDARG00000071004;abhd12;Abhd12;abhd12
ENSDARG00000034855;ccnb3;Ccnb3;ccnb3
ENSDARG00000062977;samd13;Samd13;samd13
ENSDARG00000003846;mrpl21;Mrpl21;mrpl21
ENSDARG00000060380;coq6;Coq6;coq6
ENSDARG00000101217;fam78aa;Fam78a;fam78aa
ENSDARG00000060411;ddx28;Ddx28;ddx28
ENSDARG00000060564;slc25a21;Slc25a21;slc25a21
ENSDARG00000039543;mrps6;Mrps6;mrps6
ENSDARG00000037392;med19a;Med19;med19a
ENSDARG00000069147;pex11b;Pex11b;pex11b
ENSDARG00000094833;coa5;Coa5;coa5
ENSDARG00000060501;dpcd;Dpcd;dpcd
ENSDARG00000061049;rnf182;Rnf182;rnf182
ENSDARG00000034056;csnk1g2b;Csnk1g2;csnk1g2b
ENSDARG00000052982;gabrr2a;Gabrr2;gabrr2a
ENSDARG00000060199;mrpl18;Mrpl18;mrpl18
ENSDARG00000044769;kctd13;Kctd13;kctd13
ENSDARG00000068716;cuedc1a;Cuedc1;cuedc1a
ENSDARG00000101285;anapc15;Anapc15;anapc15
ENSDARG00000042988;slc24a2;Slc24a2;slc24a2
ENSDARG00000103317;capn5a;Capn5;capn5a
ENSDARG00000061451;n4bp2;N4bp2;n4bp2
ENSDARG00000067669;zglp1;Zglp1;zglp1
ENSDARG00000069420;trim23;Trim23;trim23
ENSDARG00000102734;wdr48a;Wdr48;wdr48a
ENSDARG00000061770;abcd4;Abcd4;abcd4
ENSDARG00000068916;ppp1r35;Ppp1r35;ppp1r35
ENSDARG00000059629;asphd2;Asphd2;asphd2
ENSDARG00000031243;snai3;Snai3;snai3
ENSDARG00000102402;fut11;Fut11;fut11
ENSDARG00000060374;ttll11;Ttll11;ttll11
ENSDARG00000063446;iba57;Iba57;iba57
ENSDARG00000061946;commd4;Commd4;commd4
ENSDARG00000068989;gabra1;Gabra1;gabra1
ENSDARG00000101210;glg1b;Glg1;glg1b
ENSDARG00000098161;cntn4;Cntn4;cntn4
ENSDARG00000069469;khdrbs2;Khdrbs2;khdrbs2
ENSDARG00000035837;mosmob;Mosmo;zgc:153595
ENSDARG00000055538;avl9;Avl9;avl9
ENSDARG00000070603;hspa12a;Hspa12a;hspa12a
ENSDARG00000055938;tspan14;Tspan14;tspan14
ENSDARG00000063437;wnt9a;Wnt9a;wnt9a
ENSDARG00000103800;prkar1b;Prkar1b;prkar1b
ENSDARG00000058666;dennd2da;Dennd2d;dennd2da
ENSDARG00000013279;znf76;Zfp523;znf76
ENSDARG00000076068;crtc1a;Crtc1;crtc1a
ENSDARG00000069996;dnajb14;Dnajb14;dnajb14
ENSDARG00000052535;ubxn10;Ubxn10;ubxn10
ENSDARG00000102810;samd1a;Samd1;samd1a
ENSDARG00000060322;ifi44c2;Ifi44;zgc:153654
ENSDARG00000058207;abi2a;Abi2;abi2a
ENSDARG00000068305;mrps14;Mrps14;mrps14
ENSDARG00000063375;pter;Pter;pter
ENSDARG00000070589;mrpl35;Mrpl35;mrpl35
ENSDARG00000068958;frmd7;Frmd7;frmd7
ENSDARG00000063684;ppm1h;Ppm1h;ppm1h
ENSDARG00000062209;mrps5;Mrps5;mrps5
ENSDARG00000086017;nxf1a;Nxf1;zgc:153681
ENSDARG00000071548;josd1;Josd1;josd1
ENSDARG00000059870;clk2b;Clk2;clk2b
ENSDARG00000104344;ccdc127a;Ccdc127;zmp:0000000930
ENSDARG00000061174;znf740b;Zfp740;znf740b
ENSDARG00000044574;rbms3;Rbms3;rbms3
ENSDARG00000060069;isoc1;Isoc1;isoc1
ENSDARG00000057394;rab33a;Rab33a;rab33a
ENSDARG00000010662;fbxo36a;Fbxo36;fbxo36a
ENSDARG00000069361;spa17;Spa17;nrgnb
ENSDARG00000071044;fbxo44.3;Fbxo44;zgc:153722
ENSDARG00000007769;sult5a1;Sult5a1;sult5a1
ENSDARG00000087937;cdk4;Cdk4;cdk4
ENSDARG00000067670;pomt1;Pomt1;pomt1
ENSDARG00000051809;btr12;Trim29;btr12
ENSDARG00000060072;abi3a;Abi3;abi3a
ENSDARG00000099817;tusc2a;Tusc2;tusc2a
ENSDARG00000071021;papss2a;Papss2;papss2a
ENSDARG00000045804;abhd2b;Abhd2;abhd2b
ENSDARG00000061852;olfml3a;Olfml3;olfml3a
ENSDARG00000059028;srrd;Srrd;srrd
ENSDARG00000035808;clcn4;Clcn4;clcn4
ENSDARG00000055118;mylipb;Mylip;mylipb
ENSDARG00000020509;srd5a1;Srd5a1;srd5a1
ENSDARG00000046053;slc27a6;Slc27a6;slc27a6
ENSDARG00000059610;gpr146;Gpr146;gpr146
ENSDARG00000059404;rab43;Rab43;rab43
ENSDARG00000036059;tmppe;Tmppe;tmppe
ENSDARG00000020301;os9;Os9;os9
ENSDARG00000053459;rybpb;Rybp;rybpb
ENSDARG00000104949;slc27a1b;Slc27a1;slc27a1b
ENSDARG00000055022;pds5a;Pds5a;pds5a
ENSDARG00000036106;rgs18;Rgs18;rgs18
ENSDARG00000054898;ms4a17a.16;Ms4a4b;ms4a17a.17
ENSDARG00000068939;xaf1;Xaf1;xaf1
ENSDARG00000053106;cep44;Cep44;cep44
ENSDARG00000061551;rap1gap2a;Rap1gap2;rap1gap2a
ENSDARG00000030114;vps4a;Vps4a;vps4a
ENSDARG00000070430;chtopb;Chtop;chtopb
ENSDARG00000004616;mtmr2;Mtmr2;mtmr2
ENSDARG00000101293;pkn2b;Pkn2;PKN2
ENSDARG00000056346;acap1;Acap1;acap1
ENSDARG00000062146;larp4b;Larp4b;larp4b
ENSDARG00000067851;lcn15;Ptgds;lcn15
ENSDARG00000070041;plekhs1.2;Plekhs1;zgc:153920
ENSDARG00000018008;mdh1b;Mdh1b;mdh1b
ENSDARG00000018159;ano10b;Ano10;ano10b
ENSDARG00000061197;armc7;Armc7;armc7
ENSDARG00000070951;hmga1b;Hmga1;hmga1b
ENSDARG00000062226;ino80db;Ino80d;ino80db
ENSDARG00000052978;mbnl1;Mbnl1;mbnl1
ENSDARG00000061242;tuft1a;Tuft1;tuft1a
ENSDARG00000068602;dalrd3;Dalrd3;dalrd3
ENSDARG00000059956;ptk6b;Ptk6;ptk6b
ENSDARG00000005397;trim3b;Trim3;trim3b
ENSDARG00000060954;tmcc1b;Tmcc1;tmcc1b
ENSDARG00000070598;eno4;Eno4;eno4
ENSDARG00000058995;jmjd4;Jmjd4;jmjd4
ENSDARG00000060900;znf362a;Zfp362;znf362a
ENSDARG00000088140;hsd17b7;Hsd17b7;hsd17b7
ENSDARG00000101139;agpat2;Agpat1;agpat2
ENSDARG00000033134;ndufaf7;Ndufaf7;ndufaf7
ENSDARG00000062129;mxra8b;Mxra8;mxra8b
ENSDARG00000031836;vps37c;Vps37c;vps37c
ENSDARG00000068261;pros1;Pros1;pros1
ENSDARG00000061948;amotl2b;Amotl2;amotl2b
ENSDARG00000061789;gnl1;Gnl1;gnl1
ENSDARG00000022493;rad21l1;Rad21l;rad21l1
ENSDARG00000011493;dcun1d3;Dcun1d3;dcun1d3
ENSDARG00000061587;ctdspl2a;Ctdspl2;ctdspl2a
ENSDARG00000099252;ipcef1;Ipcef1;ipcef1
ENSDARG00000070581;ggact.1;Ggact;ggact.1
ENSDARG00000018105;casq1b;Casq1;casq1b
ENSDARG00000058830;zdhhc3b;Zdhhc3;zdhhc3b
ENSDARG00000062096;pm20d1.2;Pm20d1;pm20d1.2
ENSDARG00000070371;kat7a;Kat7;kat7a
ENSDARG00000093006;rarres3;Plaat5;zgc:154040
ENSDARG00000100752;rab21;Rab21;RAB21
ENSDARG00000013794;klf11b;Klf11;klf11b
ENSDARG00000067996;csk;Csk;csk
ENSDARG00000031562;tada2a;Tada2a;tada2a
ENSDARG00000006598;sgk2b;Sgk2;sgk2b
ENSDARG00000091851;tsen2;Tsen2;tsen2
ENSDARG00000098669;exd1;Exd1;exd1
ENSDARG00000069298;osbpl9;Osbpl9;osbpl9
ENSDARG00000063001;atp8a1;Atp8a1;atp8a1
ENSDARG00000063003;alkbh5;Alkbh5;alkbh5
ENSDARG00000023659;gabpb1;Gabpb1;gabpb1
ENSDARG00000090418;wdsub1;Wdsub1;wdsub1
ENSDARG00000003444;dhrs7;Dhrs7l;dhrs7
ENSDARG00000032769;slc38a9;Slc38a9;slc38a9
ENSDARG00000063218;ppm1la;Ppm1l;ppm1la
ENSDARG00000041317;rangap1a;Rangap1;rangap1a
ENSDARG00000062651;zc3hc1;Zc3hc1;zc3hc1
ENSDARG00000063670;gtf2a1l;Ston1;gtf2a1l
ENSDARG00000055232;fancc;Fancc;fancc
ENSDARG00000104404;b4galt1l;B4galt1;b4galt1l
ENSDARG00000060601;rgs7bpa;Rgs7bp;rgs7bpa
ENSDARG00000070140;retsat.1;Retsat;RETSAT
ENSDARG00000038363;drd4a;Drd4;drd4a
ENSDARG00000002582;tbx15;Tbx15;tbx15
ENSDARG00000074356;fxn;Fxn;fxn
ENSDARG00000051873;ahcyl2a;Ahcyl2;ENSDARG00000051873
ENSDARG00000068655;dnlz;Dnlz;dnlz
ENSDARG00000014058;rab36;Rab36;rab36
ENSDARG00000062361;paxbp1;Paxbp1;PAXBP1
ENSDARG00000060438;tbl1x;Tbl1x;tbl1x
ENSDARG00000071699;ids;Ids;ids
ENSDARG00000071215;palm3;Palm3;palm3
ENSDARG00000071233;p4htma;P4htm;zgc:158254
ENSDARG00000058522;shq1;Shq1;shq1
ENSDARG00000076805;leng8;Leng8;leng8
ENSDARG00000101270;klhl8;Klhl8;klhl8
ENSDARG00000068367;nfkbie;Nfkbie;nfkbie
ENSDARG00000045465;lancl2;Lancl2;lancl2
ENSDARG00000075467;shisa3;Shisa3;shisa3
ENSDARG00000098221;st8sia1;St8sia1;st8sia1
ENSDARG00000099787;echdc3;Echdc3;echdc3
ENSDARG00000059582;sowahcb;Sowahc;sowahcb
ENSDARG00000062251;fbxl7;Fbxl7;fbxl7
ENSDARG00000061450;tesk2;Tesk2;tesk2
ENSDARG00000100011;strn;Strn;strn
ENSDARG00000003998;phyhipla;Phyhipl;phyhipla
ENSDARG00000052192;s1pr5b;S1pr5;s1pr5b
ENSDARG00000060054;epc1b;Epc1;epc1b
ENSDARG00000063438;srebf2;Srebf2;srebf2
ENSDARG00000104839;mansc1;Mansc1;mansc1
ENSDARG00000060068;fam98b;Fam98b;fam98b
ENSDARG00000051853;galns;Galns;galns
ENSDARG00000057927;rps6ka3b;Rps6ka3;rps6ka3b
ENSDARG00000099240;acap3b;Acap3;acap3b
ENSDARG00000069009;si:ch211-147a11.3;A430005L14Rik;si:ch211-147a11.3
ENSDARG00000042807;slc16a4;Slc16a4;slc16a4
ENSDARG00000090526;plekhs1.3;Plekhs1;zgc:158404
ENSDARG00000061383;serpinf2b;Serpinf2;serpinf2b
ENSDARG00000102433;sytl4;Sytl4;sytl4
ENSDARG00000042791;git2b;Git2;git2b
ENSDARG00000061213;rabep2;Rabep2;rabep2
ENSDARG00000020371;g6pc3;G6pc3;g6pc3
ENSDARG00000060748;tsfm;Tsfm;tsfm
ENSDARG00000087941;pde8a;Pde8a;pde8a
ENSDARG00000057679;sh2b1;Sh2b1;sh2b1
ENSDARG00000102111;zbtb49;Zbtb49;zbtb49
ENSDARG00000061520;b4galnt1a;B4galnt1;b4galnt1a
ENSDARG00000051798;brd1b;Brd1;brd1b
ENSDARG00000069262;erich3;Erich3;erich3
ENSDARG00000053200;dis3l;Dis3l;dis3l
ENSDARG00000101297;tmem266;Tmem266;tmem266
ENSDARG00000038166;hyal6;Hyal6;hyal6
ENSDARG00000004302;slc45a1;Slc45a1;slc45a1
ENSDARG00000063254;r3hdm4;R3hdm4;r3hdm4
ENSDARG00000093065;ubac2;Ubac2;ubac2
ENSDARG00000067668;cep57;Cep57;cep57
ENSDARG00000062973;ttll7;Ttll7;ttll7
ENSDARG00000010035;engase;Engase;engase
ENSDARG00000061215;fam149b1;Fam149b;fam149b1
ENSDARG00000100336;pik3r6a;Pik3r6;pik3r6a
ENSDARG00000063162;cmtm8b;Cmtm8;cmtm8b
ENSDARG00000057374;sfxn3;Sfxn3;sfxn3
ENSDARG00000060210;d2hgdh;D2hgdh;d2hgdh
ENSDARG00000038788;dnai1.2;Dnai1;dnai1.2
ENSDARG00000003311;pank2;Pank2;pank2
ENSDARG00000058003;wfdc1;Wfdc1;wfdc1
ENSDARG00000057427;sv2ba;Sv2b;sv2ba
ENSDARG00000099685;gnb5a;Gnb5;gnb5a
ENSDARG00000059743;tmem98;Tmem98;tmem98
ENSDARG00000007018;ms4a17a.6;Ms4a4d;ms4a17a.6
ENSDARG00000044551;atg9a;Atg9a;atg9a
ENSDARG00000099791;pdk3b;Pdk3;pdk3b
ENSDARG00000063539;slc25a15a;Slc25a2;slc25a15a
ENSDARG00000070617;vhl;Vhl;vhl
ENSDARG00000062056;elmod1;Elmod1;elmod1
ENSDARG00000030980;csrp1b;Csrp1;csrp1b
ENSDARG00000013360;sh3gl3a;Sh3gl3;sh3gl3a
ENSDARG00000062177;dcbld2;Dcbld2;dcbld2
ENSDARG00000039750;ldlrap1b;Ldlrap1;ldlrap1b
ENSDARG00000062986;pnpla7a;Pnpla7;pnpla7a
ENSDARG00000103198;mrps2;Mrps2;mrps2
ENSDARG00000070317;irge4;Iigp1;irge4
ENSDARG00000035819;sirt3;Sirt3;sirt3
ENSDARG00000014956;diablob;Diablo;diablob
ENSDARG00000014676;bckdhb;Bckdhb;bckdhb
ENSDARG00000008203;pax1a;Pax1;pax1a
ENSDARG00000055679;mto1;Mto1;mto1
ENSDARG00000102458;hip1rb;Hip1r;hip1rb
ENSDARG00000063069;gripap1;Gripap1;gripap1
ENSDARG00000069543;galt;Galt;galt
ENSDARG00000031560;srpk1b;Srpk1;srpk1b
ENSDARG00000104076;rnf126;Rnf126;rnf126
ENSDARG00000045391;cd226;Cd226;cd226
ENSDARG00000008790;actr3b;Actr3;actr3b
ENSDARG00000101131;pbx1b;Pbx1;pbx1b
ENSDARG00000063419;dhx35;Dhx35;DHX35
ENSDARG00000062817;crym;Crym;crym
ENSDARG00000061621;them4;Them5;them4
ENSDARG00000102076;spink2.1;Spink2;zgc:158852
ENSDARG00000060002;ogg1;Ogg1;ogg1
ENSDARG00000100677;tmem205;Tmem205;tmem205
ENSDARG00000052747;gpatch3;Gpatch3;gpatch3
ENSDARG00000003576;klhl32;Klhl32;klhl32
ENSDARG00000016161;ccdc170;Ccdc170;ccdc170
ENSDARG00000055292;atg9b;Atg9b;atg9b
ENSDARG00000055520;ftr61;Trim80;ftr61
ENSDARG00000099485;m1ap;M1ap;m1ap
ENSDARG00000040571;ube4a;Ube4a;ube4a
ENSDARG00000063358;micu1;Micu1;micu1
ENSDARG00000077864;rasgrp3;Rasgrp3;rasgrp3
ENSDARG00000061161;ube2j2;Ube2j2;ube2j2
ENSDARG00000006279;rragd;Rragd;rragd
ENSDARG00000063882;cox19;Cox19;cox19
ENSDARG00000070713;prss60.1;Prss21;prss60.1
ENSDARG00000099409;ogfr1;Ogfr;zgc:162182
ENSDARG00000074663;samd8;Samd8;ENSDARG00000074663
ENSDARG00000056084;igsf21b;Igsf21;igsf21b
ENSDARG00000062446;neurl2;Neurl2;neurl2
ENSDARG00000054510;adrb2b;Adrb2;adrb2b
ENSDARG00000101661;ulk3;Ulk3;ulk3
ENSDARG00000063475;abcg1;Abcg1;abcg1
ENSDARG00000103771;cep128;Cep128;cep128
ENSDARG00000062943;taco1;Taco1;taco1
ENSDARG00000070579;ggact.3;Ggact;ggact.3
ENSDARG00000075501;cdnf;Cdnf;cdnf
ENSDARG00000079397;cerkl;Cerkl;cerkl
ENSDARG00000035629;parvab;Parva;parvab
ENSDARG00000074727;dnajc10;Dnajc10;dnajc10
ENSDARG00000062674;btbd10a;Btbd10;btbd10a
ENSDARG00000075123;trafd1;Trafd1;trafd1
ENSDARG00000103523;nudt6;Nudt6;nudt6
ENSDARG00000070874;asmt2;Asmt;asmt2
ENSDARG00000100285;dnai2a;Dnai2;dnai2a
ENSDARG00000016336;tmco6;Tmco6;tmco6
ENSDARG00000086699;smim15;Smim15;smim15
ENSDARG00000068036;tmem119b;Tmem119;tmem119b
ENSDARG00000063032;dok6;Dok6;dok6
ENSDARG00000069674;tmem230b;Tmem230;tmem230b
ENSDARG00000062460;sgk3;Sgk3;sgk3
ENSDARG00000015057;ube2d4;Ube2d1;ube2d4
ENSDARG00000008287;fam114a1;Fam114a1;fam114a1
ENSDARG00000051731;faap24;Faap24;faap24
ENSDARG00000052408;mgat2;Mgat2;mgat2
ENSDARG00000063215;lrrc3b;Lrrc3b;lrrc3b
ENSDARG00000054748;cuedc1b;Cuedc1;cuedc1b
ENSDARG00000063100;psmd14;Psmd14;psmd14
ENSDARG00000040984;hspa13;Hspa13;hspa13
ENSDARG00000076991;dolk;Dolk;dolk
ENSDARG00000063211;exoc8;Exoc8;exoc8
ENSDARG00000077307;tmem201;Tmem201;tmem201
ENSDARG00000062748;pkn1b;Pkn1;pkn1b
ENSDARG00000021288;mier3b;Mier3;mier3b
ENSDARG00000061348;adat1;Adat1;adat1
ENSDARG00000041428;yrdc;Yrdc;yrdc
ENSDARG00000061508;tgfbrap1;Tgfbrap1;tgfbrap1
ENSDARG00000039352;pald1b;Pald1;pald1b
ENSDARG00000067711;parvg;Parvg;parvg
ENSDARG00000061802;cnot2;Cnot2;cnot2
ENSDARG00000079241;wdr90;Wdr90;wdr90
ENSDARG00000099690;vaspa;Vasp;vaspa
ENSDARG00000058319;cep76;Cep76;cep76
ENSDARG00000016724;nkapd1;Nkapd1;NKAPD1
ENSDARG00000094736;znf1157;Zfp872;znf1157
ENSDARG00000091148;crygm2d20;Cryge;crygm2d20
ENSDARG00000059053;slc13a4;Slc13a4;slc13a4
ENSDARG00000079753;kiz;Kiz;kiz
ENSDARG00000104311;scmh1;Scmh1;scmh1
ENSDARG00000073705;rbfa;Rbfa;rbfa
ENSDARG00000059510;coq2;Coq2;coq2
ENSDARG00000075570;ide;Ide;ide
ENSDARG00000059919;rusf1;Rusf1;zgc:162613
ENSDARG00000062231;znf362b;Zfp362;znf362b
ENSDARG00000070798;pmvk;Pmvk;pmvk
ENSDARG00000056924;sap130a;Sap130;sap130a
ENSDARG00000055066;zdhhc20a;Zdhhc20;zdhhc20a
ENSDARG00000054827;ssuh2.4;Ssu2;ssuh2.4
ENSDARG00000044925;cdk5rap1;Cdk5rap1;cdk5rap1
ENSDARG00000100467;fkrp;Fkrp;fkrp
ENSDARG00000028899;tekt4;Tekt4;tekt4
ENSDARG00000078585;mon1a;Mon1a;mon1a
ENSDARG00000078186;tex2;Tex2;tex2
ENSDARG00000099563;inpp5ka;Inpp5k;inpp5ka
ENSDARG00000062549;acmsd;Acmsd;acmsd
ENSDARG00000070894;abhd6b;Abhd6;abhd6b
ENSDARG00000098647;ankdd1a;Ankdd1a;ankdd1a
ENSDARG00000062811;p2ry10;P2ry10b;p2ry10
ENSDARG00000075975;slc45a3;Slc45a3;slc45a3
ENSDARG00000053559;tspan3b;Tspan3;tspan3b
ENSDARG00000053896;slc30a1b;Slc30a1;slc30a1b
ENSDARG00000005883;rfx1a;Rfx1;rfx1a
ENSDARG00000076780;acadsb;Acadsb;acadsb
ENSDARG00000061629;ndufaf5;Ndufaf5;ndufaf5
ENSDARG00000056026;tprg1;Tprg1;tprg1
ENSDARG00000059498;arl16;Arl16;arl16
ENSDARG00000071013;arl6ip6;Arl6ip6;arl6ip6
ENSDARG00000057468;kcnc2;Kcnc2;kcnc2
ENSDARG00000004898;zp2l2;Zp1;zp2l2
ENSDARG00000076241;txlnbb;Txlnb;txlnbb
ENSDARG00000104732;mlycd;Mlycd;mlycd
ENSDARG00000069729;mpg;Mpg;mpg
ENSDARG00000040615;ilkap;Ilkap;ilkap
ENSDARG00000061610;ufsp1;Ufsp1;ufsp1
ENSDARG00000074041;abca5;Abca9;abca5
ENSDARG00000100782;f7l;F7;F7
ENSDARG00000087473;dnajb12b;Dnajb12;dnajb12b
ENSDARG00000059388;bdh1;Bdh1;bdh1
ENSDARG00000018153;nt5c1ba;Nt5c1b;nt5c1ba
ENSDARG00000100955;stk24a;Stk24;stk24a
ENSDARG00000095157;tmem14a;Tmem14a;TMEM14A
ENSDARG00000069313;oxa1l;Oxa1l;oxa1l
ENSDARG00000020041;vps35l;Vps35l;zgc:163107
ENSDARG00000070985;mrps21;Mrps21;mrps21
ENSDARG00000063250;spata2;Spata2;spata2
ENSDARG00000071306;gip;Gip;gip
ENSDARG00000063161;ppwd1;Ppwd1;ppwd1
ENSDARG00000101120;kif3b;Kif3b;kif3b
ENSDARG00000090255;phlpp2;Phlpp2;phlpp2
ENSDARG00000056768;rprml;Rprml;rprml
ENSDARG00000053205;ppfia4;Ppfia4;ppfia4
ENSDARG00000074531;spag9a;Spag9;spag9a
ENSDARG00000002666;kcnj1b;Kcnj1;kcnj1b
ENSDARG00000101378;nadsyn1;Nadsyn1;nadsyn1
ENSDARG00000102442;folr;Izumo1r;IZUMO1R
ENSDARG00000104296;fam131ab;Fam131a;CABZ01079986.1
ENSDARG00000051981;stx3a;Stx3;STX3
ENSDARG00000075337;lars2;Lars2;lars2
ENSDARG00000075149;nagpa;Nagpa;nagpa
ENSDARG00000068370;ralgps1;Ralgps1;ralgps1
ENSDARG00000027065;slc38a3a;Slc38a3;slc38a3a
ENSDARG00000055445;slc22a15;Slc22a15;slc22a15
ENSDARG00000060620;lig4;Lig4;lig4
ENSDARG00000018073;mrps22;Mrps22;mrps22
ENSDARG00000079815;lyrm7;Lyrm7;lyrm7
ENSDARG00000058082;birc7;Birc7;birc7
ENSDARG00000025034;syngr3b;Syngr3;syngr3b
ENSDARG00000040478;lrp2bp;Lrp2bp;lrp2bp
ENSDARG00000102645;usp47;Usp47;usp47
ENSDARG00000075700;zswim2;Zswim2;zswim2
ENSDARG00000076118;cdip1;Cdip1;cdip1
ENSDARG00000060196;lhpp;Lhpp;lhpp
ENSDARG00000044973;krt98;Krt40;zgc:171226
ENSDARG00000070847;trim35-20;Trim75;trim35-20
ENSDARG00000102266;isg20l2;Isg20l2;isg20l2
ENSDARG00000053453;mpp2a;Mpp2;mpp2a
ENSDARG00000098674;ppfia1;Ppfia1;ppfia1
ENSDARG00000074996;tbrg1;Tbrg1;tbrg1
ENSDARG00000062134;kcnab2b;Kcnab2;kcnab2b
ENSDARG00000079973;pus10;Pus10;pus10
ENSDARG00000057531;pgap3;Pgap3;pgap3
ENSDARG00000052300;mfsd13al;Mfsd13b;zgc:171489
ENSDARG00000069815;dnali1;Dnali1;dnali1
ENSDARG00000005154;aspa;Aspa;aspa
ENSDARG00000073813;scly;Scly;scly
ENSDARG00000090822;qdprb.4;Qdpr;ENSDARG00000090822
ENSDARG00000094512;gabrz;Gabrp;gabrz
ENSDARG00000059725;hypk;Hypk;hypk
ENSDARG00000074341;hykk.2;Hykk;hykk.2
ENSDARG00000077371;kcnk15;Kcnk15;kcnk15
ENSDARG00000076420;dkk2;Dkk2;dkk2
ENSDARG00000020191;ppef1;Ppef1;ppef1
ENSDARG00000074633;gpr35.1;Gpr35;gpr35.1
ENSDARG00000031637;pan3;Pan3;pan3
ENSDARG00000076192;ankrd1b;Ankrd1;ankrd1b
ENSDARG00000052942;aspg;Aspg;aspg
ENSDARG00000078518;kazald2;Kazald1;kazald2
ENSDARG00000060383;mmaa;Mmaa;mmaa
ENSDARG00000077855;znrf2a;Znrf2;znrf2a
ENSDARG00000075619;cenpo;Cenpo;cenpo
ENSDARG00000089478;si:dkey-241l7.4;Reg4;si:dkey-241l7.4
ENSDARG00000016763;znf292a;Zfp292;znf292a
ENSDARG00000021021;trim35-28;Trim35;trim35-28
ENSDARG00000074507;rmdn1;Rmdn1;rmdn1
ENSDARG00000075733;zyx;Zyx;zyx
ENSDARG00000099116;nagk;Nagk;nagk
ENSDARG00000038682;mfap4.4;Mfap4;ENSDARG00000038682
ENSDARG00000032197;klf12b;Klf12;klf12b
ENSDARG00000008212;kcnk13a;Kcnk13;kcnk13a
ENSDARG00000101982;spryd3;Spryd3;spryd3
ENSDARG00000078068;abcg4b;Abcg4;abcg4b
ENSDARG00000074985;aurkaip1;Aurkaip1;aurkaip1
ENSDARG00000021838;rps23;Rps23;rps23
ENSDARG00000052176;shfl;Shfl;zgc:171711
ENSDARG00000075515;cd37;Cd37;ENSDARG00000075515
ENSDARG00000102624;kif22;Kif22;kif22
ENSDARG00000014657;casp23;Casp4;zgc:171731
ENSDARG00000100862;gprc5c;Gprc5c;gprc5c
ENSDARG00000063169;ubn1;Ubn1;ubn1
ENSDARG00000054036;rnf34b;Rnf34;rnf34b
ENSDARG00000057032;ppm1nb;Ppm1n;ppm1nb
ENSDARG00000053995;gpank1;Gpank1;gpank1
ENSDARG00000016908;zp3e;Zp3;zgc:171779
ENSDARG00000099943;mapre2;Mapre2;mapre2
ENSDARG00000069801;crygm2d12;Crygf;crygm2d12
ENSDARG00000087301;crygm2d14;Crygc;crygm2d14
ENSDARG00000069827;crygm2d11;Crygb;crygm2d11
ENSDARG00000075616;polr2k;Polr2k;polr2k
ENSDARG00000101072;cnot6b;Cnot6;cnot6b
ENSDARG00000079946;sqlea;Sqle;sqlea
ENSDARG00000074757;arv1;Arv1;arv1
ENSDARG00000079020;gcfc2;Gcfc2;gcfc2
ENSDARG00000103725;znf341;Zfp341;znf341
ENSDARG00000075307;kcnq2a;Kcnq2;kcnq2a
ENSDARG00000101280;vat1l;Vat1l;vat1l
ENSDARG00000018411;mknk1;Mknk1;mknk1
ENSDARG00000100679;lrch3;Lrch3;lrch3
ENSDARG00000037646;rgs11;Rgs11;rgs11
ENSDARG00000073948;prok1;Prok1;prok1
ENSDARG00000011809;mical1;Mical1;mical1
ENSDARG00000044406;lurap1;Lurap1;lurap1
ENSDARG00000087311;lgals9l5;Lgals9;lgals9l5
ENSDARG00000071573;lsm5;Lsm5;lsm5
ENSDARG00000076888;ganaba;Ganab;ENSDARG00000076888
ENSDARG00000032603;st7l;St7l;st7l
ENSDARG00000004880;acsm3;Acsm3;acsm3
ENSDARG00000071238;ftr58;Trim80;ftr58
ENSDARG00000054184;btr06;Trim58;btr06
ENSDARG00000104300;wipf1a;Wipf1;wipf1a
ENSDARG00000014907;htra1b;Htra1;htra1b
ENSDARG00000062823;pi4kab;Pi4ka;pi4kab
ENSDARG00000055437;mettl21cb;Mettl21c;ENSDARG00000055437
ENSDARG00000102202;phospho2;Phospho2;phospho2
ENSDARG00000078076;nab2;Nab2;nab2
ENSDARG00000074665;cdk14;Cdk14;cdk14
ENSDARG00000074876;abcd1;Abcd1;abcd1
ENSDARG00000105277;cnksr3;Cnksr3;cnksr3
ENSDARG00000094577;cdc42se2;Cdc42se2;cdc42se2
ENSDARG00000074813;btr05;Trim11;btr05
ENSDARG00000018382;prkcha;Prkch;prkcha
ENSDARG00000076439;ppp4cb;Ppp4c;ppp4cb
ENSDARG00000058243;phactr3a;Phactr3;phactr3a
ENSDARG00000038557;anks3;Anks3;anks3
ENSDARG00000079978;samd10a;Samd10;samd10a
ENSDARG00000069775;fbxo40.1;Fbxo40;fbxo40.1
ENSDARG00000026406;anxa5a;Anxa5;anxa5a
ENSDARG00000052615;tnmd;Tnmd;tnmd
ENSDARG00000068156;chchd7;Chchd3;chchd7
ENSDARG00000076440;btbd6a;Btbd6;btbd6a
ENSDARG00000075525;cln8;Cln8;cln8
ENSDARG00000088740;hmgcll1;Hmgcll1;hmgcll1
ENSDARG00000062699;nkain4;Nkain4;nkain4
ENSDARG00000074836;setmar;Setmar;setmar
ENSDARG00000098687;pygo1;Pygo1;pygo1
ENSDARG00000079065;ankrd50;Ankrd50;zgc:172215
ENSDARG00000075754;mri1;Mri1;mri1
ENSDARG00000104701;map7d1b;Map7d1;map7d1b
ENSDARG00000078134;crygm2f;Cryge;crygm2f
ENSDARG00000099705;foxred1;Foxred1;foxred1
ENSDARG00000104531;zcchc4;Zcchc4;zcchc4
ENSDARG00000068918;map2k2b;Map2k2;map2k2b
ENSDARG00000014682;tmem26b;Tmem26;tmem26b
ENSDARG00000078717;itga8;Itga8;itga8
ENSDARG00000071241;trim35-39;Trim75;trim35-39
ENSDARG00000068387;slc6a18;Slc6a18;slc6a18
ENSDARG00000061498;dusp13a;Dusp13b;dusp13a
ENSDARG00000100198;sncaip;Sncaip;sncaip
ENSDARG00000079089;fbxw8;Fbxw8;fbxw8
ENSDARG00000060149;ablim1a;Ablim1;ablim1a
ENSDARG00000077532;pign;Pign;pign
ENSDARG00000079664;ddo;Ddo;ENSDARG00000079664
ENSDARG00000075748;nckap1l;Nckap1l;NCKAP1L
ENSDARG00000073686;heatr6;Heatr6;heatr6
ENSDARG00000091247;fars2;Fars2;fars2
ENSDARG00000069796;znf1124;Zfp273;znf1124
ENSDARG00000103253;zgc:112023;Plcxd1;zgc:112023
ENSDARG00000032614;msi2b;Msi2;msi2b
ENSDARG00000103777;znf1001;Zfp872;znf1001
ENSDARG00000099048;znf1070;Gm14322;znf1070
ENSDARG00000075053;sccpdha.2;Sccpdh;SCCPDH
ENSDARG00000103789;tmem130;Tmem130;tmem130
ENSDARG00000097789;pon3.2;Pon1;pon3.2
ENSDARG00000000489;upf3b;Upf3b;upf3b
ENSDARG00000102463;cox18;Cox18;cox18
ENSDARG00000077513;ppp1r3da;Ppp1r3d;ppp1r3da
ENSDARG00000102064;kcna2b;Kcna2;kcna2b
ENSDARG00000022614;ddx43;Ddx43;ddx43
ENSDARG00000037895;ramp2;Ramp2;ramp2
ENSDARG00000094546;si:ch211-132b12.6;Slc6a12;si:ch211-132b12.6
ENSDARG00000045127;fam53c;Fam53c;ENSDARG00000045127
ENSDARG00000099306;fbxo2;Fbxo2;zgc:175088
ENSDARG00000075121;hbegfa;Hbegf;hbegfa
ENSDARG00000077396;tlcd2;Tlcd2;tlcd2
ENSDARG00000077018;socs7;Socs7;socs7
ENSDARG00000102934;noa1;Noa1;noa1
ENSDARG00000077799;egr4;Egr4;egr4
ENSDARG00000079647;muc13b;Muc13;muc13b
ENSDARG00000079252;fam117ab;Fam117a;fam117ab
ENSDARG00000100163;tox4b;Tox4;tox4b
ENSDARG00000098955;ssh2b;Ssh2;ssh2b
ENSDARG00000074222;rap1gap2b;Rap1gap2;rap1gap2b
ENSDARG00000104974;slain1b;Slain1;CABZ01079267.1
ENSDARG00000075980;tmem125b;Tmem125;tmem125b
ENSDARG00000078966;rbm15b;Rbm15b;rbm15b
ENSDARG00000039497;ccdc85a;Ccdc85a;ccdc85a
ENSDARG00000036929;rnf139;Rnf139;rnf139
ENSDARG00000076614;ssuh2.3;Ssu2;ssuh2.3
ENSDARG00000070688;ncalda;Ncald;ncalda
ENSDARG00000076189;ccdc88b;Ccdc88b;ccdc88b
ENSDARG00000020795;rac3b;Rac3;rac3b
ENSDARG00000074287;sptlc2b;Sptlc2;sptlc2b
ENSDARG00000103984;cyth4b;Cyth4;cyth4b
ENSDARG00000062561;adck1;Adck1;adck1
ENSDARG00000089749;aqp8b;Aqp8;aqp8b
ENSDARG00000057708;phtf1;Phtf1;ENSDARG00000057708
ENSDARG00000079244;pigw;Pigw;pigw
ENSDARG00000102777;thbs4a;Thbs4;thbs4a
ENSDARG00000075800;calml4a;Calml4;calml4a
ENSDARG00000100636;rbm12;Rbm12;rbm12
ENSDARG00000031489;ognb;Ogn;ENSDARG00000031489
ENSDARG00000103207;rab11fip4b;Rab11fip4;rab11fip4b
ENSDARG00000061149;nrn1lb;Nrn1l;nrn1lb
ENSDARG00000077775;baalca;Baalc;BAALC
ENSDARG00000038176;cyb561;Cyb561;cyb561
ENSDARG00000077167;nmbb;Nmb;nmbb
ENSDARG00000075528;lyrm9;Lyrm9;lyrm9
ENSDARG00000022904;skilb;Skil;skilb
ENSDARG00000101901;zgc:193711;2310030G06Rik;zgc:193711
ENSDARG00000096979;npc2.2;Npc2;NPC2
ENSDARG00000002971;phc1;Phc1;phc1
ENSDARG00000037954;tnnt1;Tnnt1;tnnt1
ENSDARG00000070618;tatdn2;Tatdn2;tatdn2
ENSDARG00000037916;cdk5r1a;Cdk5r1;cdk5r1a
ENSDARG00000024030;angptl2a;Angptl2;angptl2a
ENSDARG00000052437;mia;Mia;mia
ENSDARG00000016460;fut9a;Fut9;fut9a
ENSDARG00000077863;mettl22;Mettl22;mettl22
ENSDARG00000079686;naa30;Naa30;naa30
ENSDARG00000054946;mc5rb;Mc5r;mc5rb
ENSDARG00000077537;nudt19;Nudt19;nudt19
ENSDARG00000092889;zgc:194246;Syce3;ENSDARG00000092889
ENSDARG00000021369;mc3r;Mc3r;mc3r
ENSDARG00000010700;il17d;Il17d;il17d
ENSDARG00000093498;macir;Macir;zgc:194281
ENSDARG00000077783;srms;Srms;SRMS
ENSDARG00000076017;tmem69;Tmem69;tmem69
ENSDARG00000076393;tmem65;Tmem65;tmem65
ENSDARG00000061432;b3galt10.1;B3galt5;zgc:194330
ENSDARG00000078859;g0s2;G0s2;g0s2
ENSDARG00000055856;tor1l1;Tor1b;tor1l1
ENSDARG00000052642;shisa9b;Shisa9;shisa9b
ENSDARG00000076831;iqck;Iqck;iqck
ENSDARG00000015240;cdkl5;Cdkl5;cdkl5
ENSDARG00000077385;rgs19;Rgs19;rgs19
ENSDARG00000031876;pard6ga;Pard6g;pard6ga
ENSDARG00000058553;sprb;Spr;sprb
ENSDARG00000045932;cpeb1a;Cpeb1;cpeb1a
ENSDARG00000030641;letmd1;Letmd1;letmd1
ENSDARG00000068638;lpar5b;Lpar5;lpar5b
ENSDARG00000079486;fam20a;Fam20a;fam20a
ENSDARG00000086310;cabcoco1;Cabcoco1;zgc:194508
ENSDARG00000078147;il10;Il10;il10
ENSDARG00000069669;adra2c;Adra2c;adra2c
ENSDARG00000045856;fgf6b;Fgf6;fgf6b
ENSDARG00000075533;zbtb24;Zbtb24;zbtb24
ENSDARG00000005374;tubgcp4;Tubgcp4;tubgcp4
ENSDARG00000059557;xylt2;Xylt2;xylt2
ENSDARG00000069030;skor1a;Skor1;skor1a
ENSDARG00000079847;epn1b;Epn1;zgc:194578
ENSDARG00000076379;nsmce2;Nsmce2;nsmce2
ENSDARG00000063242;ttc13;Ttc13;ttc13
ENSDARG00000020204;nf2a;Nf2;nf2a
ENSDARG00000104654;leap2;Leap2;leap2
ENSDARG00000070486;rbp7b;Rbp7;rbp7b
ENSDARG00000004577;tmem178ba;Tmem178b;ENSDARG00000004577
ENSDARG00000053987;htr1b;Htr1b;htr1b
ENSDARG00000071007;pcgf5a;Pcgf5;pcgf5a
ENSDARG00000007490;adrb1;Adrb1;adrb1
ENSDARG00000015134;camkk1b;Camkk1;camkk1b
ENSDARG00000101776;syt12;Syt12;syt12
ENSDARG00000078094;lmf2a;Lmf2;lmf2a
ENSDARG00000070394;uroc1;Uroc1;uroc1
ENSDARG00000009626;nrbp2b;Nrbp2;nrbp2b
ENSDARG00000032933;dtx2;Dtx2;dtx2
ENSDARG00000006891;kcns3a;Kcns3;kcns3a
ENSDARG00000052919;adrb3b;Adrb3;adrb3b
ENSDARG00000027153;gabrr3a;Gabrr3;gabrr3a
ENSDARG00000099928;chrm5a;Chrm5;chrm5a
ENSDARG00000088844;deaf1;Deaf1;deaf1
ENSDARG00000073699;col9a1a;Col9a1;col9a1a
ENSDARG00000103164;upk2;Upk2;zgc:194948
ENSDARG00000010958;glmnb;Glmn;glmnb
ENSDARG00000078850;plekhm2;Plekhm2;plekhm2
ENSDARG00000052057;pcolceb;Pcolce;pcolceb
ENSDARG00000077399;ubash3bb;Ubash3b;ubash3bb
ENSDARG00000062518;ulk1a;Ulk1;ulk1a
ENSDARG00000008485;lrp3;Lrp3;lrp3
ENSDARG00000102960;vps54;Vps54;vps54
ENSDARG00000102983;emc7a;Emc7;zgc:195050
ENSDARG00000055463;lrit3a;Lrit3;lrit3a
ENSDARG00000054878;six2b;Six2;six2b
ENSDARG00000073985;pctp;Pctp;pctp
ENSDARG00000100322;fut10;Fut10;fut10
ENSDARG00000074379;knstrn;Knstrn;knstrn
ENSDARG00000053805;trub1;Trub1;trub1
ENSDARG00000038700;gpr160;Gpr160;gpr160
ENSDARG00000069311;il15ra;Il15ra;zgc:195175
ENSDARG00000054805;btr09;Trim10;btr09
ENSDARG00000074906;znf831;Zfp831;znf831
ENSDARG00000078527;lingo4b;Lingo4;lingo4b
ENSDARG00000009941;erc1a;Erc1;erc1a
ENSDARG00000018206;nck2a;Nck2;nck2a
ENSDARG00000026801;stau2;Stau2;stau2
ENSDARG00000015222;cbll1;Cbll1;cbll1
ENSDARG00000098918;mcoln2;Mcoln2;mcoln2
ENSDARG00000007901;crnkl1;Crnkl1;crnkl1
ENSDARG00000103537;ttll12;Ttll12;ttll12
ENSDARG00000056559;ccz1;Ccz1;ccz1
ENSDARG00000031044;lipg;Lipg;lipg
ENSDARG00000011921;txnl1;Txnl1;txnl1
ENSDARG00000020986;ctu1;Ctu1;ctu1
ENSDARG00000018263;pdia2;Pdia2;pdia2
ENSDARG00000045680;tnpo3;Tnpo3;tnpo3
ENSDARG00000044688;dusp4;Dusp4;dusp4
ENSDARG00000001777;nup155;Nup155;nup155
ENSDARG00000069708;cdc34a;Cdc34;cdc34a
ENSDARG00000043972;ppp2r3c;Ppp2r3c;ppp2r3c
ENSDARG00000003827;snapc1b;Snapc1;snapc1b
ENSDARG00000008238;manba;Manba;manba
ENSDARG00000027500;oxsr1b;Oxsr1;oxsr1b
ENSDARG00000018681;saal1;Saal1;saal1
ENSDARG00000044038;zbtb2a;Zbtb2;zbtb2a
ENSDARG00000011175;atp6v1d;Atp6v1d;atp6v1d
ENSDARG00000007823;atf3;Atf3;atf3
ENSDARG00000069833;rhbdl2;Rhbdl2;rhbdl2
ENSDARG00000038308;ykt6;Ykt6;ykt6
ENSDARG00000018319;arglu1b;Arglu1;arglu1b
ENSDARG00000027938;rad18;Rad18;rad18
ENSDARG00000042087;dmap1;Dmap1;dmap1
ENSDARG00000005619;nek2;Nek2;nek2
ENSDARG00000104177;cpne3;Cpne3;cpne3
ENSDARG00000038432;actr10;Actr10;actr10
ENSDARG00000098433;utp6;Utp6;utp6
ENSDARG00000004470;prkcsh;Prkcsh;prkcsh
ENSDARG00000089861;usp44;Usp44;usp44
ENSDARG00000007764;klhdc10;Klhdc10;klhdc10
ENSDARG00000005993;prc1b;Prc1;prc1b
ENSDARG00000022690;chic2;Chic2;chic2
ENSDARG00000025386;lsm14b;Lsm14b;lsm14b
ENSDARG00000037708;exosc10;Exosc10;exosc10
ENSDARG00000008239;mocs3;Mocs3;mocs3
ENSDARG00000012215;umps;Umps;umps
ENSDARG00000104396;trim25;Trim25;trim25
ENSDARG00000045482;stk38l;Stk38l;stk38l
ENSDARG00000018738;zw10;Zw10;zw10
ENSDARG00000007485;epc2;Epc2;epc2
ENSDARG00000045814;samm50;Samm50;samm50
ENSDARG00000025094;edem1;Edem1;edem1
ENSDARG00000003189;psmd1;Psmd1;psmd1
ENSDARG00000045411;acad11;Acad11;acad11
ENSDARG00000031346;rbm17;Rbm17;rbm17
ENSDARG00000098367;srp54;Srp54a;srp54
ENSDARG00000043797;cdc5l;Cdc5l;cdc5l
ENSDARG00000054208;phkg2;Phkg2;phkg2
ENSDARG00000044597;ncbp3;Ncbp3;ncbp3
ENSDARG00000042658;acad8;Acad8;acad8
ENSDARG00000041376;rmi1;Rmi1;rmi1
ENSDARG00000043484;ube2d2;Ube2d2a;ube2d2
ENSDARG00000008472;apex2;Apex2;apex2
ENSDARG00000037514;hdac3;Hdac3;hdac3
ENSDARG00000029353;serpine2;Serpine2;serpine2
ENSDARG00000057626;josd2;Josd2;josd2
ENSDARG00000104242;dcp2;Dcp2;dcp2
ENSDARG00000022599;dnpep;Dnpep;dnpep
ENSDARG00000102587;mios;Mios;mios
ENSDARG00000007614;wwox;Wwox;wwox
ENSDARG00000008022;kif18a;Kif18b;kif18a
ENSDARG00000052279;osgn1;Osgin1;osgn1
ENSDARG00000024209;wasf2;Wasf2;wasf2
ENSDARG00000044484;cdc23;Cdc23;cdc23
ENSDARG00000021033;herpud2;Herpud2;herpud2
ENSDARG00000058044;rab1ba;Rab1b;rab1ba
ENSDARG00000053404;ppp2cab;Ppp2ca;ENSDARG00000053404
ENSDARG00000102634;parn;Parn;parn
ENSDARG00000055108;gde1;Gde1;gde1
ENSDARG00000012874;snap23.1;Snap23;snap23.1
ENSDARG00000021141;plekhf2;Plekhf2;plekhf2
ENSDARG00000042147;rbbp5;Rbbp5;rbbp5
ENSDARG00000040072;scpep1;Scpep1;scpep1
ENSDARG00000015471;chd1l;Chd1l;chd1l
ENSDARG00000104959;dnajc17;Dnajc17;dnajc17
ENSDARG00000036005;pitpnb;Pitpnb;pitpnb
ENSDARG00000021107;sf3a2;Sf3a2;sf3a2
ENSDARG00000104837;nudc;Nudc;nudc
ENSDARG00000006456;pdgfrl;Pdgfrl;pdgfrl
ENSDARG00000012468;aacs;Aacs;aacs
ENSDARG00000016255;chmp4ba;Chmp4b;chmp4ba
ENSDARG00000040455;unc50;Unc50;unc50
ENSDARG00000027600;pdlim5b;Pdlim5;pdlim5b
ENSDARG00000103470;polm;Polm;polm
ENSDARG00000042854;ephx1;Ephx1;ephx1
ENSDARG00000012946;syap1;Syap1;syap1
ENSDARG00000044766;mitd1;Mitd1;mitd1
ENSDARG00000023815;uvrag;Uvrag;uvrag
ENSDARG00000027357;cd2bp2;Cd2bp2;cd2bp2
ENSDARG00000070085;mettl6;Mettl6;mettl6
ENSDARG00000087962;rpap3;Rpap3;rpap3
ENSDARG00000035149;pex12;Pex12;pex12
ENSDARG00000039880;arpp19b;Arpp19;arpp19b
ENSDARG00000021859;erap1b;Erap1;erap1b
ENSDARG00000056984;rad9a;Rad9a;rad9a
ENSDARG00000069271;kbtbd4;Kbtbd4;kbtbd4
ENSDARG00000012295;bcs1l;Bcs1l;bcs1l
ENSDARG00000008784;prpf4ba;Prpf4b;prpf4ba
ENSDARG00000002949;ppp6c;Ppp6c;ppp6c
ENSDARG00000058746;ubap1;Ubap1;ubap1
ENSDARG00000040033;trmt11;Trmt11;trmt11
ENSDARG00000025972;mcts1;Mcts2;mcts1
ENSDARG00000021220;hmgcl;Hmgcl;hmgcl
ENSDARG00000025332;rbm28;Rbm28;rbm28
ENSDARG00000028523;inip;Inip;inip
ENSDARG00000016754;tbca;Tbca;tbca
ENSDARG00000013302;gpx8;Gpx8;gpx8
ENSDARG00000002754;pdcd2l;Pdcd2l;pdcd2l
ENSDARG00000018623;rad54l;Rad54l;rad54l
ENSDARG00000012572;polr3f;Polr3f;polr3f
ENSDARG00000102705;otud6b;Otud6b;otud6b
ENSDARG00000037099;irs2a;Irs2;irs2a
ENSDARG00000018891;rnaseh2a;Rnaseh2a;rnaseh2a
ENSDARG00000013973;pex3;Pex3;pex3
ENSDARG00000026072;pdcd5;Pdcd5;pdcd5
ENSDARG00000070654;pex5;Pex5;pex5
ENSDARG00000024846;cops8;Cops8;cops8
ENSDARG00000099274;atxn3;Atxn3;atxn3
ENSDARG00000012927;tcea2;Tcea2;tcea2
ENSDARG00000090219;wdr45;Wdr45;wdr45
ENSDARG00000057562;polr3c;Polr3c;polr3c
ENSDARG00000018061;neil1;Neil1;neil1
ENSDARG00000058102;sardh;Sardh;sardh
ENSDARG00000016239;psmd13;Psmd13;psmd13
ENSDARG00000030278;idh3a;Idh3a;idh3a
ENSDARG00000043301;gtf3c6;Gtf3c6;gtf3c6
ENSDARG00000037968;fus;Fus;fus
ENSDARG00000026149;slc46a1;Slc46a1;slc46a1
ENSDARG00000037652;ints15;Ints15;zgc:56409
ENSDARG00000044405;ttc4;Ttc4;ttc4
ENSDARG00000070122;stk11ip;Stk11ip;stk11ip
ENSDARG00000045248;h3f3d;H3f3b;h3f3d
ENSDARG00000023958;rnf181;Rnf181;rnf181
ENSDARG00000021383;naalad2;Naalad2;naalad2
ENSDARG00000058047;pafah1b3;Pafah1b3;pafah1b3
ENSDARG00000004037;cog2;Cog2;cog2
ENSDARG00000007196;rae1;Rae1;rae1
ENSDARG00000040527;siae;Siae;siae
ENSDARG00000029500;rpl34;Rpl34;rpl34
ENSDARG00000038027;nol12;Nol12;nol12
ENSDARG00000042894;tyms;Tyms;tyms
ENSDARG00000007531;zcchc9;Zcchc9;zcchc9
ENSDARG00000018106;eif2b3;Eif2b3;eif2b3
ENSDARG00000044942;mrpl45;Mrpl45;mrpl45
ENSDARG00000103025;hmgcs1;Hmgcs1;hmgcs1
ENSDARG00000102612;slc15a4;Slc15a4;slc15a4
ENSDARG00000015921;pwp1;Pwp1;pwp1
ENSDARG00000037172;ddrgk1;Ddrgk1;ddrgk1
ENSDARG00000040559;rad1;Rad1;rad1
ENSDARG00000030775;sybl1;Vamp7;sybl1
ENSDARG00000013082;uap1l1;Uap1l1;uap1l1
ENSDARG00000007279;yipf5;Yipf5;yipf5
ENSDARG00000025858;golm1;Golm1;zgc:56525
ENSDARG00000068415;ptgesl;Ptges2;ptgesl
ENSDARG00000068886;mrpl14;Mrpl14;mrpl14
ENSDARG00000002002;lmcd1;Lmcd1;lmcd1
ENSDARG00000013795;hps4;Hps4;hps4
ENSDARG00000025073;rpl18a;Rpl18a;rpl18a
ENSDARG00000041689;usf1;Usf1;usf1
ENSDARG00000026926;rom1b;Rom1;rom1b
ENSDARG00000018241;mfap1;Mfap1a;mfap1
ENSDARG00000104901;ostc;Ostc;ostc
ENSDARG00000033852;mad1l1;Mad1l1;mad1l1
ENSDARG00000087229;exoc7;Exoc7;exoc7
ENSDARG00000009253;rtraf;Rtraf;RTRAF
ENSDARG00000039827;bbs5;Bbs5;bbs5
ENSDARG00000005128;rnaseh2b;Rnaseh2b;rnaseh2b
ENSDARG00000016375;asns;Asns;asns
ENSDARG00000040021;ebag9;Ebag9;ebag9
ENSDARG00000052334;ociad1;Ociad1;ociad1
ENSDARG00000025850;rps21;Rps21;rps21
ENSDARG00000042851;srp9;Srp9;srp9
ENSDARG00000029445;eif1b;Eif1;EIF1B
ENSDARG00000007405;strap;Strap;strap
ENSDARG00000033175;snrpe;Snrpe;snrpe
ENSDARG00000013224;phc2b;Phc2;phc2b
ENSDARG00000023950;znhit3;Znhit3;znhit3
ENSDARG00000003449;pde10a;Pde10a;pde10a
ENSDARG00000027803;sbds;Sbds;sbds
ENSDARG00000043727;cwc27;Cwc27;cwc27
ENSDARG00000056803;ap1s1;Ap1s1;ap1s1
ENSDARG00000002298;ankrd22;Ankrd22;ankrd22
ENSDARG00000038028;ndufa6;Ndufa6;ndufa6
ENSDARG00000019311;fbxo30b;Fbxo30;fbxo30b
ENSDARG00000009430;tmem30c;Tmem30c;tmem30c
ENSDARG00000003250;pik3cd;Pik3cd;pik3cd
ENSDARG00000032435;itga9;Itga9;itga9
ENSDARG00000045071;chad;Chad;chad
ENSDARG00000030326;efna1a;Efna1;efna1a
ENSDARG00000101894;stk10;Stk10;stk10
ENSDARG00000007092;xab2;Xab2;xab2
ENSDARG00000101986;irf6;Irf6;irf6
ENSDARG00000006112;myof;Myof;myof
ENSDARG00000103135;stoml2;Stoml2;stoml2
ENSDARG00000006477;ddi2;Ddi1;ddi2
ENSDARG00000100013;dhx38;Dhx38;dhx38
ENSDARG00000007818;palm1b;Palm;palm1b
ENSDARG00000039270;vti1b;Vti1b;vti1b
ENSDARG00000036040;atg13;Atg13;atg13
ENSDARG00000026017;xpnpep2;Xpnpep2;xpnpep2
ENSDARG00000033361;asl;Asl;asl
ENSDARG00000056862;cep63;Cep63;cep63
ENSDARG00000005823;slc39a10;Slc39a10;slc39a10
ENSDARG00000033489;ube2j1;Ube2j1;ube2j1
ENSDARG00000038005;med25;Ptov1;med25
ENSDARG00000038780;ubtfl;Ubtf;ubtfl
ENSDARG00000007496;ufl1;Ufl1;ufl1
ENSDARG00000007639;cnot4b;Cnot4;cnot4b
ENSDARG00000087262;adh5l;Adh7;zgc:63568
ENSDARG00000039843;znf800b;Zfp800;znf800b
ENSDARG00000044327;tmem185;Tmem185a;tmem185
ENSDARG00000017311;gpsm2;Gpsm2;gpsm2
ENSDARG00000043982;tube1;Tube1;tube1
ENSDARG00000096620;tube1;Tube1;tube1
ENSDARG00000035558;gps2;Gps2;gps2
ENSDARG00000055575;pcolce2b;Pcolce2;pcolce2b
ENSDARG00000038207;aldh4a1;Aldh4a1;aldh4a1
ENSDARG00000008133;foxl1;Foxl1;foxl1
ENSDARG00000003320;fam91a1;Fam91a1;fam91a1
ENSDARG00000016775;aqr;Aqr;aqr
ENSDARG00000036212;tbc1d5;Tbc1d5;tbc1d5
ENSDARG00000016280;eif1ad;Eif1ad;eif1ad
ENSDARG00000002701;rasl12;Rasl12;rasl12
ENSDARG00000102272;coro6;Coro6;coro6
ENSDARG00000038114;xpa;Xpa;xpa
ENSDARG00000013317;pygmb;Pygm;pygmb
ENSDARG00000035188;rab14l;Rab14;rab14l
ENSDARG00000035978;ube3c;Ube3c;ube3c
ENSDARG00000027986;slc35d1b;Slc35d1;slc35d1b
ENSDARG00000105011;pigb;Pigb;pigb
ENSDARG00000002406;zmynd10;Zmynd10;zmynd10
ENSDARG00000088929;ypel5;Ypel5;ypel5
ENSDARG00000013058;ascc2;Ascc2;ascc2
ENSDARG00000039265;arhgap4a;Arhgap4;arhgap4a
ENSDARG00000039770;dync2li1;Dync2li1;dync2li1
ENSDARG00000053405;sord;Sord;sord
ENSDARG00000027129;tmem218;Tmem218;tmem218
ENSDARG00000052164;znf507;Zfp507;znf507
ENSDARG00000028581;jkamp;Jkamp;jkamp
ENSDARG00000069175;vps4b;Vps4b;vps4b
ENSDARG00000007892;pdcd2;Pdcd2;pdcd2
ENSDARG00000008979;golga1;Golga1;golga1
ENSDARG00000027992;hao2;Hao2;hao2
ENSDARG00000020085;slc33a1;Slc33a1;slc33a1
ENSDARG00000022763;hpcal1;Hpcal1;hpcal1
ENSDARG00000016875;gys1;Gys1;gys1
ENSDARG00000032277;rars2;Rars2;rars2
ENSDARG00000013561;pgm1;Pgm1;pgm1
ENSDARG00000012247;def6a;Def6;def6a
ENSDARG00000027403;zgpat;Zgpat;zgpat
ENSDARG00000104285;armh3;Armh3;zgc:63733
ENSDARG00000007449;slc25a39;Slc25a39;slc25a39
ENSDARG00000056601;plekha3;Plekha3;plekha3
ENSDARG00000044357;tbc1d23;Tbc1d23;tbc1d23
ENSDARG00000103453;zfpl1;Zfpl1;zfpl1
ENSDARG00000012141;papolg;Papolg;papolg
ENSDARG00000090764;bcas3;Bcas3;bcas3
ENSDARG00000099528;dus3l;Dus3l;dus3l
ENSDARG00000071017;nt5e;Nt5e;nt5e
ENSDARG00000013842;tbc1d19;Tbc1d19;tbc1d19
ENSDARG00000086737;tmem68;Tmem68;tmem68
ENSDARG00000012840;alg9;Alg9;alg9
ENSDARG00000022430;ppp1r8b;Ppp1r8;ppp1r8b
ENSDARG00000074431;ddb1;Ddb1;ddb1
ENSDARG00000030166;hyi;Hyi;hyi
ENSDARG00000098834;sox4b;Sox4;sox4b
ENSDARG00000041237;med18;Med18;med18
ENSDARG00000028957;maff;Maff;maff
ENSDARG00000025187;six6a;Six6;six6a
ENSDARG00000001057;bysl;Bysl;bysl
ENSDARG00000102435;plekhf1;Plekhf1;plekhf1
ENSDARG00000024940;rnf144b;Rnf144b;rnf144b
ENSDARG00000102226;gpr19;Gpr19;gpr19
ENSDARG00000006712;wipf2b;Wipf2;wipf2b
ENSDARG00000009743;efhc1;Efhc1;efhc1
ENSDARG00000015989;zdhhc16b;Zdhhc16;zdhhc16b
ENSDARG00000059247;tmem54a;Tmem54;tmem54a
ENSDARG00000005220;pdcd6;Pdcd6;pdcd6
ENSDARG00000088709;tnfaip8l3;Tnfaip8l3;tnfaip8l3
ENSDARG00000035699;srp19;Srp19;srp19
ENSDARG00000031366;rtn4ip1;Rtn4ip1;rtn4ip1
ENSDARG00000016505;apbb1ip;Apbb1ip;apbb1ip
ENSDARG00000005382;prdm9;Prdm9;prdm9
ENSDARG00000033871;derl3;Derl3;derl3
ENSDARG00000024669;oser1;Oser1;oser1
ENSDARG00000090778;ttll1;Ttll1;ttll1
ENSDARG00000020101;psmc2;Psmc2;psmc2
ENSDARG00000101936;tmem106ba;Tmem106b;tmem106ba
ENSDARG00000023287;hsd17b3;Hsd17b3;hsd17b3
ENSDARG00000042458;rfc4;Rfc4;rfc4
ENSDARG00000100531;abhd14b;Abhd14b;abhd14b
ENSDARG00000005004;slc5a12;Slc5a12;slc5a12
ENSDARG00000024828;tmem134;Tmem134;tmem134
ENSDARG00000001782;prkacba;Prkacb;prkacba
ENSDARG00000058593;sri;Sri;sri
ENSDARG00000096578;cul4a;Cul4a;cul4a
ENSDARG00000103173;stx8;Stx8;stx8
ENSDARG00000038865;acox3;Acox3;acox3
ENSDARG00000013926;slc16a9a;Slc16a9;slc16a9a
ENSDARG00000039069;slx4ip;Slx4ip;slx4ip
ENSDARG00000069774;flot2b;Flot2;flot2b
ENSDARG00000004874;spata6l;Spata6l;spata6l
ENSDARG00000036588;mhc1zba;H2-M10.6;mhc1zba
ENSDARG00000026454;mis12;Mis12;mis12
ENSDARG00000043260;xylb;Xylb;xylb
ENSDARG00000058302;sh3bgrl;Sh3bgrl;sh3bgrl
ENSDARG00000020397;snx15;Snx15;snx15
ENSDARG00000100519;spop;Tdpoz9-ps1;spop
ENSDARG00000052703;cisd2;Cisd2;cisd2
ENSDARG00000102080;mif4gda;Mif4gd;mif4gda
ENSDARG00000067656;kcmf1;Kcmf1;kcmf1
ENSDARG00000099453;elof1;Elof1;elof1
ENSDARG00000040912;kdelr3;Kdelr3;kdelr3
ENSDARG00000021753;ccdc25;Ccdc25;ccdc25
ENSDARG00000007863;tra2a;Tra2a;tra2a
ENSDARG00000040152;nek4;Nek4;nek4
ENSDARG00000024277;pigm;Pigm;pigm
ENSDARG00000102888;gpr39;Gpr39;gpr39
ENSDARG00000035005;bag2;Bag2;bag2
ENSDARG00000099155;tpst2;Tpst2;tpst2
ENSDARG00000101636;prorsd1;Prorsd1;zgc:64201
ENSDARG00000040657;wipi1;Wipi1;wipi1
ENSDARG00000102591;btr30;Trim10;btr30
ENSDARG00000007180;slc30a4;Slc30a4;slc30a4
ENSDARG00000103929;ildr1a;Ildr1;ildr1a
ENSDARG00000098507;lyar;Lyar;lyar
ENSDARG00000086411;srsf10b;Srsf10;srsf10b
ENSDARG00000104069;rnf170;Rnf170;rnf170
ENSDARG00000008502;pno1;Pno1;pno1
ENSDARG00000013475;cct4;Cct4;cct4
ENSDARG00000031952;mb;Mb;mb
ENSDARG00000024717;selenbp1;Selenbp1;selenbp1
ENSDARG00000102141;ptpn12;Ptpn12;ptpn12
ENSDARG00000087401;slc25a34;Slc25a34;ENSDARG00000087401
ENSDARG00000018124;psmd3;Psmd3;psmd3
ENSDARG00000001785;irx2a;Irx2;irx2a
ENSDARG00000071492;fbxo45;Fbxo45;fbxo45
ENSDARG00000008861;tfap2e;Tfap2e;tfap2e
ENSDARG00000075713;shox2;Shox2;shox2
ENSDARG00000030078;glipr1b;Glipr1;glipr1b
ENSDARG00000104768;akap17a;Akap17b;akap17a
ENSDARG00000006859;nkain1;Nkain1;nkain1
ENSDARG00000019274;rasd1;Rasd2;rasd1
ENSDARG00000034897;rps10;Rps10;rps10
ENSDARG00000101169;grap2b;Grap2;grap2b
ENSDARG00000014430;rabgef1;Rabgef1;rabgef1
ENSDARG00000032601;macrod2;Macrod2;macrod2
ENSDARG00000003519;aprt;Aprt;aprt
ENSDARG00000004034;arhgdig;Arhgdib;arhgdig
ENSDARG00000012747;rer1;Rer1;rer1
ENSDARG00000039400;polr1c;Polr1c;polr1c
ENSDARG00000014348;stk17b;Stk17b;stk17b
ENSDARG00000037261;mtap;Mtap;mtap
ENSDARG00000104325;plek;Plek;plek
ENSDARG00000101443;relch;Relch;zgc:66014
ENSDARG00000034817;asah1b;Asah1;asah1b
ENSDARG00000036865;slc2a12;Slc2a12;slc2a12
ENSDARG00000012407;mgat1a;Mgat1;mgat1a
ENSDARG00000019526;agfg1b;Agfg1;agfg1b
ENSDARG00000103203;vps28;Vps28;vps28
ENSDARG00000022845;lias;Lias;lias
ENSDARG00000058799;mybpha;Mybph;mybpha
ENSDARG00000012892;ammecr1;Ammecr1;ammecr1
ENSDARG00000051756;pdhx;Pdhx;pdhx
ENSDARG00000054259;nat10;Nat10;nat10
ENSDARG00000071037;pex13;Pex13;pex13
ENSDARG00000005462;kif4;Kif4;kif4
ENSDARG00000011020;hnrnpa1a;Hnrnpa1;hnrnpa1a
ENSDARG00000009525;tial1;Tial1;tial1
ENSDARG00000098289;vstm2l;Vstm2l;vstm2l
ENSDARG00000035577;cds2;Cds2;cds2
ENSDARG00000007885;fancl;Fancl;fancl
ENSDARG00000052816;shmt1;Shmt1;shmt1
ENSDARG00000051902;prmt7;Prmt7;prmt7
ENSDARG00000095904;prpf31;Prpf31;prpf31
ENSDARG00000068400;znf131;Zfp131;znf131
ENSDARG00000002536;tm9sf4;Tm9sf4;tm9sf4
ENSDARG00000035184;tmem150ab;Tmem150a;tmem150ab
ENSDARG00000102970;tmem150ab;Tmem150a;TMEM150A
ENSDARG00000056649;htatsf1;Htatsf1;htatsf1
ENSDARG00000027182;rnf25;Rnf25;rnf25
ENSDARG00000104593;cyp2k18;Cyp2w1;cyp2k18
ENSDARG00000042659;thyn1;Thyn1;thyn1
ENSDARG00000054446;ccdc43;Ccdc43;ccdc43
ENSDARG00000037108;pfdn6;Pfdn6;pfdn6
ENSDARG00000042245;myl13;Myl3;myl13
ENSDARG00000103511;zfand2a;Zfand2a;zfand2a
ENSDARG00000009796;klc1a;Klc1;klc1a
ENSDARG00000025948;mlh1;Mlh1;mlh1
ENSDARG00000033171;trappc6bl;Trappc6a;trappc6bl
ENSDARG00000027140;nup160;Nup160;nup160
ENSDARG00000025383;arl2bp;Arl2bp;arl2bp
ENSDARG00000030357;amy2al1;Amy1;zgc:66313
ENSDARG00000002197;pygl;Pygl;pygl
ENSDARG00000029107;ube2d1a;Ube2d1;ube2d1a
ENSDARG00000032353;tiprl;Tiprl;tiprl
ENSDARG00000104945;sncb;Sncb;sncb
ENSDARG00000102736;sars2;Sars2;sars2
ENSDARG00000031098;timm50;Timm50;timm50
ENSDARG00000037177;zc3h13;Zc3h13;zc3h13
ENSDARG00000056628;tmem170a;Tmem170;tmem170a
ENSDARG00000017126;ilvbl;Ilvbl;ilvbl
ENSDARG00000043105;qtrt1;Qtrt1;qtrt1
ENSDARG00000029071;creld2;Creld2;creld2
ENSDARG00000069056;ranbp3b;Ranbp3;ranbp3b
ENSDARG00000042777;ndufa11;Ndufa11;ndufa11
ENSDARG00000011555;spag7;Spag7;spag7
ENSDARG00000025346;znf277;Zfp277;znf277
ENSDARG00000069485;spryd7b;Spryd7;spryd7b
ENSDARG00000045372;ngdn;Ngdn;ngdn
ENSDARG00000099235;hook2;Hook2;hook2
ENSDARG00000022007;spef1;Spef1;zgc:66426
ENSDARG00000099654;marveld3;Marveld3;CABZ01072765.1
ENSDARG00000003281;pik3ip1;Pik3ip1;pik3ip1
ENSDARG00000104186;fbxo43;Fbxo43;fbxo43
ENSDARG00000031164;tuba8l2;Tuba4a;tuba8l2
ENSDARG00000089681;btf3l4;Btf3l4;btf3l4
ENSDARG00000013750;eno1b;Eno1;eno1b
ENSDARG00000023852;lsm4;Lsm4;lsm4
ENSDARG00000002576;cabp5a;Cabp5;cabp5a
ENSDARG00000032997;rnf185;Rnf185;rnf185
ENSDARG00000015126;gorasp2;Gorasp2;gorasp2
ENSDARG00000102820;cib2;Cib2;cib2
ENSDARG00000013414;lin7a;Lin7a;lin7a
ENSDARG00000079128;becn1;Becn1;becn1
ENSDARG00000022768;gid8a;Gid8;gid8a
ENSDARG00000014867;rpl8;Rpl8;rpl8
ENSDARG00000025554;wdr83os;Wdr83os;wdr83os
ENSDARG00000057854;sap18;Sap18;sap18
ENSDARG00000005163;efr3a;Efr3a;efr3a
ENSDARG00000020798;necap1;Necap1;necap1
ENSDARG00000018397;hpca;Hpca;hpca
ENSDARG00000032126;scg5;Scg5;scg5
ENSDARG00000077045;scg5;Scg5;scg5
ENSDARG00000058041;ndufa8;Ndufa8;ndufa8
ENSDARG00000031216;ssu72;Ssu72;ssu72
ENSDARG00000028889;ndufb10;Ndufb10;ndufb10
ENSDARG00000014428;ppp2r5d;Ppp2r5d;ppp2r5d
ENSDARG00000043510;vamp4;Vamp4;vamp4
ENSDARG00000078195;fhit;Fhit;fhit
ENSDARG00000030408;rps26l;Rps26;rps26l
ENSDARG00000045156;rgs9b;Rgs9;rgs9b
ENSDARG00000009806;smfn;Rexo2;smfn
ENSDARG00000009950;edf1;Edf1;edf1
ENSDARG00000013044;ndufv2;Ndufv2;ndufv2
ENSDARG00000101915;pin1;Pin1;pin1
ENSDARG00000053656;lypla2;Lypla2;lypla2
ENSDARG00000030602;rps19;Rps19;rps19
ENSDARG00000042566;rps7;Rps7;rps7
ENSDARG00000002682;tbcela;Tbcel;tbcela
ENSDARG00000019302;mid1ip1b;Mid1ip1;mid1ip1b
ENSDARG00000056163;slc25a51a;Slc25a51;slc25a51a
ENSDARG00000057315;rwdd3;Rwdd3;rwdd3
ENSDARG00000086288;scg3;Scg3;scg3
ENSDARG00000011272;uqcc2;Uqcc2;uqcc2
ENSDARG00000044420;dnajc19;Dnajc19;dnajc19
ENSDARG00000098588;gchfr;Gchfr;gchfr
ENSDARG00000001953;pfkfb3;Pfkfb3;pfkfb3
ENSDARG00000014554;ppp1r3cb;Ppp1r3c;ppp1r3cb
ENSDARG00000027418;trappc4;Trappc4;trappc4
ENSDARG00000055475;rps27.2;Rps27;rps27.2
ENSDARG00000054334;dctpp1;Dctpp1;dctpp1
ENSDARG00000044501;viml;Vim;viml
ENSDARG00000043359;rmnd5b;Rmnd5b;rmnd5b
ENSDARG00000029581;tbc1d7;Tbc1d7;tbc1d7
ENSDARG00000033020;ppcdc;Ppcdc;ppcdc
ENSDARG00000041362;chmp7;Chmp7;chmp7
ENSDARG00000010732;xrcc4;Xrcc4;xrcc4
ENSDARG00000014532;aida;Aida;aida
ENSDARG00000044255;rbm18;Rbm18;rbm18
ENSDARG00000019752;rom1a;Rom1;rom1a
ENSDARG00000006773;elovl4a;Elovl4;elovl4a
ENSDARG00000038076;romo1;Romo1;romo1
ENSDARG00000014506;tmem126a;Tmem126a;tmem126a
ENSDARG00000023868;si:dkey-172h23.2;Akap13;ENSDARG00000023868
ENSDARG00000070675;fam3a;Fam3a;fam3a
ENSDARG00000008551;pole3;Pole3;pole3
ENSDARG00000010434;clu;Clu;clu
ENSDARG00000102822;pam16;Pam16;pam16
ENSDARG00000043511;prdx6;Prdx6;prdx6
ENSDARG00000010231;ppm1na;Ppm1n;ppm1na
ENSDARG00000037259;ndufb6;Ndufb6;ndufb6
ENSDARG00000058650;dpm3;Dpm3;dpm3
ENSDARG00000100514;cfap20;Cfap20;cfap20
ENSDARG00000045139;ca7;Car7;ca7
ENSDARG00000041811;rps25;Rps25;rps25
ENSDARG00000044102;znf593;Zfp593;znf593
ENSDARG00000052575;arl13a;Arl13a;arl13a
ENSDARG00000052304;uqcrc1;Uqcrc1;uqcrc1
ENSDARG00000078653;ralbp1;Ralbp1;ralbp1
ENSDARG00000101047;rtcb;Rtcb;rtcb
ENSDARG00000045200;dusp19b;Dusp19;dusp19b
ENSDARG00000102061;b3galt2;B3galt2;b3galt2
ENSDARG00000007916;xpnpep3;Xpnpep3;xpnpep3
ENSDARG00000099177;dok1b;Dok1;dok1b
ENSDARG00000003181;sult1st4;Sult1b1;sult1st4
ENSDARG00000016233;sdr16c5a;Sdr16c6;sdr16c5a
ENSDARG00000035603;dao.2;Dao;dao.2
ENSDARG00000039255;klhl21;Klhl21;klhl21
ENSDARG00000099774;cyb5b;Cyb5b;cyb5b
ENSDARG00000016200;trib3;Trib3;trib3
ENSDARG00000016059;rab5b;Rab5b;rab5b
ENSDARG00000014731;cacybp;Cacybp;cacybp
ENSDARG00000044039;stx11a;Stx11;stx11a
ENSDARG00000025754;ube2f;Ube2f;ube2f
ENSDARG00000043884;nup43;Nup43;nup43
ENSDARG00000026611;socs3b;Socs3;socs3b
ENSDARG00000098853;ehd1a;Ehd1;ehd1a
ENSDARG00000069432;plscr3b;Plscr3;plscr3b
ENSDARG00000098361;nudcd3;Nudcd3;nudcd3
ENSDARG00000037484;tmem192;Tmem192;tmem192
ENSDARG00000030957;yipf4;Yipf4;yipf4
ENSDARG00000026236;zgc:56585;Hpgd;zgc:56585
ENSDARG00000018944;hoga1;Hoga1;hoga1
ENSDARG00000033609;map1lc3a;Map1lc3a;map1lc3a
ENSDARG00000018178;pgm2;Pgm2;pgm2
ENSDARG00000093176;ppt2a.4;Ppt2;zgc:77118
ENSDARG00000002945;bgnb;Bgn;bgnb
ENSDARG00000034777;txn2;Txn2;txn2
ENSDARG00000097718;stard10;Stard10;stard10
ENSDARG00000026400;rad51d;Rad51d;rad51d
ENSDARG00000069478;slc13a3;Slc13a3;slc13a3
ENSDARG00000025421;tdrd3;Tdrd3;tdrd3
ENSDARG00000025593;plekhj1;Plekhj1;plekhj1
ENSDARG00000040942;pnp6;Pnp;pnp6
ENSDARG00000032780;pigf;Pigf;pigf
ENSDARG00000032932;cnksr1;Cnksr1;cnksr1
ENSDARG00000036911;scamp1;Scamp1;scamp1
ENSDARG00000099720;evlb;Evl;evlb
ENSDARG00000100264;thumpd1;Thumpd1;thumpd1
ENSDARG00000038467;igsf8;Igsf8;igsf8
ENSDARG00000102490;asb2b;Asb2;asb2b
ENSDARG00000098600;pithd1;Pithd1;pithd1
ENSDARG00000056920;tmem88a;Tmem88;tmem88a
ENSDARG00000099724;relt;Relt;relt
ENSDARG00000030335;zc3h10;Zc3h10;zc3h10
ENSDARG00000103783;cyyr1;Cyyr1;cyyr1
ENSDARG00000091756;insm1a;Insm1;insm1a
ENSDARG00000008278;rcor2;Rcor2;rcor2
ENSDARG00000020345;clasp2;Clasp2;clasp2
ENSDARG00000104448;lrr1;Lrr1;zgc:77287
ENSDARG00000014106;cfl2;Cfl2;cfl2
ENSDARG00000094973;wnt16;Wnt16;wnt16
ENSDARG00000070278;mettl14;Mettl14;mettl14
ENSDARG00000005989;rgl1;Rgl1;rgl1
ENSDARG00000008218;znf410;Zfp410;znf410
ENSDARG00000016163;usp33;Usp33;usp33
ENSDARG00000011125;snrpb;Snrpn;snrpb
ENSDARG00000018285;pdpk1b;Pdpk1;pdpk1b
ENSDARG00000004889;aga;Aga;aga
ENSDARG00000105123;zer1;Zer1;zer1
ENSDARG00000099880;sp6;Sp6;SP6
ENSDARG00000035648;irx4a;Irx4;irx4a
ENSDARG00000103651;map3k12;Map3k12;map3k12
ENSDARG00000055357;leo1;Leo1;leo1
ENSDARG00000006494;asb7;Asb7;asb7
ENSDARG00000098583;wbp1;Wbp1;wbp1
ENSDARG00000071116;eepd1;Eepd1;eepd1
ENSDARG00000046072;snx16;Snx16;snx16
ENSDARG00000056128;fastkd1;Fastkd1;fastkd1
ENSDARG00000101716;bace1;Bace1;BACE1
ENSDARG00000053890;tmem62;Tmem62;tmem62
ENSDARG00000100409;camlg;Caml;camlg
ENSDARG00000077368;slc30a6;Slc30a6;slc30a6
ENSDARG00000008097;srsf9;Srsf9;srsf9
ENSDARG00000009653;lhfpl2a;Lhfpl2;lhfpl2a
ENSDARG00000100055;tox2;Tox2;tox2
ENSDARG00000053518;adhfe1;Adhfe1;adhfe1
ENSDARG00000103670;cmc1;Cmc1;cmc1
ENSDARG00000031680;ercc1;Ercc1;ercc1
ENSDARG00000041397;eif2b2;Eif2b2;eif2b2
ENSDARG00000078014;pacsin2;Pacsin2;pacsin2
ENSDARG00000053194;pdzd11;Pdzd11;pdzd11
ENSDARG00000020521;exoc6;Exoc6;exoc6
ENSDARG00000003584;pla2g7;Pla2g7;pla2g7
ENSDARG00000009299;dusp8a;Dusp8;dusp8a
ENSDARG00000099771;gne;Gne;gne
ENSDARG00000001734;fkbp8;Fkbp8;fkbp8
ENSDARG00000011958;ctnnbl1;Ctnnbl1;ctnnbl1
ENSDARG00000104011;rps17;Rps17;rps17
ENSDARG00000037266;myoz2b;Myoz2;myoz2b
ENSDARG00000040881;hnrnph1;Hnrnph2;hnrnph1
ENSDARG00000005799;smim14;Smim14;smim14
ENSDARG00000009685;ppa2;Ppa2;ppa2
ENSDARG00000026895;tor1l3;Tor1b;tor1l3
ENSDARG00000004724;tcea3;Tcea3;tcea3
ENSDARG00000011961;csrp2;Csrp2;csrp2
ENSDARG00000018593;parp16;Parp16;parp16
ENSDARG00000035719;arl5c;Arl5c;arl5c
ENSDARG00000068629;cd151l;Cd151;cd151l
ENSDARG00000040401;slc25a20;Slc25a20;slc25a20
ENSDARG00000100376;amdhd2;Amdhd2;amdhd2
ENSDARG00000056209;myoz1a;Myoz1;myoz1a
ENSDARG00000036076;heatr3;Heatr3;heatr3
ENSDARG00000002353;tagapa;Tagap;tagapa
ENSDARG00000011376;dnase1l4.2;Dnase1l1;dnase1l4.2
ENSDARG00000092154;tex264a;Tex264;tex264a
ENSDARG00000033789;ndufb7;Ndufb7;ndufb7
ENSDARG00000029230;pnp4b;Pnp;pnp4b
ENSDARG00000042833;rffl;Rffl;rffl
ENSDARG00000024047;tmem38a;Tmem38a;tmem38a
ENSDARG00000046071;ark2n;Ark2n;zgc:77838
ENSDARG00000029290;stx11b.1;Stx11;stx11b.1
ENSDARG00000035601;dao.3;Dao;dao.3
ENSDARG00000032098;c8g;C8g;c8g
ENSDARG00000013837;spo11;Spo11;spo11
ENSDARG00000030839;tescb;Tesc;tescb
ENSDARG00000056239;tmem45b;Tmem45b;tmem45b
ENSDARG00000020475;znrf1;Znrf1;znrf1
ENSDARG00000033832;ampd1;Ampd1;ampd1
ENSDARG00000098746;dhrs13l1;Dhrs13;dhrs13l1
ENSDARG00000059150;tmem107;Tmem107;tmem107
ENSDARG00000030463;tppp3;Tppp3;tppp3
ENSDARG00000045802;hapln3;Hapln3;hapln3
ENSDARG00000027070;acbd4;Acbd4;acbd4
ENSDARG00000026771;tmem41ab;Tmem41a;tmem41ab
ENSDARG00000045257;decr2;Decr2;decr2
ENSDARG00000058893;nhej1;Nhej1;nhej1
ENSDARG00000070477;dnajc2;Dnajc2;dnajc2
ENSDARG00000089976;spcs3;Arxes2;spcs3
ENSDARG00000033179;tmem243b;Tmem243;tmem243b
ENSDARG00000005713;ethe1;Ethe1;ethe1
ENSDARG00000101655;sstr5;Sstr5;sstr5
ENSDARG00000103759;fahd2a;Fahd2a;fahd2a
ENSDARG00000103834;rbm14b;Rbm14;rbm14b
ENSDARG00000033987;rsrc1;Rsrc1;rsrc1
ENSDARG00000036721;tomm40l;Tomm40;tomm40l
ENSDARG00000098228;thrap3b;Thrap3;thrap3b
ENSDARG00000029600;wdr32;Dcaf10;wdr32
ENSDARG00000021869;rcan2;Rcan2;rcan2
ENSDARG00000071426;lrrc59;Lrrc59;lrrc59
ENSDARG00000097583;arfgap3;Arfgap3;arfgap3
ENSDARG00000059305;tmem37;Tmem37;tmem37
ENSDARG00000100919;slc5a2;Slc5a2;slc5a2
ENSDARG00000007603;stxbp2;Stxbp2;stxbp2
ENSDARG00000006029;lta4h;Lta4h;lta4h
ENSDARG00000028848;lsm12a;Lsm12;lsm12a
ENSDARG00000038910;pccb;Pccb;pccb
ENSDARG00000038667;fggy;Fggy;fggy
ENSDARG00000051916;cdk7;Cdk7;cdk7
ENSDARG00000039667;mrpl38;Mrpl38;mrpl38
ENSDARG00000105208;tm6sf2a;Tm6sf1;ENSDARG00000105208
ENSDARG00000016725;gadd45gb.1;Gadd45g;gadd45gb.1
ENSDARG00000102274;aaas;Aaas;aaas
ENSDARG00000099374;sp9;Sp9;sp9
ENSDARG00000005284;fbxl15;Fbxl15;fbxl15
ENSDARG00000074671;nptx1l;Nptx1;nptx1l
ENSDARG00000038000;crls1;Crls1;crls1
ENSDARG00000022648;otud3;Otud3;otud3
ENSDARG00000045019;aamp;Aamp;aamp
ENSDARG00000103220;slc10a3;Slc10a3;slc10a3
ENSDARG00000018459;msrb2;Msrb2;msrb2
ENSDARG00000058367;abhd14a;Abhd14a;abhd14a
ENSDARG00000032405;ckap4;Ckap4;zgc:85975
ENSDARG00000005218;wrnip1;Wrnip1;wrnip1
ENSDARG00000008155;sms;Sms;sms
ENSDARG00000030349;cryba2a;Cryba2;cryba2a
ENSDARG00000053619;sra1;Sra1;sra1
ENSDARG00000075395;dguok;Dguok;dguok
ENSDARG00000045696;mrpl23;Mrpl23;mrpl23
ENSDARG00000098813;stx12;Stx12;stx12
ENSDARG00000075297;trnt1;Trnt1;trnt1
ENSDARG00000044753;idh3b;Idh3b;idh3b
ENSDARG00000002571;tmod2;Tmod2;tmod2
ENSDARG00000008480;trmt61a;Trmt61a;trmt61a
ENSDARG00000091402;eif2b1;Eif2b1;eif2b1
ENSDARG00000036329;ndufa1;Ndufa1;ndufa1
ENSDARG00000038010;rac2;Rac2;rac2
ENSDARG00000100588;rpl36;Rpl36;rpl36
ENSDARG00000057911;actc2;Actc1;ACTC1
ENSDARG00000070161;vamp3;Vamp3;vamp3
ENSDARG00000102963;sirt6;Sirt6;sirt6
ENSDARG00000054540;imp4;Imp4;imp4
ENSDARG00000043509;rpl11;Rpl11;rpl11
ENSDARG00000037892;psmc3ip;Psmc3ip;psmc3ip
ENSDARG00000077253;alkbh6;Alkbh6;alkbh6
ENSDARG00000019877;rbks;Rbks;rbks
ENSDARG00000057882;arpc3;Arpc3;arpc3
ENSDARG00000017728;phb2b;Phb2;phb2b
ENSDARG00000003526;psma5;Psma5;psma5
ENSDARG00000041226;cdc40;Cdc40;cdc40
ENSDARG00000057575;pnp4a;Pnp;pnp4a
ENSDARG00000101534;rab3db;Rab3d;rab3db
ENSDARG00000069116;timm10;Timm10;timm10
ENSDARG00000041974;brk1;Brk1;brk1
ENSDARG00000054433;yipf6;Yipf6;yipf6
ENSDARG00000045836;mapk11;Mapk11;mapk11
ENSDARG00000058219;tubd1;Tubd1;tubd1
ENSDARG00000041802;rnf141;Rnf141;rnf141
ENSDARG00000054442;cbx1b;Cbx1;cbx1b
ENSDARG00000029497;tfcp2l1;Tfcp2l1;tfcp2l1
ENSDARG00000069184;ubtd2;Ubtd2;ubtd2
ENSDARG00000020158;spag6;Spag6l;spag6
ENSDARG00000015997;mfsd5;Mfsd5;mfsd5
ENSDARG00000044612;c1qb;C1qb;c1qb
ENSDARG00000021589;tmem60;Tmem60;tmem60
ENSDARG00000037883;prcp;Prcp;prcp
ENSDARG00000056704;ramp1;Ramp1;ENSDARG00000056704
ENSDARG00000011926;tpgs2;Tpgs2;tpgs2
ENSDARG00000057169;abca4a;Abca4;abca4a
ENSDARG00000058306;prpf18;Prpf18;prpf18
ENSDARG00000009094;gata2b;Gata2;gata2b
ENSDARG00000099222;prpsap1;Prpsap1;prpsap1
ENSDARG00000036878;sh3bgrl2;Sh3bgrl2;sh3bgrl2
ENSDARG00000024112;gmppaa;Gmppa;gmppaa
ENSDARG00000016809;prkacab;Prkaca;prkacab
ENSDARG00000068883;tspan13a;Tspan13;tspan13a
ENSDARG00000051934;kxd1;Kxd1;kxd1
ENSDARG00000008811;cmtm3;Cmtm3;cmtm3
ENSDARG00000099677;bambib;Bambi;bambib
ENSDARG00000036846;anks4b;Anks4b;anks4b
ENSDARG00000029239;syt9b;Syt9;syt9b
ENSDARG00000045302;smpx;Smpx;smpx
ENSDARG00000032496;pon1;Pon1;pon1
ENSDARG00000046098;ebp;Ebp;ebp
ENSDARG00000003841;usb1;Usb1;usb1
ENSDARG00000054224;ipo11;Ipo11;ipo11
ENSDARG00000042336;impdh1a;Impdh1;impdh1a
ENSDARG00000076225;tha1;Tha1;tha1
ENSDARG00000034174;mrrf;Mrrf;mrrf
ENSDARG00000058728;nudt2;Nudt2;nudt2
ENSDARG00000040732;elavl2;Elavl2;elavl2
ENSDARG00000038978;dnajb4;Dnajb4;dnajb4
ENSDARG00000040643;ccr10;Ccr10;ccr10
ENSDARG00000030733;b3gat2;B3gat2;b3gat2
ENSDARG00000040712;adprh;Adprh;adprh
ENSDARG00000036136;tipin;Tipin;tipin
ENSDARG00000001950;ak1;Ak1;ak1
ENSDARG00000102890;clrn1;Clrn1;clrn1
ENSDARG00000078671;cdk5r2b;Cdk5r2;cdk5r2b
ENSDARG00000071414;cybc1;Cybc1;zgc:91940
ENSDARG00000091771;lysmd2;Lysmd2;lysmd2
ENSDARG00000087573;hdac11;Hdac11;hdac11
ENSDARG00000098883;stac3;Stac3;stac3
ENSDARG00000075325;mrpl16;Mrpl16;mrpl16
ENSDARG00000075963;mhc1uba;Mr1;mhc1uba
ENSDARG00000045095;elac1;Elac1;elac1
ENSDARG00000059365;nipal4;Nipal4;nipal4
ENSDARG00000052895;htra3a;Htra3;htra3a
ENSDARG00000031954;rbck1;Rbck1;rbck1
ENSDARG00000018918;rad17;Rad17;rad17
ENSDARG00000042571;rnaseh1;Rnaseh1;rnaseh1
ENSDARG00000104643;tuba7l;Tuba3b;tuba7l
ENSDARG00000042962;dgcr2;Dgcr2;dgcr2
ENSDARG00000031048;gspt1;Gspt1;gspt1
ENSDARG00000014474;yipf1;Yipf1;yipf1
ENSDARG00000038737;phf20b;Phf20;phf20b
ENSDARG00000024789;mxc;Mx2;mxc
ENSDARG00000026198;enoph1;Enoph1;enoph1
ENSDARG00000036773;s100s;S100a6;s100s
ENSDARG00000009494;xrcc1;Xrcc1;xrcc1
ENSDARG00000002255;epb41l3a;Epb41l3;epb41l3a
ENSDARG00000089156;egr3;Egr3;egr3
ENSDARG00000102123;phtf2;Phtf2;phtf2
ENSDARG00000020187;gca;Gca;ENSDARG00000020187
ENSDARG00000006567;dus4l;Dus4l;dus4l
ENSDARG00000036028;arrdc3b;Arrdc3;arrdc3b
ENSDARG00000019613;ip6k2b;Ip6k2;ip6k2b
ENSDARG00000023495;ift74;Ift74;ift74
ENSDARG00000101877;rbm34;Rbm34;rbm34
ENSDARG00000021048;clptm1l;Clptm1l;clptm1l
ENSDARG00000069048;serpinf1;Serpinf1;serpinf1
ENSDARG00000100850;rnf103;Rnf103;rnf103
ENSDARG00000098645;rgn;Rgn;rgn
ENSDARG00000019932;slc5a11;Slc5a11;slc5a11
ENSDARG00000075931;acsl5;Acsl5;acsl5
ENSDARG00000006838;eef1a2;Eef1a2;eef1a2
ENSDARG00000038567;tsr3;Tsr3;tsr3
ENSDARG00000103144;ppp1r21;Ppp1r21;ppp1r21
ENSDARG00000021250;slc25a48;Slc25a48;slc25a48
ENSDARG00000051857;tes;Tesl1;tes
ENSDARG00000054362;ccdc47;Ccdc47;ccdc47
ENSDARG00000028804;ankrd9;Ankrd9;ankrd9
ENSDARG00000038248;ggact.2;Ggact;ggact.2
ENSDARG00000104188;fam83fb;Fam83f;fam83fb
ENSDARG00000067916;lyn;Lyn;tgs1
ENSDARG00000040254;hormad1;Hormad2;hormad1
ENSDARG00000020107;usp2a;Usp2;usp2a
ENSDARG00000009443;amy2al2;Amy1;zgc:92137
ENSDARG00000043684;bpnt1;Bpnt1;bpnt1
ENSDARG00000037633;leng1;Leng1;leng1
ENSDARG00000012563;pdss2;Pdss2;pdss2
ENSDARG00000055295;cyb561d1;Cyb561d1;cyb561d1
ENSDARG00000099344;pla2g10;Pla2g10;ENSDARG00000099344
ENSDARG00000009524;rnf150b;Rnf150;rnf150b
ENSDARG00000089354;tspan4a;Tspan4;tspan4a
ENSDARG00000040338;hvcn1;Hvcn1;hvcn1
ENSDARG00000103145;cdk2ap2;Cdk2ap2;cdk2ap2
ENSDARG00000036376;cldn7a;Cldn7;cldn7a
ENSDARG00000018627;arl5a;Arl5a;arl5a
ENSDARG00000016345;ncoa5;Ncoa5;ncoa5
ENSDARG00000102020;pnpla3;Pnpla3;pnpla3
ENSDARG00000036764;hax1;Hax1;hax1
ENSDARG00000028082;mapkapk5;Mapkapk5;mapkapk5
ENSDARG00000035515;tm2d2;Tm2d2;tm2d2
ENSDARG00000038789;tmem53;Tmem53;tmem53
ENSDARG00000027851;ccdc191;Ccdc191;ccdc191
ENSDARG00000026902;cryzl1;Cryzl1;cryzl1
ENSDARG00000044183;prkab1a;Prkab1;prkab1a
ENSDARG00000055770;dffa;Dffa;dffa
ENSDARG00000070826;bpgm;Bpgm;bpgm
ENSDARG00000043938;lrrc57;Lrrc57;lrrc57
ENSDARG00000037865;cln3;Cln3;cln3
ENSDARG00000007975;fth1b;Fthl17e;fth1b
ENSDARG00000098141;supt3h;Supt3;supt3h
ENSDARG00000020031;cldn11a;Cldn11;cldn11a
ENSDARG00000076563;rarres3l;Plaat5;zgc:92249
ENSDARG00000006196;sav1;Sav1;sav1
ENSDARG00000104508;slc10a7;Slc10a7;slc10a7
ENSDARG00000056407;irf8;Irf8;irf8
ENSDARG00000000666;creg2;Creg2;creg2
ENSDARG00000094191;nup37;Nup37;nup37
ENSDARG00000044387;cldn2;Cldn2;cldn2
ENSDARG00000029045;peli2;Peli2;peli2
ENSDARG00000099380;rpl13;Rpl13;rpl13
ENSDARG00000038222;tyw3;Tyw3;tyw3
ENSDARG00000018984;eya2;Eya2;eya2
ENSDARG00000017055;zmynd12;Zmynd12;zymnd12
ENSDARG00000031511;psmb2;Psmb2;psmb2
ENSDARG00000006545;rgp1;Rgp1;rgp1
ENSDARG00000012453;rnls;Rnls;rnls
ENSDARG00000040161;lemd1;Lemd1;zgc:92287
ENSDARG00000039684;sirt5;Sirt5;sirt5
ENSDARG00000041155;morf4l1;Morf4l1;morf4l1
ENSDARG00000007247;ric8a;Ric8a;ric8a
ENSDARG00000026941;fbxl4;Fbxl4;fbxl4
ENSDARG00000019484;zdhhc7;Zdhhc7;zdhhc7
ENSDARG00000093003;acy3.1;Acy3;acy3.1
ENSDARG00000058740;ube2r2;Ube2r2;ube2r2
ENSDARG00000059354;glmp;Glmp;glmp
ENSDARG00000006811;sult1st6;Sult1d1;sult1st6
ENSDARG00000055899;lzic;Lzic;lzic
ENSDARG00000012138;sgce;Sgce;sgce
ENSDARG00000027200;gabarapl2;Gabarapl2;gabarapl2
ENSDARG00000040300;gtpbp10;Gtpbp10;gtpbp10
ENSDARG00000041602;mmadhca;Mmadhc;ENSDARG00000041602
ENSDARG00000042747;coasy;Coasy;coasy
ENSDARG00000071445;myoz1b;Myoz1;myoz1b
ENSDARG00000029609;macrod1;Macrod1;macrod1
ENSDARG00000055751;fosb;Fosb;fosb
ENSDARG00000036924;tatdn1;Tatdn1;tatdn1
ENSDARG00000022000;traf3;Traf3;traf3
ENSDARG00000014805;fhl5;Fhl5;fhl5
ENSDARG00000032206;cthl;Cth;cthl
ENSDARG00000036995;lsm6;Lsm6;lsm6
ENSDARG00000004687;acaa1;Acaa1a;acaa1
ENSDARG00000038309;dnajc15;Dnajc15;dnajc15
ENSDARG00000054250;crbn;Crbn;crbn
ENSDARG00000057714;cmah;Cmah;cmah
ENSDARG00000022437;cd81b;Cd81;cd81b
ENSDARG00000020427;nceh1a;Nceh1;nceh1a
ENSDARG00000029215;ube2z;Ube2z;ube2z
ENSDARG00000021853;ntpcr;Ntpcr;ntpcr
ENSDARG00000042018;fhl2a;Fhl2;fhl2a
ENSDARG00000041729;sntb1;Sntb1;sntb1
ENSDARG00000012539;dnase1;Dnase1;dnase1
ENSDARG00000035618;coq5;Coq5;coq5
ENSDARG00000038731;slc25a36a;Slc25a36;slc25a36a
ENSDARG00000025824;dmtf1;Dmtf1l;dmtf1
ENSDARG00000105185;snx7;Snx7;snx7
ENSDARG00000039516;c8a;C8a;c8a
ENSDARG00000008568;slc25a24;Slc25a54;slc25a24
ENSDARG00000011661;twf1b;Twf1;twf1b
ENSDARG00000040747;tm4sf4;Tm4sf4;tm4sf4
ENSDARG00000028971;cpsf2;Cpsf2;cpsf2
ENSDARG00000057630;galm;Galm;galm
ENSDARG00000004587;kat5a;Kat5;kat5a
ENSDARG00000043168;cela1.5;Cela1;CELA1
ENSDARG00000023214;mob2a;Mob2;mob2a
ENSDARG00000032639;cd36;Cd36;cd36
ENSDARG00000016918;ace2;Ace2;ace2
ENSDARG00000033647;smarcb1a;Smarcb1;smarcb1a
ENSDARG00000016343;mettl21e;Mettl21e;zgc:92518
ENSDARG00000015856;slc25a40;Slc25a40;slc25a40
ENSDARG00000098344;rab18b;Rab18;rab18b
ENSDARG00000010146;cpa2;Cpa2;cpa2
ENSDARG00000021595;lhfpl3;Lhfpl3;lhfpl3
ENSDARG00000031796;ache;Ache;ache
ENSDARG00000102026;gpsm2l;Gpsm2;gpsm2l
ENSDARG00000020820;srp68;Srp68;srp68
ENSDARG00000037871;wipi2;Wipi2;wipi2
ENSDARG00000099997;cox20;Cox20;cox20
ENSDARG00000003144;pxmp2;Pxmp2;pxmp2
ENSDARG00000040822;fundc1;Fundc1;fundc1
ENSDARG00000035420;ophn1;Ophn1;ophn1
ENSDARG00000074892;pde6d;Pde6d;pde6d
ENSDARG00000035625;snrnp27;Snrnp27;snrnp27
ENSDARG00000104049;crebl2;Crebl2;crebl2
ENSDARG00000056307;znf706;Zfp706;znf706
ENSDARG00000004141;dhrs11b.2;Dhrs11;zgc:92630
ENSDARG00000044861;opn1lw2;Opn1mw;opn1lw2
ENSDARG00000054821;nubpl;Nubpl;nubpl
ENSDARG00000015015;tspan18b;Tspan18;tspan18b
ENSDARG00000004427;dpy30;Dpy30;dpy30
ENSDARG00000034916;hat1;Hat1;hat1
ENSDARG00000031293;dnajc9;Dnajc9;dnajc9
ENSDARG00000053380;fam189a1;Entrep2;fam189a1
ENSDARG00000038859;rgs20;Rgs20;rgs20
ENSDARG00000076334;mrpl43;Mrpl43;mrpl43
ENSDARG00000092792;rprm3;Rprm;zgc:92658
ENSDARG00000016594;haus4;Haus4;haus4
ENSDARG00000026907;slc48a1a;Slc48a1;slc48a1a
ENSDARG00000090183;gapvd1;Gapvd1;gapvd1
ENSDARG00000039719;mrps26;Mrps26;mrps26
ENSDARG00000045420;epdr1;Epdr1;epdr1
ENSDARG00000055433;vps26bl;Vps26b;vps26bl
ENSDARG00000003642;zfyve19;Zfyve19;zfyve19
ENSDARG00000045930;rbpms2a;Rbpms2;rbpms2a
ENSDARG00000057460;crygm2d13;Crygc;crygm2d13
ENSDARG00000025340;tusc2b;Tusc2;tusc2b
ENSDARG00000019222;mrpl24;Mrpl24;mrpl24
ENSDARG00000037921;gng13b;Gng13;gng13b
ENSDARG00000068507;crybb1;Crybb1;crybb1
ENSDARG00000093448;mpc1;Mpc1;mpc1
ENSDARG00000038693;gng7;Gng7;gng7
ENSDARG00000020814;faimb;Faim;faimb
ENSDARG00000017385;b9d2;B9d2;b9d2
ENSDARG00000013966;psma6b;Psma6;psma6b
ENSDARG00000030411;crygn2;Crygn;crygn2
ENSDARG00000017740;sec63;Sec63;sec63
ENSDARG00000053875;cryba1b;Cryba1;cryba1b
ENSDARG00000005828;faima;Faim;faima
ENSDARG00000069826;crygm2d15;Cryge;crygm2d15
ENSDARG00000101560;psma1;Psma1;psma1
ENSDARG00000039325;pmepa1;Pmepa1;pmepa1
ENSDARG00000046106;rab10;Rab10;rab10
ENSDARG00000038348;pigh;Pigh;pigh
ENSDARG00000043932;stmn4l;Stmn4;stmn4l
ENSDARG00000070045;celf4;Celf4;celf4
ENSDARG00000056510;gstk1;Gstk1;gstk1
ENSDARG00000035181;slc25a46;Slc25a46;slc25a46
ENSDARG00000013075;mrpl11;Mrpl11;mrpl11
ENSDARG00000090086;rab11bb;Rab11b;rab11bb
ENSDARG00000104221;sat2b;Sat2;sat2b
ENSDARG00000037835;polr3k;Polr3k;polr3k
ENSDARG00000098780;nsmce1;Nsmce1;nsmce1
ENSDARG00000056638;pir;Pir;pir
ENSDARG00000037855;taf11;Taf11;taf11
ENSDARG00000022652;psmf1;Psmf1;psmf1
ENSDARG00000036625;polr2f;Polr2f;polr2f
ENSDARG00000039882;ap3s2;Ap3s2;ap3s2
ENSDARG00000042703;parp6a;Parp6;parp6a
ENSDARG00000039699;fam204a;Fam204a;fam204a
ENSDARG00000018809;abhd3;Abhd3;abhd3
ENSDARG00000015930;rwdd1;Rwdd1;rwdd1
ENSDARG00000039435;rgs17;Rgs17;rgs17
ENSDARG00000052783;cdc42ep3;Cdc42ep3;cdc42ep3
ENSDARG00000099527;nkiras1;Nkiras1;nkiras1
ENSDARG00000018637;sec61g;Sec61g;sec61g
ENSDARG00000003573;dctn5;Dctn5;dctn5
ENSDARG00000036684;ndufa7;Ndufa7;ndufa7
ENSDARG00000052020;cmtm4;Cmtm4;cmtm4
ENSDARG00000016934;ttyh2;Ttyh2;ttyh2
ENSDARG00000101306;mrpl15;Mrpl15;mrpl15
ENSDARG00000088030;rpl35a;Rpl35a;rpl35a
ENSDARG00000039913;tmem147;Tmem147;tmem147
ENSDARG00000077717;rpl29;Rpl29;rpl29
ENSDARG00000052594;nkiras2;Nkiras2;nkiras2
ENSDARG00000071679;mydgf;Mydgf;mydgf
ENSDARG00000102060;cstpp1;Cstpp1;zgc:92873
ENSDARG00000023309;spryd4;Spryd4;spryd4
ENSDARG00000102590;polr3h;Polr3h;polr3h
ENSDARG00000022569;nkx6.1;Nkx6-1;nkx6.1
ENSDARG00000071076;ldhbb;Ldhb;ldhbb
ENSDARG00000101680;arl1;Arl1;arl1
ENSDARG00000035131;surf4l;Surf4;surf4l
ENSDARG00000044254;anxa3b;Anxa3;anxa3b
ENSDARG00000008560;brap;Brap;brap
ENSDARG00000033382;grifin;Grifin;grifin
ENSDARG00000013005;opcml;Ntm;opcml
ENSDARG00000089245;dusp23b;Dusp23;dusp23b
ENSDARG00000044402;nop16;Nop16;nop16
ENSDARG00000097576;vamp1b;Vamp1;ENSDARG00000097576
ENSDARG00000070037;rgs8;Rgs8;rgs8
ENSDARG00000014462;rab3c;Rab3c;rab3c
ENSDARG00000042803;rab3c;Rab3c;rab3b
ENSDARG00000045543;atp6v1f;Atp6v1f;atp6v1f
ENSDARG00000042410;rab40b;Rab40b;rab40b
ENSDARG00000061011;hlfb;Hlf;hlfb
ENSDARG00000055162;zhx2a;Zhx2;zhx2a
ENSDARG00000059361;slc39a4;Slc39a4;slc39a4
ENSDARG00000036051;irx4b;Irx4;irx4b
ENSDARG00000041699;piwil1;Piwil1;piwil1
ENSDARG00000031348;mc5ra;Mc5r;mc5ra
ENSDARG00000055852;mtnr1ab;Mtnr1a;mtnr1ab
ENSDARG00000011897;tsg101b;Tsg101;tsg101b
ENSDARG00000012367;trim46a;Trim46;trim46a
ENSDARG00000099547;nbeal1;Nbeal1;nbeal1
ENSDARG00000019063;fat1b;Fat1;fat1b
ENSDARG00000019093;si:ch73-160i9.2;Fpr-rs4;si:ch73-160i9.2
ENSDARG00000022334;si:ch211-156l18.7;Krt19;si:ch211-156l18.7
ENSDARG00000023236;kcnh1b;Kcnh1;kcnh1b
ENSDARG00000031496;ap1ar;Ap1ar;ap1ar
ENSDARG00000032372;ccdc180;Ccdc180;ccdc180
ENSDARG00000036043;znf408;Zfp408;znf408
ENSDARG00000036414;si:ch73-335l21.1;Irs3;si:ch73-335l21.1
ENSDARG00000036422;ntn5;Ntn5;ntn5
ENSDARG00000036678;trmt10a;Trmt10a;trmt10a
ENSDARG00000038305;vgll3;Vgll3;vgll3
ENSDARG00000038866;trappc8;Trappc8;trappc8
ENSDARG00000039999;slc13a5b;Slc13a5;slc13a5b
ENSDARG00000044980;kpna6;Kpna6;kpna6
ENSDARG00000051800;fnbp4;Fnbp4;fnbp4
ENSDARG00000051892;kcng4b;Kcng4;kcng4b
ENSDARG00000051970;smu1b;Smu1;smu1b
ENSDARG00000052701;smpd2b;Smpd2;smpd2b
ENSDARG00000105578;amfrb;Amfr;amfrb
ENSDARG00000053431;si:ch211-257p13.3;Kifc2;si:ch211-257p13.3
ENSDARG00000053454;cntn3b;Cntn3;cntn3b
ENSDARG00000097782;si:dkey-42l23.4;Fpr-rs3;si:dkey-42l23.4
ENSDARG00000105443;si:ch211-63p21.8;Klhl33;si:ch211-63p21.8
ENSDARG00000056259;tmem131;Tmem131;tmem131
ENSDARG00000100518;arap2;Arap2;ARAP2
ENSDARG00000056591;gucy1b2;Gucy1b2;gucy1b2
ENSDARG00000056961;ccdc30;Ccdc30;ccdc30
ENSDARG00000058969;cntnap2a;Cntnap2;cntnap2a
ENSDARG00000059116;heatr5b;Heatr5b;heatr5b
ENSDARG00000098726;rptor;Rptor;rptor
ENSDARG00000060434;map1b;Map1b;map1b
ENSDARG00000060725;dnajc16l;Dnajc16;dnajc16l
ENSDARG00000061031;dner;Dner;dner
ENSDARG00000061473;tbkbp1;Tbkbp1;tbkbp1
ENSDARG00000062277;ppp2r2cb;Ppp2r2c;ppp2r2cb
ENSDARG00000063621;aadac;Aadac;aadac
ENSDARG00000063672;tulp3;Tulp3;ENSDARG00000063672
ENSDARG00000105301;sox8a;Sox8;sox8a
ENSDARG00000069806;sstr2b;Sstr2;sstr2b
ENSDARG00000070513;brpf3a;Brpf3;brpf3a
ENSDARG00000070605;b4galnt2.2;B4galnt2;b4galnt2.2
ENSDARG00000105120;gab2;Gab2;gab2
ENSDARG00000074867;stim2a;Stim2;stim2a
ENSDARG00000098414;ninl;Ninl;ninl
ENSDARG00000075327;dock10;Dock10;dock10
ENSDARG00000075463;mss51;Mss51;mss51
ENSDARG00000075648;sema5bb;Sema5b;sema5bb
ENSDARG00000075849;prr12b;Prr12;prr12b
ENSDARG00000105626;adad2;Adad2;adad2
ENSDARG00000076230;atp10b;Atp10b;atp10b
ENSDARG00000076620;abhd8b;Abhd8;abhd8b
ENSDARG00000100927;nfatc2a;Nfatc2;ENSDARG00000100927
ENSDARG00000076710;si:dkey-42l23.7;Fpr-rs3;si:dkey-42l23.7
ENSDARG00000077057;esco1;Esco1;esco1
ENSDARG00000077073;tanc1a;Tanc1;tanc1a
ENSDARG00000077249;gmip;Gmip;gmip
ENSDARG00000077465;sorcs2;Sorcs2;sorcs2
ENSDARG00000098605;slx1b;Slx1b;slx1b
ENSDARG00000077546;zdhhc1;Zdhhc1;zdhhc1
ENSDARG00000077839;dhx30;Dhx30;dhx30
ENSDARG00000077912;bcorl1;Bcorl1;bcorl1
ENSDARG00000078135;mrc2;Mrc2;mrc2
ENSDARG00000078302;brinp1;Brinp1;brinp1
ENSDARG00000078362;tnca;Tnc;ENSDARG00000078362
ENSDARG00000099479;syde2;Syde2;SYDE2
ENSDARG00000079264;baiap3;Baiap3;baiap3
ENSDARG00000079363;lrig3;Lrig3;lrig3
ENSDARG00000103087;cldn18;Cldn18;ENSDARG00000103087
ENSDARG00000079438;pkp3b;Pkp3;pkp3b
ENSDARG00000079468;rhobtb1;Rhobtb1;rhobtb1
ENSDARG00000079967;prkd3;Prkd3;prkd3
ENSDARG00000080021;zmat3;Zmat3;zmat3
ENSDARG00000086228;si:dkey-120c6.5;Gimap8;si:dkey-120c6.5
ENSDARG00000086271;acyp2;Acyp1;acyp2
ENSDARG00000087225;si:ch73-361p23.3;Tnfrsf4;si:ch73-361p23.3
ENSDARG00000087352;dnah2;Dnah2;dnah2
ENSDARG00000087417;zdhhc5b;Zdhhc5;zdhhc5b
ENSDARG00000088117;fut8b;Fut8;fut8b
ENSDARG00000088899;ralgapb;Ralgapb;ralgapb
ENSDARG00000089066;nhsl2;Nhsl2;nhsl2
ENSDARG00000089233;csgalnact1b;Csgalnact1;csgalnact1b
ENSDARG00000089236;mettl15;Mettl15;mettl15
ENSDARG00000090617;ctif;Ctif;ctif
ENSDARG00000091059;onecut3b;Onecut3;onecut3b
ENSDARG00000091489;cnbd1;Cnbd1;cnbd1
ENSDARG00000008473;asb14a;Asb14;asb14a
ENSDARG00000102556;nfat5b;Nfat5;nfat5b
ENSDARG00000101677;chrnb4;Chrnb4;chrnb4
ENSDARG00000028469;rps6ka2;Rps6ka2;rps6ka2
ENSDARG00000036575;si:ch73-71d17.2;Radx;si:ch73-71d17.2
ENSDARG00000039500;si:cabz01090165.1;Lrfn3;LRFN3
ENSDARG00000042090;si:ch73-55i23.1;Pla2g4c;si:ch73-55i23.1
ENSDARG00000053179;cttnbp2nla;Cttnbp2nl;cttnbp2nla
ENSDARG00000053771;apbb3;Apbb3;apbb3
ENSDARG00000060600;capn15;Capn15;capn15
ENSDARG00000100088;st14;St14;zmp:0000001114
ENSDARG00000061717;cytip;Cytip;cytip
ENSDARG00000062828;si:ch73-171o20.1;Iigp1;ENSDARG00000062828
ENSDARG00000063527;elmo2;Elmo2;elmo2
ENSDARG00000069331;trip6;Trip6;trip6
ENSDARG00000071304;tbc1d2;Tbc1d2;tbc1d2
ENSDARG00000076594;pcdh12;Pcdh12;pcdh12
ENSDARG00000105452;plxna1a;Plxna1;plxna1a
ENSDARG00000077606;arsia;Arsi;arsia
ENSDARG00000077804;hgsnat;Hgsnat;hgsnat
ENSDARG00000077918;dnase2b;Dnase2b;dnase2b
ENSDARG00000077943;ints5;Ints5;ints5
ENSDARG00000078802;rnf111;Rnf111;rnf111
ENSDARG00000078942;enox2;Enox2;enox2
ENSDARG00000078979;arhgef40;Arhgef40;arhgef40
ENSDARG00000079161;bsnb;Bsn;bsnb
ENSDARG00000079313;pelp1;Pelp1;pelp1
ENSDARG00000079382;hdx;Hdx;hdx
ENSDARG00000079463;man2b2;Man2b2;man2b2
ENSDARG00000104791;ofcc1;Ofcc1;CABZ01077956.1
ENSDARG00000089572;tfpt;Tfpt;tfpt
ENSDARG00000090054;znf318;Zfp318;znf318
ENSDARG00000090618;malrd1;Malrd1;malrd1
ENSDARG00000100359;arel1;Arel1;AREL1
ENSDARG00000103647;gpc5a;Gpc5;gpc5a
ENSDARG00000092407;trim35-45;Trim75;zmp:0000001316
ENSDARG00000023104;scaper;Scaper;scaper
ENSDARG00000062401;znf319b;Zfp319;znf319b
ENSDARG00000014692;znf622;Zfp622;znf622
ENSDARG00000078388;glis2a;Glis2;glis2a
ENSDARG00000103983;slc30a10;Slc30a10;slc30a10
ENSDARG00000090237;zp2.3;Zp1;zp2.3
ENSDARG00000016695;p2rx1;P2rx1;p2rx1
ENSDARG00000078602;ptger1c;Ptger1;ptger1c
ENSDARG00000104717;tbxa2r;Tbxa2r;tbxa2r
ENSDARG00000018032;scn8ab;Scn8a;scn8ab
ENSDARG00000051879;abcc8;Abcc8;abcc8
ENSDARG00000076624;ptprb;Ptprb;ptprb
ENSDARG00000071596;neto1l;Neto1;neto1l
ENSDARG00000086416;med11;Med11;med11
ENSDARG00000103485;card14;Card14;card14
ENSDARG00000098897;pds5b;Pds5b;pds5b
ENSDARG00000100969;tmprss13a;Tmprss13;tmprss13a
ENSDARG00000062501;hhipl1;Hhipl1;hhipl1
ENSDARG00000052764;chrnb3a;Chrnb3;chrnb3a
ENSDARG00000079160;srxn1;Srxn1;srxn1
ENSDARG00000078797;dennd3a;Dennd3;dennd3a
ENSDARG00000074690;ppm1j;Ppm1j;ppm1j
ENSDARG00000101717;sox17;Sox17;sox17
ENSDARG00000099930;col27a1b;Col27a1;col27a1b
ENSDARG00000074120;usp2b;Usp2;usp2b
ENSDARG00000077955;rnf6;Rnf6;rnf6
ENSDARG00000077492;atp8a2;Atp8a2;atp8a2
ENSDARG00000062934;gpr12;Gpr12;gpr12
ENSDARG00000074367;usp12b;Usp12;usp12b
ENSDARG00000094280;usp21;Usp21;usp21
ENSDARG00000056314;a2ml;A2m;a2ml
ENSDARG00000086585;nrg2b;Nrg2;nrg2b
ENSDARG00000077313;slc46a3;Slc46a3;slc46a3
ENSDARG00000074017;usp31;Usp31;usp31
ENSDARG00000075013;usp45;Usp45;usp45
ENSDARG00000003085;stambpl1;Stambpl1;stambpl1
ENSDARG00000021895;disc1;Disc1;disc1
ENSDARG00000075643;ifi35;Ifi35;ifi35
ENSDARG00000098526;gpr75;Gpr75;gpr75
ENSDARG00000018742;psme4b;Psme4;psme4b
ENSDARG00000061710;map3k8;Map3k8;map3k8
ENSDARG00000074865;frmpd3;Frmpd3;frmpd3
ENSDARG00000074806;afap1l2;Afap1l2;afap1l2
ENSDARG00000089581;nhlrc2;Nhlrc2;nhlrc2
ENSDARG00000079013;dpy19l3;Dpy19l3;dpy19l3
ENSDARG00000077052;tnrc18;Tnrc18;tnrc18
ENSDARG00000075263;ankrd1a;Ankrd1;ankrd1a
ENSDARG00000061194;hectd2;Hectd2;hectd2
ENSDARG00000104853;il1rapl1b;Il1rapl1;il1rapl1b
ENSDARG00000074660;rilp;Rilp;rilp
ENSDARG00000039489;git1;Git1;git1
ENSDARG00000076501;asxl2;Asxl2;asxl2
ENSDARG00000088124;adrb2a;Adrb2;adrb2a
ENSDARG00000030125;sox7;Sox7;sox7
ENSDARG00000059751;abtb2a;Abtb2;abtb2a
ENSDARG00000062000;abtb2b;Abtb2;abtb2b
ENSDARG00000044812;ttc17;Ttc17;ttc17
ENSDARG00000001909;vill;Vill;vill
ENSDARG00000078185;pacs2;Pacs2;pacs2
ENSDARG00000079783;isg20;Isg20;isg20
ENSDARG00000038666;igfbp1b;Igfbp1;igfbp1b
ENSDARG00000079824;ninj2;Ninj2;ninj2
ENSDARG00000038465;stmn3;Stmn3;stmn3
ENSDARG00000001993;myhb;Myh8;myhb
ENSDARG00000046150;b4galnt4a;B4galnt4;b4galnt4a
ENSDARG00000076701;b4galnt4b;B4galnt4;b4galnt4b
ENSDARG00000077047;ptprnb;Ptprn;ptprnb
ENSDARG00000101050;tmc8;Tmc8;tmc8
ENSDARG00000104992;epgn;Epgn;epgn
ENSDARG00000007219;actn1;Actn1;actn1
ENSDARG00000022045;map1ab;Map1a;map1ab
ENSDARG00000076143;ppip5k1a;Ppip5k1;ppip5k1a
ENSDARG00000073909;ppip5k1b;Ppip5k1;ppip5k1b
ENSDARG00000061714;si:dkey-45k15.1;Exoc3l4;si:dkey-45k15.1
ENSDARG00000079849;nrtn;Nrtn;nrtn
ENSDARG00000078037;chpfb;Chpf;chpfb
ENSDARG00000078392;chpfa;Chpf;chpfa
ENSDARG00000027710;btbd16;Btbd16;btbd16
ENSDARG00000076246;prune;Prune1;prune
ENSDARG00000076542;pogzb;Pogz;pogzb
ENSDARG00000056659;ttbk1b;Ttbk1;ttbk1b
ENSDARG00000073810;thbs2b;Thbs2;thbs2b
ENSDARG00000075530;pigu;Pigu;pigu
ENSDARG00000035961;kcng2;Kcng2;kcng2
ENSDARG00000058993;rock1;Rock1;rock1
ENSDARG00000088717;ecrg4b;Ecrg4;ecrg4b
ENSDARG00000015891;ptprea;Ptpre;ptprea
ENSDARG00000079249;ogdhl;Ogdhl;ogdhl
ENSDARG00000075403;gpha2;Gpha2;gpha2
ENSDARG00000078448;gpr137ba;Gpr137b;gpr137ba
ENSDARG00000077608;gpr137bb;Gpr137b;gpr137bb
ENSDARG00000059917;ccnj;Ccnj;ccnj
ENSDARG00000091616;prok2;Prok2;prok2
ENSDARG00000030156;naglu;Naglu;naglu
ENSDARG00000093978;zgc:77486;Plin3;zgc:77486
ENSDARG00000059596;clip2;Clip2;clip2
ENSDARG00000062165;tub;Tub;tub
ENSDARG00000056830;si:ch211-107m4.1;Hnrnpul2;ENSDARG00000056830
ENSDARG00000078178;art4;Art4;art4
ENSDARG00000002508;ankrd33ab;Ankrd33;ankrd33ab
ENSDARG00000103050;mrap2b;Mrap2;ENSDARG00000103050
ENSDARG00000088634;adcy1b;Adcy1;adcy1b
ENSDARG00000045554;snx20;Snx20;snx20
ENSDARG00000025189;cpne8;Cpne8;cpne8
ENSDARG00000011449;fes;Fes;fes
ENSDARG00000104442;aatkb;Aatk;aatkb
ENSDARG00000035187;abl1;Abl1;abl1
ENSDARG00000027963;camkva;Camkv;camkva
ENSDARG00000061590;cachd1;Cachd1;cachd1
ENSDARG00000076466;maml1;Maml1;maml1
ENSDARG00000103845;zgc:55733;Hnrnpc;zgc:55733
ENSDARG00000053966;cyp17a2;Cyp17a1;cyp17a2
ENSDARG00000058701;nos1apb;Nos1ap;nos1apb
ENSDARG00000098816;kcnc3b;Kcnc3;kcnc3b
ENSDARG00000001857;aff4;Aff4;aff4
ENSDARG00000099084;pcif1;Pcif1;pcif1
ENSDARG00000044433;sned1;Sned1;sned1
ENSDARG00000076094;klhl30;Klhl30;klhl30
ENSDARG00000061817;kif1aa;Kif1a;kif1aa
ENSDARG00000004051;cyp7a1b;Cyp7a1;CR354540.1
ENSDARG00000092653;si:dkey-1h24.6;Cd28;si:dkey-1h24.6
ENSDARG00000032743;si:dkey-11p23.7;Siglec15;si:dkey-11p23.7
ENSDARG00000093074;si:ch211-139g16.8;Igsf6;si:ch211-139g16.8
ENSDARG00000034457;si:ch211-163l21.7;Cfap276;si:ch211-163l21.7
ENSDARG00000095427;si:ch73-25f10.6;D17H6S53E;FP101887.1
ENSDARG00000091932;si:ch73-25f10.6;D17H6S53E;si:ch73-25f10.6
ENSDARG00000036930;tbx18;Tbx18;tbx18
ENSDARG00000090560;mfap5;Mfap2;mfap5
ENSDARG00000076573;si:dkey-88j15.3;Gimap8;si:dkey-88j15.3
ENSDARG00000094336;si:dkeyp-82a1.6;Tor1aip2;si:dkeyp-82a1.6
ENSDARG00000034577;si:dkey-23o4.6;Rdh13;ENSDARG00000034577
ENSDARG00000061761;opa3;Opa3;opa3
ENSDARG00000079826;gpr174;Gpr174;gpr174
ENSDARG00000002831;col4a4;Col4a4;col4a4
ENSDARG00000058699;tmeff2b;Tmeff2;tmeff2b
ENSDARG00000060200;rgs14b;Rgs14;ENSDARG00000060200
ENSDARG00000032157;grk6;Grk6;grk6
ENSDARG00000068127;si:ch211-194e1.9;Nlrp14;si:ch211-194e1.9
ENSDARG00000075798;usp38;Usp38;usp38
ENSDARG00000098140;ankrd13d;Ankrd13d;ankrd13d
ENSDARG00000006683;arhgef6;Arhgef6;arhgef6
ENSDARG00000079391;mrpl42;Mrpl42;mrpl42
ENSDARG00000086484;fbxw10;Fbxw10;fbxw10
ENSDARG00000091413;timm22;Timm22;TIMM22
ENSDARG00000100093;ppp2r2ba;Ppp2r2b;ppp2r2ba
ENSDARG00000075765;si:ch1073-287p18.1;C030006K11Rik;si:ch1073-287p18.1
ENSDARG00000061039;atp10a;Atp10a;atp10a
ENSDARG00000077495;ptpn9a;Ptpn9;ptpn9a
ENSDARG00000045006;ptprga;Ptprg;ptprga
ENSDARG00000052082;gabarapb;Gabarap;gabarapb
ENSDARG00000079835;man2c1;Man2c1;man2c1
ENSDARG00000038414;b3galt6;B3galt6;b3galt6
ENSDARG00000020176;zbtb22a;Zbtb22;zbtb22a
ENSDARG00000023318;fmn2a;Fmn2;fmn2a
ENSDARG00000105389;mmel1;Mmel1;mmel1
ENSDARG00000105258;cep72;Cep72;cep72
ENSDARG00000045398;mtrr;Mtrr;mtrr
ENSDARG00000089933;rasal3;Rasal3;rasal3
ENSDARG00000079479;gpr4;Gpr4;gpr4
ENSDARG00000059914;sdr42e2;Sdr42e2;sdr42e2
ENSDARG00000035952;cdr2a;Cdr2;cdr2a
ENSDARG00000054931;ppp2r5b;Ppp2r5b;ppp2r5b
ENSDARG00000061758;sh3pxd2ab;Sh3pxd2a;sh3pxd2ab
ENSDARG00000091748;tbx22;Tbx22;tbx22
ENSDARG00000061682;bicc1a;Bicc1;bicc1a
ENSDARG00000023916;phactr1;Phactr1;phactr1
ENSDARG00000076787;angpt4;Angpt4;angpt4
ENSDARG00000078901;anks1ab;Anks1;anks1ab
ENSDARG00000056587;cyp2r1;Cyp2r1;cyp2r1
ENSDARG00000090071;rxfp1;Rxfp1;rxfp1
ENSDARG00000096249;ap1m1;Ap1m1;ap1m1
ENSDARG00000017636;rnf167;Rnf167;rnf167
ENSDARG00000045164;nptx2b;Nptx2;nptx2b
ENSDARG00000076820;xkr8.2;Xkr8;xkr8.2
ENSDARG00000089076;gphna;Gphn;gphna
ENSDARG00000006775;cass4;Cass4;cass4
ENSDARG00000076248;ppp1r3db;Ppp1r3d;ppp1r3db
ENSDARG00000077174;qsox2;Qsox2;qsox2
ENSDARG00000054874;gpsm1b;Gpsm1;gpsm1b
ENSDARG00000073801;si:dkeyp-104h9.5;2510039O18Rik;si:dkeyp-104h9.5
ENSDARG00000069945;p2ry12;P2ry12;p2ry12
ENSDARG00000069944;p2ry13;P2ry13;p2ry13
ENSDARG00000058944;si:dkey-8e10.3;Sbk2;ENSDARG00000058944
ENSDARG00000090319;rnf212;Rnf212;rnf212
ENSDARG00000022564;zgc:56106;1110004F10Rik;zgc:56106
ENSDARG00000078233;ctnnd1;Ctnnd1;ctnnd1
ENSDARG00000077666;evi5a;Evi5;evi5a
ENSDARG00000079862;kl;Kl;kl
ENSDARG00000060127;adamts3;Adamts3;adamts3
ENSDARG00000058853;sash1b;Sash1;sash1b
ENSDARG00000091821;smc6;Smc6;smc6
ENSDARG00000093318;si:dkey-57a22.15;Crygc;si:dkey-57a22.15
ENSDARG00000087452;peli3;Peli3;peli3
ENSDARG00000096118;ost4;Ost4;ost4
ENSDARG00000016968;tmem214;Tmem214;tmem214
ENSDARG00000059682;slc43a3a;Slc43a3;slc43a3a
ENSDARG00000074533;slc25a38b;Slc25a38;slc25a38b
ENSDARG00000087205;akt3b;Akt3;akt3b
ENSDARG00000088699;pdzd8;Pdzd8;pdzd8
ENSDARG00000091792;akap12a;Akap12;akap12a
ENSDARG00000091592;peli1a;Peli1;peli1a
ENSDARG00000088255;smoc1;Smoc1;smoc1
ENSDARG00000076236;lrrc18b;Lrrc18;lrrc18b
ENSDARG00000094176;cdkn2d;Cdkn2d;cdkn2d
ENSDARG00000091124;rps19bp1;Rps19bp1;rps19bp1
ENSDARG00000073744;ip6k1;Ip6k1;ip6k1
ENSDARG00000079915;pot1;Pot1a;pot1
ENSDARG00000103755;si:dkeyp-4c4.1;Nlrp14;si:dkeyp-4c4.1
ENSDARG00000090568;mrpl52;Mrpl52;mrpl52
ENSDARG00000063101;man2a2;Man2a2;man2a2
ENSDARG00000004796;mgrn1b;Mgrn1;mgrn1b
ENSDARG00000017195;foxf2a;Foxf2;foxf2a
ENSDARG00000077960;si:ch211-186e20.7;Serpina5;si:ch211-186e20.7
ENSDARG00000071384;slc7a11;Slc7a11;slc7a11
ENSDARG00000088366;zgc:77938;Adh6a;zgc:77938
ENSDARG00000069627;si:ch211-255g12.8;Nlrp12;si:ch211-255g12.8
ENSDARG00000020834;si:dkey-230p4.1;Cep250;si:dkey-230p4.1
ENSDARG00000044216;fto;Fto;fto
ENSDARG00000015033;slc23a1;Slc23a1;slc23a1
ENSDARG00000017365;slc23a2;Slc23a2;slc23a2
ENSDARG00000036066;si:dkey-78a14.4;Nat3;si:dkey-78a14.4
ENSDARG00000061566;slc7a3b;AU018091;slc7a3b
ENSDARG00000042646;zgc:77784;Robo3;zgc:77784
ENSDARG00000042387;zgc:77752;Ptpdc1;zgc:77752
ENSDARG00000018530;mapkapk2b;Mapkapk2;mapkapk2b
ENSDARG00000034160;slc4a1ap;Slc4a1ap;slc4a1ap
ENSDARG00000093862;si:ch211-274k16.2;Psg28;si:ch211-274k16.2
ENSDARG00000029866;slc6a14;Slc6a14;slc6a14
ENSDARG00000004282;zgc:77375;Hdhd5;zgc:77375
ENSDARG00000090847;si:ch211-209l18.4;Psg26;si:ch211-209l18.4
ENSDARG00000079414;sez6b;Sez6;sez6b
ENSDARG00000069323;si:ch73-122g19.1;Clec4f;si:ch73-122g19.1
ENSDARG00000019772;si:ch1073-280e3.1;C2;si:ch1073-280e3.1
ENSDARG00000062831;si:ch73-22o12.1;Nectin2;si:ch73-22o12.1
ENSDARG00000013784;zgc:77158;Slc45a3;zgc:77158
ENSDARG00000090945;si:ch211-170d8.8;Clec2m;si:ch211-170d8.8
ENSDARG00000008182;si:ch73-111e15.1;Cd209d;si:ch73-111e15.1
ENSDARG00000076310;si:ch73-290k24.5;Fbxo41;si:ch73-290k24.5
ENSDARG00000092260;si:ch73-290k24.6;Wbp1;si:ch73-290k24.6
ENSDARG00000091061;slc38a3b;Slc38a3;slc38a3b
ENSDARG00000104210;si:ch73-173h19.3;Efemp1;ENSDARG00000104210
ENSDARG00000074183;si:dkey-172j4.3;Dgkd;si:dkey-172j4.3
ENSDARG00000092360;si:ch211-51h9.6;2510002D24Rik;si:ch211-51h9.6
ENSDARG00000079372;si:ch211-264f5.6;Ceacam20;si:ch211-264f5.6
ENSDARG00000069823;proca1;Proca1;proca1
ENSDARG00000100167;csdc2b;Csdc2;ENSDARG00000100167
ENSDARG00000076381;slc25a1b;Slc25a1;slc25a1b
ENSDARG00000087258;ypel2b;Ypel2;ypel2b
ENSDARG00000077356;sypl1;Sypl1;sypl1
ENSDARG00000076997;stxbp4;Stxbp4;stxbp4
ENSDARG00000061899;iqub;Iqub;iqub
ENSDARG00000093569;bckdhbl;Siglecf;bckdhbl
ENSDARG00000052656;si:ch211-193e13.5;Clec2f;si:ch211-193e13.5
ENSDARG00000026335;susd4;Susd4;susd4
ENSDARG00000087704;gfra3;Gfra3;gfra3
ENSDARG00000075884;shprh;Shprh;shprh
ENSDARG00000027290;nrp1b;Nrp1;nrp1b
ENSDARG00000045025;ift52;Ift52;ift52
ENSDARG00000034650;fabp7b;Fabp7;fabp7b
ENSDARG00000056121;serac1;Serac1;serac1
ENSDARG00000025920;tiam1b;Tiam1;tiam1b
ENSDARG00000089892;cd44b;Cd44;cd44b
ENSDARG00000074401;gnpat;Gnpat;gnpat
ENSDARG00000079456;si:ch211-149a19.3;Nlrp4e;si:ch211-149a19.3
ENSDARG00000016022;zic5;Zic5;zic5
ENSDARG00000094952;si:ch211-74m13.1;Icam2;si:ch211-74m13.1
ENSDARG00000100620;taok2b;Taok2;taok2b
ENSDARG00000104809;top1mt;Top1mt;top1mt
ENSDARG00000078391;fam98a;Fam98a;fam98a
ENSDARG00000079979;fam89a;Fam89a;fam89a
ENSDARG00000078167;si:dkeyp-100h4.1;Nlrp4a;si:dkeyp-100h4.1
ENSDARG00000097947;mespbb;Mesp1;mespbb
ENSDARG00000089852;si:dkey-51d8.1;Nlrp3;si:dkey-51d8.1
ENSDARG00000087181;cbx7b;Cbx7;cbx7b
ENSDARG00000100947;mafk;Mafk;mafk
ENSDARG00000010586;tex9;Tex9;tex9
ENSDARG00000062329;b4galt3;B4galt3;b4galt3
ENSDARG00000040553;tmem97;Tmem97;tmem97
ENSDARG00000055591;pipox;Pipox;pipox
ENSDARG00000021924;hsp70.3;Hspa1b;hsp70.3
ENSDARG00000044605;stx12l;Stx12;stx12l
ENSDARG00000074676;rprd2b;Rprd2;rprd2b
ENSDARG00000011515;orai1a;Orai1;orai1a
ENSDARG00000013526;svep1;Svep1;svep1
ENSDARG00000071086;gpr155b;Gpr155;gpr155b
ENSDARG00000092500;si:dkey-222h21.1;Nlrp3;si:dkey-222h21.1
ENSDARG00000101888;oscp1b;Oscp1;OSCP1
ENSDARG00000059574;fscn2a;Fscn2;fscn2a
ENSDARG00000091912;si:ch211-15j1.5;Nlrp14;si:ch211-15j1.5
ENSDARG00000036281;cc2d1a;Cc2d1a;ENSDARG00000036281
ENSDARG00000076294;klb;Klb;klb
ENSDARG00000093975;si:dkey-222h21.9;Nlrp12;si:dkey-222h21.9
ENSDARG00000107425;si:dkeyp-35e5.10;Zfp1010;znf1146
ENSDARG00000086897;si:dkey-7i4.1;Nlrp4e;si:dkey-7i4.1
ENSDARG00000005518;slc5a9;Slc5a9;slc5a9
ENSDARG00000096120;si:ch73-266f23.3;Zfp931;si:ch73-266f23.3
ENSDARG00000096031;si:ch73-6k14.2;Depp1;si:ch73-6k14.2
ENSDARG00000086256;si:ch211-236p5.2;Nlrp3;si:ch211-236p5.2
ENSDARG00000086418;si:ch211-236p5.3;Nlrp4a;si:ch211-236p5.3
ENSDARG00000087616;maptb;Mapt;maptb
ENSDARG00000062872;mrs2;Mrs2;mrs2
ENSDARG00000077639;intu;Intu;intu
ENSDARG00000079884;trim107;Trim61;trim107
ENSDARG00000092387;zgc:193742;Dmac1;zgc:193742
ENSDARG00000101080;pwwp2b;Pwwp2b;pwwp2b
ENSDARG00000086302;proser1;Proser1;proser1
ENSDARG00000075725;cep152;Cep152;cep152
ENSDARG00000045015;cyp27b1;Cyp27b1;cyp27b1
ENSDARG00000033126;prkrip1;Prkrip1;prkrip1
ENSDARG00000075203;zgc:195212;Top6bl;zgc:195212
ENSDARG00000089914;clint1b;Clint1;clint1b
ENSDARG00000077823;hmgxb3;Hmgxb3;hmgxb3
ENSDARG00000069407;zgc:194990;Trim43c;zgc:194990
ENSDARG00000062397;ndst1a;Ndst1;ndst1a
ENSDARG00000074696;zgc:194621;Epsti1;zgc:194621
ENSDARG00000002609;rnf145a;Rnf145;rnf145a
ENSDARG00000067701;myoz3a;Myoz3;myoz3a
ENSDARG00000060542;lgr4;Lgr4;LGR4
ENSDARG00000079024;rps6kl1;Rps6kl1;rps6kl1
ENSDARG00000092716;vash1;Vash1;VASH1
ENSDARG00000077567;angel1;Angel1;angel1
ENSDARG00000086808;ddhd1a;Ddhd1;ddhd1a
ENSDARG00000078139;appl2;Appl2;appl2
ENSDARG00000060734;appl1;Appl1;appl1
ENSDARG00000099500;clec3bb;Clec3b;clec3bb
ENSDARG00000056620;grpr;Grpr;grpr
ENSDARG00000077145;adcy3a;Adcy3;adcy3a
ENSDARG00000061294;arhgap5;Arhgap5;arhgap5
ENSDARG00000100108;cul3b;Cul3;cul3b
ENSDARG00000071107;wnt7bb;Wnt7b;wnt7bb
ENSDARG00000038990;wnt3;Wnt3;wnt3
ENSDARG00000058015;ano3;Ano3;ano3
ENSDARG00000077314;mblac1;Mblac1;mblac1
ENSDARG00000102831;fam193b;Fam193b;fam193b
ENSDARG00000016085;mbnl3;Mbnl3;mbnl3
ENSDARG00000088181;mpped1;Mpped1;mpped1
ENSDARG00000008322;ambra1a;Ambra1;ambra1a
ENSDARG00000003877;pbrm1;Pbrm1;pbrm1
ENSDARG00000059841;exosc1;Exosc1;exosc1
ENSDARG00000014439;dgkza;Dgkz;dgkza
ENSDARG00000069194;mycbpap;Mycbpap;mycbpap
ENSDARG00000102987;capn7;Capn7;capn7
ENSDARG00000091548;stard9;Stard9;stard9
ENSDARG00000100529;sh3bp5a;Sh3bp5;FO904928.1
ENSDARG00000061622;kcng3;Kcng3;kcng3
ENSDARG00000070818;pax7b;Pax7;pax7b
ENSDARG00000028348;pax3b;Pax3;pax3b
ENSDARG00000086100;cd302;Cd302;cd302
ENSDARG00000075054;rasgrf2a;Rasgrf2;rasgrf2a
ENSDARG00000070651;prkcdb;Prkcd;prkcdb
ENSDARG00000089086;mustn1b;Mustn1;mustn1b
ENSDARG00000054026;mustn1a;Mustn1;mustn1a
ENSDARG00000009218;mars2;Mars2;mars2
ENSDARG00000074688;fbrs;Fbrs;fbrs
ENSDARG00000061255;dusp3a;Dusp3;dusp3a
ENSDARG00000068976;bsx;Bsx;bsx
ENSDARG00000054414;spata17;Spata17;spata17
ENSDARG00000092722;unc5da;Unc5d;unc5da
ENSDARG00000056618;xk;Xk;xk
ENSDARG00000041858;ren;Ren1;ren
ENSDARG00000036985;plxnb2b;Plxnb2;plxnb2b
ENSDARG00000077590;arsj;Arsj;arsj
ENSDARG00000044802;aadacl4;Aadacl4fm4;aadacl4
ENSDARG00000095695;ms4a17a.10;Ms4a15;ms4a17a.10
ENSDARG00000045143;hbbe2;Hbb-y;hbbe2
ENSDARG00000091970;ms4a17a.3;Ms4a15;ms4a17a.3
ENSDARG00000008186;syk;Syk;syk
ENSDARG00000042722;blnk;Blnk;blnk
ENSDARG00000059233;runx2b;Runx2;runx2b
ENSDARG00000057995;arl15b;Arl15;arl15b
ENSDARG00000070013;dmrt2b;Dmrt2;dmrt2b
ENSDARG00000028628;gdap1l1;Gdap1l1;gdap1l1
ENSDARG00000076584;patz1;Patz1;patz1
ENSDARG00000069335;bcl6b;Bcl6b;bcl6b
ENSDARG00000087832;bcl3;Bcl3;bcl3
ENSDARG00000062752;mfap3l;Mfap3l;mfap3l
ENSDARG00000039240;cacng5b;Cacng5;cacng5b
ENSDARG00000003326;cacng5a;Cacng5;cacng5a
ENSDARG00000100304;chdh;Chdh;chdh
ENSDARG00000012016;hpgd;Hpgd;hpgd
ENSDARG00000052855;ctso;Ctso;ctso
ENSDARG00000076280;ppp1r1b;Ppp1r1b;ppp1r1b
ENSDARG00000055238;kif17;Kif17;kif17
ENSDARG00000101814;lpar3;Lpar3;lpar3
ENSDARG00000078182;zgc:194443;Gimap3;zgc:194443
ENSDARG00000102206;stc2b;Stc2;stc2b
ENSDARG00000104280;bnip1b;Bnip1;bnip1b
ENSDARG00000078898;pcdh7a;Pcdh7;pcdh7a
ENSDARG00000077295;akap6;Akap6;akap6
ENSDARG00000076609;si:ch211-199g17.9;Syce1;si:ch211-199g17.9
ENSDARG00000040230;si:dkey-37m8.11;Trim75;si:dkey-37m8.11
ENSDARG00000089966;si:zfos-1505d6.3;Zp1;si:zfos-1505d6.3
ENSDARG00000087674;si:ch1073-127d16.1;Zfp82;si:ch1073-127d16.1
ENSDARG00000089953;si:ch73-367f21.6;Zfp82;si:ch73-367f21.6
ENSDARG00000058038;eml3;Eml3;eml3
ENSDARG00000074266;si:ch1073-314i13.4;Fmc1;ENSDARG00000074266
ENSDARG00000068436;si:ch1073-429i10.3;H3f3b;h3f3b.1
ENSDARG00000095773;zgc:194906;Nlrp4a;zgc:194906
ENSDARG00000103662;si:zfos-169g10.2;Sstr3;ENSDARG00000103662
ENSDARG00000017773;slc16a12a;Slc16a12;slc16a12a
ENSDARG00000090747;si:ch73-269m14.2;9530068E07Rik;si:ch73-269m14.2
ENSDARG00000052428;si:dkey-43k4.3;1700088E04Rik;si:dkey-43k4.3
ENSDARG00000025089;loxl4;Loxl4;loxl4
ENSDARG00000062745;socs5b;Socs5;socs5b
ENSDARG00000105068;si:ch1073-443f11.2;Smim22;si:ch1073-443f11.2
ENSDARG00000012640;cideb;Cideb;cideb
ENSDARG00000088019;si:ch211-114l13.12;Cd300e;si:ch211-114l13.12
ENSDARG00000099877;si:dkeyp-72e1.6;A930007A09Rik;si:dkeyp-72e1.6
ENSDARG00000078108;dok1a;Dok1;dok1a
ENSDARG00000094346;si:ch211-114l13.13;Nlrp4a;si:ch211-114l13.3
ENSDARG00000056250;add3b;Add3;add3b
ENSDARG00000035873;fjx1;Fjx1;fjx1
ENSDARG00000074866;ptpn5;Ptpn5;ptpn5
ENSDARG00000078283;si:zfos-323e3.4;Lrrc8e;LRRC8E
ENSDARG00000071336;mif;Mif;mif
ENSDARG00000078701;prdm13;Prdm13;prdm13
ENSDARG00000026084;si:dkey-43k4.5;Kcns1;ENSDARG00000026084
ENSDARG00000105116;p4hb;P4hb;p4hb
ENSDARG00000074602;mrvi1;Irag1;mrvi1
ENSDARG00000015263;adma;Adm;adma
ENSDARG00000069027;admb;Adm;admb
ENSDARG00000062949;nt5dc3;Nt5dc3;nt5dc3
ENSDARG00000063711;trim3a;Trim3;trim3a
ENSDARG00000099080;sbno1;Sbno1;sbno1
ENSDARG00000040907;gcgb;Gcg;gcgb
ENSDARG00000021402;mcm3ap;Mcm3ap;mcm3ap
ENSDARG00000060016;nsd1a;Nsd1;nsd1a
ENSDARG00000060705;nsd1b;Nsd1;nsd1b
ENSDARG00000088999;mettl4;Mettl4;mettl4
ENSDARG00000070318;arl8bb;Arl8b;arl8bb
ENSDARG00000026634;ehmt1b;Ehmt1;ehmt1b
ENSDARG00000008219;crygm4;Crygd;crygm4
ENSDARG00000079741;csrnp3;Csrnp3;CABZ01075131.1
ENSDARG00000023302;gpbar1;Gpbar1;gpbar1
ENSDARG00000079067;mms19;Mms19;mms19
ENSDARG00000061373;znf142;Zfp142;znf142
ENSDARG00000102976;uncx;Uncx;uncx
ENSDARG00000041586;dhx40;Dhx40;dhx40
ENSDARG00000031075;cadm1a;Cadm1;cadm1a
ENSDARG00000036473;snapc2;Snapc2;snapc2
ENSDARG00000074829;rasip1;Rasip1;rasip1
ENSDARG00000052089;cckar;Cckar;CCKAR
ENSDARG00000100231;ccdc135;Drc7;ccdc135
ENSDARG00000061798;arhgap27l;Arhgap27;arhgap27l
ENSDARG00000060992;rpusd2;Rpusd2;rpusd2
ENSDARG00000079220;wdr20a;Wdr20rt;wdr20a
ENSDARG00000016774;plekho2;Plekho2;plekho2
ENSDARG00000062122;klhl5;Klhl5;klhl5
ENSDARG00000041011;gemin7;Gemin7;gemin7
ENSDARG00000105023;selplg;Selplg;selplg
ENSDARG00000067925;sstr1b;Sstr4;sstr1b
ENSDARG00000070025;dchs1a;Dchs1;dchs1a
ENSDARG00000086789;bahd1;Bahd1;bahd1
ENSDARG00000079216;dpep2;Dpep3;dpep2
ENSDARG00000088178;tp53inp2;Trp53inp2;tp53inp2
ENSDARG00000016897;fbxo15;Fbxo15;fbxo15
ENSDARG00000090480;ccdc17;Ccdc17;ccdc17
ENSDARG00000105362;faim2b;Faim2;faim2b
ENSDARG00000104450;atp8b5b;Atp8b5;CR855996.2
ENSDARG00000054055;ostn;Ostn;ostn
ENSDARG00000076104;sema4bb;Sema4b;sema4bb
ENSDARG00000005549;znf710b;Zfp710;znf710b
ENSDARG00000032959;kcnc1b;Kcnc1;kcnc1b
ENSDARG00000019398;psma6a;Psma6;psma6a
ENSDARG00000102318;il6;Il6;il6
ENSDARG00000011317;adra1ba;Adra1b;adra1ba
ENSDARG00000021004;c5;Hc;c5
ENSDARG00000076763;sp2;Sp2;sp2
ENSDARG00000067847;il21;Il21;il21
ENSDARG00000042881;nthl1;Nthl1;nthl1
ENSDARG00000059294;marco;Marco;marco
ENSDARG00000070427;s100v1;S100a14;s100v1
ENSDARG00000042637;tert;Tert;tert
ENSDARG00000088072;usp43b;Usp43;usp43b
ENSDARG00000036569;bach2a;Bach2;bach2a
ENSDARG00000087752;rfwd3;Rfwd3;rfwd3
ENSDARG00000087040;rhbdl1;Rhbdl1;rhbdl1
ENSDARG00000108475;otos;Otos;otos
ENSDARG00000076490;ankrd40;Ankrd40cl;ankrd40
ENSDARG00000043275;mgmt;Mgmt;mgmt
ENSDARG00000077089;blm;Blm;blm
ENSDARG00000034095;si:dkey-59l11.10;Nlrp4e;si:dkey-59l11.10
ENSDARG00000091835;si:ch73-264p11.1;Sh2d1b1;ENSDARG00000091835
ENSDARG00000011026;zgc:92907;Glt28d2;zgc:92907
ENSDARG00000077878;si:dkey-192l18.9;Fbxl7;ENSDARG00000077878
ENSDARG00000088689;si:ch211-201o1.1;Nlrp4e;si:ch211-201o1.1
ENSDARG00000104947;si:ch211-194m7.8;Olfm5;si:ch211-194m7.8
ENSDARG00000009949;fndc4b;Fndc4;fndc4b
ENSDARG00000075571;bicd2;Bicd2;bicd2
ENSDARG00000087693;atox1;Atox1;atox1
ENSDARG00000090447;mtbp;Mtbp;mtbp
ENSDARG00000076873;unm_hu7912;Ajm1;unm_hu7912
ENSDARG00000076861;tmem79b;Tmem79;tmem79b
ENSDARG00000031126;notum1a;Notum;notum1a
ENSDARG00000077215;eif4g3a;Eif4g3;eif4g3a
ENSDARG00000061000;klhdc8a;Klhdc8a;klhdc8a
ENSDARG00000091126;rnf207a;Rnf207;rnf207a
ENSDARG00000088630;arhgef10la;Arhgef10l;arhgef10la
ENSDARG00000098408;stbd1;Stbd1;stbd1
ENSDARG00000074791;aldh3a1;Aldh3a2;aldh3a1
ENSDARG00000099002;creb5a;Creb5;creb5a
ENSDARG00000078092;limd2;Limd2;limd2
ENSDARG00000087804;tnfrsf11a;Tnfrsf11a;tnfrsf11a
ENSDARG00000004498;xkr8.1;Xkr8;xkr8.1
ENSDARG00000074501;tnip2;Tnip2;tnip2
ENSDARG00000068233;zgc:64051;Cd53;ENSDARG00000068233
ENSDARG00000055342;slc16a13;Slc16a13;slc16a13
ENSDARG00000086283;cnsta;Cnst;cnsta
ENSDARG00000040608;gcnt7;Gcnt2;gcnt7
ENSDARG00000078011;nav1a;Nav1;NAV1
ENSDARG00000104375;sec24a;Sec24a;sec24a
ENSDARG00000090830;tmem132e;Tmem132e;tmem132e
ENSDARG00000074326;mcm8;Mcm8;mcm8
ENSDARG00000073728;gal3st3;Gal3st3;gal3st3
ENSDARG00000086998;zgc:64002;Nnmt;ENSDARG00000086998
ENSDARG00000040261;runx2a;Runx2;runx2a
ENSDARG00000102858;sc:d189;Cd200;sc:d189
ENSDARG00000105529;vgf;Vgf;vgf
ENSDARG00000077107;oafb;Oaf;oafb
ENSDARG00000030532;arhgef12a;Arhgef12;arhgef12a
ENSDARG00000054288;zgc:63972;Cutal;zgc:63972
ENSDARG00000018040;msantd4;Msantd4;msantd4
ENSDARG00000077229;ano8b;Ano8;ano8b
ENSDARG00000089071;ushbp1;Ushbp1;ushbp1
ENSDARG00000059503;acsf3;Acsf3;ACSF3
ENSDARG00000013933;xrcc2;Xrcc2;XRCC2
ENSDARG00000101848;dydc2;Dydc1;dydc2
ENSDARG00000027903;adamtsl3;Adamtsl3;adamtsl3
ENSDARG00000102911;iffo2b;Iffo2;iffo2b
ENSDARG00000044815;serinc4;Serinc4;serinc4
ENSDARG00000059064;rassf3;Rassf3;rassf3
ENSDARG00000014946;angpt2a;Angpt2;angpt2a
ENSDARG00000099545;snx25;Snx25;snx25
ENSDARG00000077317;snx29;Snx29;snx29
ENSDARG00000093286;ankrd34c;Ankrd34c;ANKRD34C
ENSDARG00000098175;dgkab;Dgka;dgkab
ENSDARG00000105398;dnajc14;Dnajc14;dnajc14
ENSDARG00000079324;ano9b;Ano9;ano9b
ENSDARG00000090741;tor1l2;Tor1b;tor1l2
ENSDARG00000101523;arxb;Arx;arxb
ENSDARG00000102023;phf13;Phf13;phf13
ENSDARG00000100186;clcc1;Clcc1;ENSDARG00000100186
ENSDARG00000101952;pigv;Pigv;pigv
ENSDARG00000061222;uba7;Uba7;uba7
ENSDARG00000078119;sh3bp1;Sh3bp1;sh3bp1
ENSDARG00000040717;macc1;Macc1;macc1
ENSDARG00000075831;slc7a8a;Slc7a8;slc7a8a
ENSDARG00000045153;slc16a8;Slc16a8;slc16a8
ENSDARG00000100535;ecm1a;Ecm1;ecm1a
ENSDARG00000105239;ecm1b;Ecm1;ecm1b
ENSDARG00000055160;chadla;Chadl;chadla
ENSDARG00000075903;chadlb;Chadl;chadlb
ENSDARG00000068719;gmnc;Gmnc;gmnc
ENSDARG00000091650;igflr1;Igflr1;igflr1
ENSDARG00000097209;cox8b;Cox8b;cox8b
ENSDARG00000015915;slc25a36b;Slc25a36;slc25a36b
ENSDARG00000051737;zgc:173552;H3c8;zgc:173552
ENSDARG00000105345;zgc:173552;H3c8;zgc:173552
ENSDARG00000102626;frem2b;Frem2;frem2b
ENSDARG00000051735;si:ch211-113a14.18;H1f4;si:ch211-113a14.18
ENSDARG00000051718;si:ch211-113a14.24;H1f4;si:ch211-113a14.24
ENSDARG00000012789;plek2;Plek2;plek2
ENSDARG00000060030;setd1a;Setd1a;setd1a
ENSDARG00000100334;lat;Lat;BX784026.1
ENSDARG00000070473;parp6b;Parp6;parp6b
ENSDARG00000074205;si:dkey-1c7.3;Gimap8;si:dkey-1c7.3
ENSDARG00000102791;zgc:174704;Gm14418;znf1045
ENSDARG00000087857;si:ch211-180a12.2;Sirpa;si:ch211-180a12.2
ENSDARG00000090946;si:zfos-364h11.1;Nlrp12;si:zfos-364h11.1
ENSDARG00000091994;zgc:173713;Gm14403;znf1046
ENSDARG00000092938;zgc:173713;Gm14403;CR847906.1
ENSDARG00000091800;zgc:174260;Serpina3n;zgc:174260
ENSDARG00000100257;zgc:174314;Gm14418;zgc:174314
ENSDARG00000091136;zgc:174259;Serpina1b;zgc:174259
ENSDARG00000100909;zgc:173581;Trim17;zgc:173581
ENSDARG00000105137;zgc:173705;Gm14418;zgc:173705
ENSDARG00000089875;zgc:173705;Gm14418;si:ch211-226o13.2
ENSDARG00000053992;sfi1;Sfi1;sfi1
ENSDARG00000096545;si:ch211-191a16.5;Nlrp14;si:ch211-191a16.5
ENSDARG00000071553;zgc:171500;Psg27;zgc:171500
ENSDARG00000043402;zgc:171480;Mrpl55;ENSDARG00000043402
ENSDARG00000059049;zgc:174904;Cd209c;zgc:174904
ENSDARG00000096645;si:ch211-131k2.2;Tac4;si:ch211-131k2.2
ENSDARG00000077193;nags;Nags;nags
ENSDARG00000075139;hdac5;Hdac5;hdac5
ENSDARG00000039824;zgc:172182;Ccdc89;ENSDARG00000039824
ENSDARG00000045298;wipf2a;Wipf2;wipf2a
ENSDARG00000091760;cwf19l2;Cwf19l2;cwf19l2
ENSDARG00000075248;zgc:172133;Psg29;zgc:172133
ENSDARG00000076269;zgc:172131;Gimap6;zgc:172131
ENSDARG00000078801;msantd1;Msantd1;msantd1
ENSDARG00000103058;zgc:172091;Gimap6;zgc:172091
ENSDARG00000042984;fpr1;Fpr1;fpr1
ENSDARG00000102908;il16;Il16;il16
ENSDARG00000104487;mthfs;Mthfs;mthfs
ENSDARG00000071643;zgc:171490;Psg19;zgc:171490
ENSDARG00000090512;trim8a;Trim8;trim8a
ENSDARG00000037408;tbc1d10c;Tbc1d10c;tbc1d10c
ENSDARG00000076638;mex3a;Mex3a;MEX3A
ENSDARG00000077987;zfat;Zfat;zfat
ENSDARG00000076559;rb1cc1;Rb1cc1;rb1cc1
ENSDARG00000074765;mhc1zja;H2-Q6;mhc1zja
ENSDARG00000088022;mhc1zfa;Hfe;mhc1zfa
ENSDARG00000078479;mocs1;Mocs1;mocs1
ENSDARG00000005894;slc7a9;Slc7a9;slc7a9
ENSDARG00000075735;cxxc5b;Cxxc5;cxxc5b
ENSDARG00000078541;cers3a;Cers3;cers3a
ENSDARG00000037889;wnt9b;Wnt9b;wnt9b
ENSDARG00000079475;nckipsd;Nckipsd;nckipsd
ENSDARG00000045038;tekt3;Tekt3;tekt3
ENSDARG00000016664;rnf20;Rnf20;rnf20
ENSDARG00000062123;agap1;Agap1;agap1
ENSDARG00000075456;pik3ca;Pik3ca;pik3ca
ENSDARG00000059387;fgf7;Fgf7;fgf7
ENSDARG00000078970;il7r;Il7r;il7r
ENSDARG00000016541;sash3;Sash3;sash3
ENSDARG00000105050;shkbp1;Shkbp1;SHKBP1
ENSDARG00000030687;phka2;Phka2;phka2
ENSDARG00000099093;dock1;Dock1;dock1
ENSDARG00000001968;dock5;Dock5;dock5
ENSDARG00000069114;unc93b1;Unc93b1;unc93b1
ENSDARG00000101018;ptdss2;Ptdss2;ptdss2
ENSDARG00000075720;il2rb;Il2rb;il2rb
ENSDARG00000104474;il6r;Il6ra;il6r
ENSDARG00000054447;slc29a1b;Slc29a1;slc29a1b
ENSDARG00000052158;il23r;Il23r;il23r
ENSDARG00000078572;stox2b;Stox2;stox2b
ENSDARG00000099182;ankrd55;Ankrd55;ankrd55
ENSDARG00000074565;pusl1;Pusl1;pusl1
ENSDARG00000031774;pus7;Pus7;pus7
ENSDARG00000075454;hdc;Hdc;hdc
ENSDARG00000011240;ift46;Ift46;ift46
ENSDARG00000028099;sh2d3ca;Sh2d3c;sh2d3ca
ENSDARG00000006169;lrrk2;Lrrk2;lrrk2
ENSDARG00000077588;pdgfc;Pdgfc;pdgfc
ENSDARG00000104414;shmt2;Shmt2;shmt2
ENSDARG00000052818;smcr8a;Smcr8;smcr8a
ENSDARG00000052827;top3a;Top3a;top3a
ENSDARG00000029911;casc3;Casc3;casc3
ENSDARG00000079779;radil;Radil;radil
ENSDARG00000069545;atg12;Atg12;atg12
ENSDARG00000088672;zmp:0000000936;Il1r1;zmp:0000000936
ENSDARG00000088727;zmp:0000000937;Clec4f;zmp:0000000937
ENSDARG00000060115;lrrn1;Lrrn1;lrrn1
ENSDARG00000089340;rhobtb2b;Rhobtb2;rhobtb2b
ENSDARG00000075181;crfb16;Il20rb;crfb16
ENSDARG00000076251;irf3;Irf3;irf3
ENSDARG00000069482;traf1;Traf1;traf1
ENSDARG00000090930;si:ch211-120g10.1;Trim34b;si:ch211-120g10.1
ENSDARG00000030173;traf2a;Traf2;traf2a
ENSDARG00000091266;si:ch211-71m22.5;Plscr1;si:ch211-71m22.5
ENSDARG00000045612;lrrc10;Lrrc10;lrrc10
ENSDARG00000007671;ghrb;Ghr;ghrb
ENSDARG00000088805;nes;Nes;CR848841.1
ENSDARG00000087461;si:dkey-21c1.4;Mtnap1;si:dkey-21c1.4
ENSDARG00000096725;si:dkey-21c1.1;Vcf1;si:dkey-21c1.1
ENSDARG00000090851;ciita;Ciita;ciita
ENSDARG00000025949;irak1;Irak1;irak1
ENSDARG00000020326;tyk2;Tyk2;tyk2
ENSDARG00000090834;epor;Epor;epor
ENSDARG00000044094;gfpt2;Gfpt2;gfpt2
ENSDARG00000006607;gpr27;Gpr27;gpr27
ENSDARG00000060253;si:ch211-216b21.2;Hs3st3a1;si:ch211-216b21.2
ENSDARG00000061865;ddx10;Ddx10;ddx10
ENSDARG00000089369;fdxr;Fdxr;fdxr
ENSDARG00000039657;fank1;Fank1;fank1
ENSDARG00000056896;ttc12;Ttc12;ttc12
ENSDARG00000090687;rcbtb2;Rcbtb2;rcbtb2
ENSDARG00000079029;dhx32b;Dhx32;dhx32b
ENSDARG00000056921;ankk1;Ankk1;ankk1
ENSDARG00000077461;dhx32a;Dhx32;dhx32a
ENSDARG00000089326;arhgap20;Arhgap20;arhgap20
ENSDARG00000056835;laynb;Layn;laynb
ENSDARG00000002600;pcsk1;Pcsk1;pcsk1
ENSDARG00000088346;miip;Miip;miip
ENSDARG00000087193;prrg2;Prrg2;prrg2
ENSDARG00000077179;ccdc83;Ccdc83;ccdc83
ENSDARG00000089517;zgc:92594;Trim61;zgc:92594
ENSDARG00000076464;lamtor1;Lamtor1;lamtor1
ENSDARG00000076371;shroom2b;Shroom2;SHROOM2
ENSDARG00000091609;spink4;Spink4;spink4
ENSDARG00000060512;kbtbd3;Kbtbd3;kbtbd3
ENSDARG00000098695;vclb;Vcl;vclb
ENSDARG00000073999;tapt1a;Tapt1;tapt1a
ENSDARG00000090903;creb3l3b;Creb3l3;creb3l3b
ENSDARG00000099199;itchb;Itch;itchb
ENSDARG00000074069;zgc:171452;Gimap1;zgc:171452
ENSDARG00000040059;gbp;Frat1;gbp
ENSDARG00000057263;zgc:173729;Serpinb9h;zgc:173729
ENSDARG00000102078;rab35a;Rab35;ENSDARG00000102078
ENSDARG00000090768;zgc:173556;Zp3;zp3.2
ENSDARG00000062846;tmtc3;Tmtc3;tmtc3
ENSDARG00000098281;si:dkey-237m9.1;Zfp1010;si:dkey-237m9.1
ENSDARG00000009402;si:ch211-210b2.2;Tcaf1;si:ch211-210b2.2
ENSDARG00000062636;fem1b;Fem1b;fem1b
ENSDARG00000098183;si:ch211-203c5.3;Nlrp14;si:ch211-203c5.3
ENSDARG00000058958;si:ch73-106l15.3;Trim75;FP340265.1
ENSDARG00000089227;si:ch211-91p5.3;1810030O07Rik;si:ch211-91p5.3
ENSDARG00000102401;zgc:173517;Zfp872;znf1001
ENSDARG00000103154;si:ch73-144l3.1;Trim75;si:ch73-144l3.1
ENSDARG00000093476;si:dkey-175d9.2;Gimap6;si:dkey-175d9.2
ENSDARG00000056836;si:ch211-125o16.4;Prx;si:ch211-125o16.4
ENSDARG00000053190;galnt16;Galnt16;galnt16
ENSDARG00000097826;si:dkey-239b22.2;Umod;si:dkey-239b22.2
ENSDARG00000020548;si:dkey-77f5.10;Ms4a12;si:dkey-77f5.10
ENSDARG00000017522;ctdp1;Ctdp1;ctdp1
ENSDARG00000062359;scn3b;Scn3b;scn3b
ENSDARG00000101713;scn2b;Scn2b;scn2b
ENSDARG00000039218;gpr101;Gpr101;gpr101
ENSDARG00000097284;si:ch211-261d7.3;Mypop;si:ch211-261d7.3
ENSDARG00000091579;si:ch211-66e2.5;Icam2;si:ch211-66e2.5
ENSDARG00000077967;si:ch211-140m22.7;Atp5pf;si:ch211-140m22.7
ENSDARG00000096908;si:ch73-185c24.2;2610528J11Rik;si:ch73-185c24.2
ENSDARG00000097398;si:ch73-288o11.4;Msmb;si:ch73-288o11.4
ENSDARG00000017798;bcor;Bcor;bcor
ENSDARG00000068474;si:dkey-94e7.2;Rdh12;si:dkey-94e7.2
ENSDARG00000004979;elovl5;Elovl5;elovl5
ENSDARG00000097157;si:ch211-207n23.2;Ly6d;si:ch211-207n23.2
ENSDARG00000097323;si:ch211-14i3.2;Prrt3;si:ch211-14i3.2
ENSDARG00000005176;zgc:101040;Nat3;zgc:101040
ENSDARG00000077053;ppfia3;Ppfia3;ppfia3
ENSDARG00000102568;si:ch73-106k19.2;Keg1;si:ch73-106k19.2
ENSDARG00000089338;si:ch211-110e21.3;Smim5;si:ch211-110e21.3
ENSDARG00000069446;dbh;Dbh;dbh
ENSDARG00000070932;hcrt;Hcrt;hcrt
ENSDARG00000104348;fgf2;Fgf2;fgf2
ENSDARG00000018060;pik3r2;Pik3r2;pik3r2
ENSDARG00000069640;vegfc;Vegfc;vegfc
ENSDARG00000006840;gnmt;Gnmt;gnmt
ENSDARG00000052322;tlr5b;Tlr5;tlr5b
ENSDARG00000010610;sarm1;Sarm1;sarm1
ENSDARG00000042983;has1;Has1;has1
ENSDARG00000043553;ches1;Foxn3;ches1
ENSDARG00000079703;si:dkey-18p12.4;Trim12a;si:dkey-18p12.4
ENSDARG00000003381;si:ch211-266g18.6;Sytl1;si:ch211-266g18.6
ENSDARG00000069381;si:ch211-125e6.5;Reg4;si:ch211-125e6.5
ENSDARG00000062887;steap2;Steap2;steap2
ENSDARG00000070280;si:dkey-108k21.15;H2ac18;zgc:110434
ENSDARG00000094370;si:ch211-125e6.13;Clec4a2;si:ch211-125e6.13
ENSDARG00000103612;akt2l;Akt2;akt2l
ENSDARG00000095212;si:ch211-210b2.4;Tcaf2;si:ch211-210b2.4
ENSDARG00000096927;si:ch211-210b2.3;Tcaf1;si:ch211-210b2.3
ENSDARG00000019062;arpc5b;Arpc5;arpc5b
ENSDARG00000092090;si:ch211-125e6.12;Clec4a2;si:ch211-125e6.12
ENSDARG00000003157;nfkbil1;Nfkbil1;nfkbil1
ENSDARG00000057743;si:dkey-10f21.4;Tlcd4;si:dkey-10f21.4
ENSDARG00000025783;si:ch211-125e6.11;Reg4;si:ch211-125e6.11
ENSDARG00000097700;si:dkey-23k10.2;Nlrp3;si:dkey-23k10.2
ENSDARG00000057571;pgam2;Pgam2;pgam2
ENSDARG00000053574;fancd2;Fancd2;fancd2
ENSDARG00000010953;ndel1a;Ndel1;ndel1a
ENSDARG00000087251;si:ch73-50f9.4;Nlrp4e;si:ch73-50f9.4
ENSDARG00000013397;bnip2;Bnip2;bnip2
ENSDARG00000102219;si:ch211-12p12.2;Trim75;si:ch211-12p12.2
ENSDARG00000032344;pde4a;Pde4a;pde4a
ENSDARG00000034326;ing3;Ing3;ing3
ENSDARG00000075487;si:ch211-267e7.3;Adamtsl2;si:ch211-267e7.3
ENSDARG00000017661;braf;Braf;braf
ENSDARG00000035678;zgc:91910;Zfp706;zgc:91910
ENSDARG00000032637;si:dkey-261m9.12;H1f2;si:dkey-261m9.12
ENSDARG00000057681;si:ch211-266o15.1;Zmym4;si:ch211-266o15.1
ENSDARG00000097855;si:ch211-3o3.9;1700019D03Rik;ENSDARG00000097855
ENSDARG00000100407;si:ch211-166e11.5;Samd3;si:ch211-166e11.5
ENSDARG00000097752;si:rp71-77l1.2;2200002J24Rik;si:rp71-77l1.2
ENSDARG00000044016;myo6a;Myo6;myo6a
ENSDARG00000060348;map3k3;Map3k3;map3k3
ENSDARG00000040332;crfb2;Ifnlr1;crfb2
ENSDARG00000039229;cep78;Cep78;cep78
ENSDARG00000075508;si:dkey-108k21.10;H1f4;si:dkey-108k21.10
ENSDARG00000032199;gpc3;Gpc3;gpc3
ENSDARG00000061203;trpc1;Trpc1;trpc1
ENSDARG00000005186;sp4;Sp4;sp4
ENSDARG00000020606;nfe2;Nfe2;nfe2
ENSDARG00000009550;foxi3b;Foxi1;foxi3b
ENSDARG00000055926;foxi3a;Foxi3;foxi3a
ENSDARG00000069715;foxi2;Foxi3;foxi2
ENSDARG00000088893;si:dkey-238d18.3;Ctrl;ENSDARG00000088893
ENSDARG00000088560;tmem104;Tmem104;tmem104
ENSDARG00000101449;grik5;Grik5;grik5
ENSDARG00000026753;grik4;Grik4;grik4
ENSDARG00000091465;si:dkey-66a8.7;Plcxd1;si:dkey-66a8.7
ENSDARG00000076306;loxl3a;Loxl3;loxl3a
ENSDARG00000044010;loxl2a;Loxl2;loxl2a
ENSDARG00000007278;ect2;Ect2;ect2
ENSDARG00000051962;mmp15a;Mmp15;mmp15a
ENSDARG00000026325;mmp11a;Mmp11;mmp11a
ENSDARG00000027867;paplna;Papln;paplna
ENSDARG00000063407;adamtsl4;Adamtsl4;ADAMTSL4
ENSDARG00000076270;adamts13;Adamts13;adamts13
ENSDARG00000070971;furinb;Furin;furinb
ENSDARG00000060529;nkx6.3;Nkx6-3;nkx6.3
ENSDARG00000060532;adam22;Adam22;adam22
ENSDARG00000088693;dcst2;Dcst2;dcst2
ENSDARG00000079204;adam11;Adam11;adam11
ENSDARG00000026395;rfx4;Rfx4;rfx4
ENSDARG00000091905;si:dkey-108k21.21;H1f6;si:dkey-108k21.21
ENSDARG00000101455;si:ch211-284k5.2;Cfap97d2;si:ch211-284k5.2
ENSDARG00000041292;si:ch211-231m23.4;Ffar3;si:ch211-231m23.4
ENSDARG00000098592;zgc:92140;1700025G04Rik;zgc:92140
ENSDARG00000078652;zfyve1;Zfyve1;zfyve1
ENSDARG00000107534;erich2;Erich2;erich2
ENSDARG00000089216;zmp:0000001268;Cytl1;zmp:0000001268
ENSDARG00000039130;cdkn3;Cdkn3;cdkn3
ENSDARG00000098291;trpc3;Trpc3;trpc3
ENSDARG00000045824;zgc:101783;Cbll1;zgc:101783
ENSDARG00000059090;sstr2a;Sstr2;sstr2a
ENSDARG00000079781;slitrk4;Slitrk4;slitrk4
ENSDARG00000089009;frmpd1b;Frmpd1;frmpd1b
ENSDARG00000054539;lrp10;Lrp10;lrp10
ENSDARG00000099889;dusp27;Styxl2;dusp27
ENSDARG00000079165;galr1b;Galr1;galr1b
ENSDARG00000087247;kcnab2a;Kcnab2;kcnab2a
ENSDARG00000052511;lin28b;Lin28b;lin28b
ENSDARG00000020053;nkd1;Nkd1;nkd1
ENSDARG00000020863;trim25l;Trim80;trim25l
ENSDARG00000015543;s100a1;S100a1;s100a1
ENSDARG00000039164;mhc1uma;H2-T24;mhc1uma
ENSDARG00000013741;lancl1;Lancl1;lancl1
ENSDARG00000074129;edem3;Edem3;edem3
ENSDARG00000086691;dnajc12;Dnajc12;dnajc12
ENSDARG00000059936;herc4;Herc4;herc4
ENSDARG00000026548;cyp2u1;Cyp2u1;cyp2u1
ENSDARG00000091503;fads6;Fads6;FADS6
ENSDARG00000029474;camk1b;Camk1;camk1b
ENSDARG00000101530;prr16;Prr16;prr16
ENSDARG00000103362;zgc:158376;Fbxl19;FBXL19
ENSDARG00000075759;samd4a;Samd4;samd4a
ENSDARG00000028164;cst14a.1;Csta1;cst14a.1
ENSDARG00000043865;timm9;Timm9;timm9
ENSDARG00000075737;zgc:165518;Pzp;ENSDARG00000075737
ENSDARG00000037997;tubb5;Tubb5;tubb5
ENSDARG00000045553;hsd17b2;Hsd17b2;hsd17b2
ENSDARG00000038639;elovl6l;Elovl3;elovl6l
ENSDARG00000002021;pygb;Pygb;pygb
ENSDARG00000091574;suox;Suox;suox
ENSDARG00000098452;si:dkey-151g22.1;Nlrp3;si:dkey-151g22.1
ENSDARG00000099382;si:ch211-209n20.1;Gbp4;si:ch211-209n20.1
ENSDARG00000089983;si:ch73-109i22.2;Sh2d2a;si:ch73-109i22.2
ENSDARG00000077239;si:ch211-165i18.2;Endod1;si:ch211-165i18.2
ENSDARG00000040944;ntd5;Apoh;ntd5
ENSDARG00000042900;gtpbp1l;Gtpbp1;gtpbp1l
ENSDARG00000089868;si:ch211-112c15.8;Tnfrsf1a;si:ch211-112c15.8
ENSDARG00000089742;fam161a;Fam161a;fam161a
ENSDARG00000056926;drd2a;Drd2;drd2a
ENSDARG00000032131;drd3;Drd3;drd3
ENSDARG00000103367;si:ch211-127m7.2;Cyren;si:ch211-127m7.2
ENSDARG00000019503;zgc:103759;Nudt16;ENSDARG00000019503
ENSDARG00000104663;zgc:103755;Clip4;zgc:103755
ENSDARG00000027196;si:dkey-16l2.17;Prss32;si:dkey-16l2.17
ENSDARG00000025174;zgc:103482;Habp4;ENSDARG00000025174
ENSDARG00000013025;ints6;Ints6;ints6
ENSDARG00000055708;timm8b;Timm8b;timm8b
ENSDARG00000058719;si:dkey-119f1.1;Smc6;si:dkey-119f1.1
ENSDARG00000035700;zgc:101664;Shld3;zgc:101664
ENSDARG00000028541;si:ch211-121a2.4;Tmem205;si:ch211-121a2.4
ENSDARG00000074904;si:ch211-253b8.5;Dbndd2;si:ch211-253b8.5
ENSDARG00000074846;si:dkeyp-68b7.12;Arhgap30;si:dkeyp-68b7.12
ENSDARG00000092489;si:ch73-103b9.2;1700030J22Rik;si:ch73-103b9.2
ENSDARG00000100312;hoxa13a;Hoxa13;hoxa13a
ENSDARG00000079075;si:ch211-71m22.3;Plscr4;si:ch211-71m22.3
ENSDARG00000058638;si:ch211-71m22.1;Plscr1;si:ch211-71m22.1
ENSDARG00000103205;si:ch211-161f7.2;Rai2;si:ch211-161f7.2
ENSDARG00000068915;si:ch73-42k18.1;Samd3;si:ch73-42k18.1
ENSDARG00000086851;si:dkey-264d12.5;Ccdc30;si:dkey-264d12.5
ENSDARG00000040841;adra2a;Adra2a;adra2a
ENSDARG00000098211;wrn;Wrn;wrn
ENSDARG00000099187;purg;Purg;purg
ENSDARG00000035171;btg4;Btg4;btg4
ENSDARG00000091656;lsm8;Lsm8;lsm8
ENSDARG00000077751;nol9;Nol9;nol9
ENSDARG00000040474;snx10b;Snx10;snx10b
ENSDARG00000011219;akt2;Akt2;akt2
ENSDARG00000016112;bbs12;Bbs12;bbs12
ENSDARG00000104735;nkx6.2;Nkx6-2;nkx6.2
ENSDARG00000054239;ghrl;Ghrl;ghrl
ENSDARG00000069216;c6ast1;Astl;c6ast1
ENSDARG00000056133;kitb;Kit;kitb
ENSDARG00000077120;arid5a;Arid5a;arid5a
ENSDARG00000089888;daglb;Daglb;daglb
ENSDARG00000020057;bmpr2b;Bmpr2;bmpr2b
ENSDARG00000102198;si:ch73-233f7.3;Pcdhga4;si:ch73-233f7.3
ENSDARG00000011941;bmpr2a;Bmpr2;bmpr2a
ENSDARG00000102482;zgc:165573;Cystm1;zgc:165573
ENSDARG00000077880;si:ch211-255i20.3;Tmed11;si:ch211-255i20.3
ENSDARG00000060018;si:ch1073-44g3.1;B230219D22Rik;si:ch1073-44g3.1
ENSDARG00000099577;si:dkey-182g1.10;Ceacam10;si:dkey-182g1.10
ENSDARG00000104084;si:dkey-191g9.7;Gprin2;si:dkey-191g9.7
ENSDARG00000103021;fadd;Fadd;fadd
ENSDARG00000058988;kcnj15;Kcnj15;KCNJ15
ENSDARG00000041248;si:dkey-241l7.6;Reg4;si:dkey-241l7.6
ENSDARG00000088989;si:dkey-241l7.5;Reg4;si:dkey-241l7.5
ENSDARG00000086956;si:dkey-241l7.3;Reg4;si:dkey-241l7.3
ENSDARG00000105335;si:dkey-241l7.2;Reg4;si:dkey-241l7.2
ENSDARG00000029388;si:dkey-90m5.4;Lrg1;si:dkey-90m5.4
ENSDARG00000004433;btk;Btk;btk
ENSDARG00000098904;pex1;Pex1;pex1
ENSDARG00000045935;immp1l;Immp1l;immp1l
ENSDARG00000061472;gba2;Gba2;gba2
ENSDARG00000077866;nostrin;Nostrin;nostrin
ENSDARG00000053279;apln;Apln;apln
ENSDARG00000074323;efcab2;Efcab2;efcab2
ENSDARG00000013371;isoc2;Isoc2b;isoc2
ENSDARG00000076657;plagl2;Plagl2;plagl2
ENSDARG00000058005;hgd;Hgd;hgd
ENSDARG00000079543;dpys;Dpys;dpys
ENSDARG00000018566;flnca;Flnc;flnca
ENSDARG00000104077;fcer1gl;Fcer1g;fcer1gl
ENSDARG00000063049;thtpa;Thtpa;thtpa
ENSDARG00000061436;col6a2;Col6a2;col6a2
ENSDARG00000074908;col6a1;Col6a1;col6a1
ENSDARG00000007344;tcap;Tcap;tcap
ENSDARG00000102902;strn4;Strn4;strn4
ENSDARG00000069481;ghrh;Ghrh;ghrh
ENSDARG00000056245;zgc:162952;B3galt5;zgc:162952
ENSDARG00000077217;zgc:162184;Capn13;zgc:162184
ENSDARG00000102047;mab21l1;Mab21l1;mab21l1
ENSDARG00000104326;si:dkey-183i3.9;AI593442;si:dkey-183i3.9
ENSDARG00000079170;zgc:162154;Btnl10;zgc:162154
ENSDARG00000087528;snip1;Snip1;snip1
ENSDARG00000010186;myo3a;Myo3a;myo3a
ENSDARG00000019651;zgc:162239;Septin4;zgc:162239
ENSDARG00000045626;nek8;Nek8;nek8
ENSDARG00000086980;mbd6;Mbd6;mbd6
ENSDARG00000098950;si:dkeyp-92c9.4;Muc1;si:dkeyp-92c9.4
ENSDARG00000101630;si:dkey-8l13.5;BC051019;si:dkey-8l13.5
ENSDARG00000015829;mov10a;Mov10;mov10a
ENSDARG00000087788;si:ch211-22k7.9;Nlrp4a;si:ch211-22k7.9
ENSDARG00000019765;zgc:158803;Luc7l2;LUC7L2
ENSDARG00000093323;si:ch211-114l13.1;Nlrp4a;si:ch211-114l13.1
ENSDARG00000012496;si:ch211-213o11.11;Gpr62;si:ch211-213o11.11
ENSDARG00000053262;atp1b4;Atp1b4;atp1b4
ENSDARG00000092846;zgc:162611;H3c15;zgc:162611
ENSDARG00000069607;zgc:162331;Susd3;zgc:162331
ENSDARG00000078301;zgc:162255;BC004004;zgc:162255
ENSDARG00000015805;cgnl1;Cgnl1;cgnl1
ENSDARG00000086724;im:7151449;Cd55;im:7151449
ENSDARG00000100446;si:ch211-286o17.1;Cd34;si:ch211-286o17.1
ENSDARG00000057245;im:7138535;Fam98c;im:7138535
ENSDARG00000016981;bcar3;Bcar3;bcar3
ENSDARG00000099783;pcdh2ac;Pcdhac2;pcdh2ac
ENSDARG00000076766;zgc:163061;H1f2;zgc:163061
ENSDARG00000075538;zgc:163061;H1f2;zgc:163061
ENSDARG00000029848;zgc:161973;Fbxo15;zgc:161973
ENSDARG00000042846;disp2;Disp2;disp2
ENSDARG00000069240;zgc:162898;2300009A05Rik;zgc:162898
ENSDARG00000087574;nox1;Nox1;nox1
ENSDARG00000011201;rplp2l;Rplp2-ps1;rplp2l
ENSDARG00000101051;ctsbb;Ctsb;ctsbb
ENSDARG00000104840;si:dkey-28a3.2;Spindoc;si:dkey-28a3.2
ENSDARG00000010738;zgc:101716;9130401M01Rik;zgc:101716
ENSDARG00000033355;zgc:101699;Pla2g4c;zgc:101699
ENSDARG00000056376;ankrd37;Ankrd37;ankrd37
ENSDARG00000089205;si:dkey-73n8.3;Rdh12;si:dkey-73n8.3
ENSDARG00000101419;drp2;Drp2;drp2
ENSDARG00000076544;aldh5a1;Aldh5a1;aldh5a1
ENSDARG00000043342;gpx3;Gpx6;gpx3
ENSDARG00000046087;brd2b;Brd2;brd2b
ENSDARG00000070846;dazap1;Dazap1;dazap1
ENSDARG00000016818;abcg2d;Abcg2;abcg2d
ENSDARG00000002897;si:ch211-160o17.2;Inpp1;ENSDARG00000002897
ENSDARG00000006911;wnt8b;Wnt8b;wnt8b
ENSDARG00000074796;dbf4;Dbf4;dbf4
ENSDARG00000056213;si:ch73-130a3.4;Thap2;si:ch73-130a3.4
ENSDARG00000067520;zgc:158482;Slc27a5;SLC27A2
ENSDARG00000079765;si:ch211-112f3.4;Efcc1;si:ch211-112f3.4
ENSDARG00000052779;zgc:153932;Gp2;zgc:153932
ENSDARG00000100255;si:ch73-29l19.1;Lnp1;si:ch73-29l19.1
ENSDARG00000089552;si:ch211-93n23.7;Stpg4;STPG4
ENSDARG00000102058;si:dkeyp-11e3.1;Vgll1;si:dkeyp-11e3.1
ENSDARG00000068586;cdhr2;Cdhr2;CDHR2
ENSDARG00000077523;tdrd7b;Tdrd7;TDRD7
ENSDARG00000058103;glra4b;Glra4;glra4b
ENSDARG00000011066;glra3;Glra3;glra3
ENSDARG00000055792;foxo4;Foxo4;foxo4
ENSDARG00000044319;fstl4;Fstl4;fstl4
ENSDARG00000056744;ela2;Cela2a;ela2
ENSDARG00000103852;pigrl4.2;Fcamr;pigrl4.2
ENSDARG00000104080;pcdh2ab12;Pcdha6;pcdh2ab12
ENSDARG00000090234;bmf1;Bmf;bmf1
ENSDARG00000075891;sall1b;Sall1;sall1b
ENSDARG00000091043;pcdh2ab6;Pcdha8;pcdh2ab6
ENSDARG00000101318;pcdh2ab9;Pcdhac2;pcdh2ab9
ENSDARG00000103906;pcdh2ab10;Pcdha2;pcdh2ab10
ENSDARG00000105478;si:ch1073-153i20.5;H2ac20;HIST2H2AB
ENSDARG00000100906;si:dkey-23a13.20;H2ac18;HIST2H2AB
ENSDARG00000105458;si:dkeyp-81f3.4;Akap14;si:dkeyp-81f3.4
ENSDARG00000090396;si:cabz01074946.1;Slamf7;si:cabz01074946.1
ENSDARG00000009153;pla2g1b;Pla2g1b;pla2g1b
ENSDARG00000005453;foxp2;Foxp2;foxp2
ENSDARG00000079591;si:ch211-203d1.3;Ssh3;ENSDARG00000079591
ENSDARG00000092161;si:dkey-261e22.4;1500009L16Rik;si:dkey-261e22.4
ENSDARG00000070229;zgc:158258;AA986860;zgc:158258
ENSDARG00000092759;si:dkey-61p9.9;Nlrp4e;si:dkey-61p9.9
ENSDARG00000105363;si:ch211-207g17.3;Ccr5;si:ch211-207g17.3
ENSDARG00000051823;hyal4;Hyal4;hyal4
ENSDARG00000105431;si:dkey-23a13.9;H1f4;si:dkey-23a13.9
ENSDARG00000070012;sesn2;Sesn2;sesn2
ENSDARG00000100279;si:ch73-368j24.13;H2ac18;HIST2H2AB
ENSDARG00000105502;si:ch73-368j24.12;H1f5;si:ch73-368j24.12
ENSDARG00000103684;ap4e1;Ap4e1;ap4e1
ENSDARG00000074468;prdm11;Prdm11;prdm11
ENSDARG00000051816;aass;Aass;aass
ENSDARG00000098544;ncdn;Ncdn;ncdn
ENSDARG00000070986;sergef;Sergef;sergef
ENSDARG00000018066;ptchd1;Ptchd1;ptchd1
ENSDARG00000055791;zgc:158423;Slc3a2;ENSDARG00000055791
ENSDARG00000105467;si:cabz01093077.1;Ccr1;si:cabz01093077.1
ENSDARG00000105430;si:ch73-368j24.11;H1f6;si:ch73-368j24.11
ENSDARG00000105328;si:dkey-23a13.17;H1f2;si:dkey-23a13.17
ENSDARG00000062892;foxe3;Foxe3;foxe3
ENSDARG00000087921;plce1;Plce1;plce1
ENSDARG00000105423;cd27;Cd27;cd27
ENSDARG00000079881;tcaim;Tcaim;tcaim
ENSDARG00000100731;zgc:101540;Slc27a2;ENSDARG00000100731
ENSDARG00000086616;cabz01093075.1;Ccr3;cabz01093075.1
ENSDARG00000105470;si:dkey-23a13.2;Fcrla;si:dkey-23a13.2
ENSDARG00000093342;si:ch211-13f8.1;BC034090;si:ch211-13f8.1
ENSDARG00000105481;si:ch211-243a20.4;Nfam1;si:ch211-243a20.4
ENSDARG00000060187;si:ch211-214c7.5;1700067K01Rik;si:ch211-214c7.5
ENSDARG00000105322;klhdc7a;Klhdc7a;klhdc7a
ENSDARG00000103226;dhcr7;Dhcr7;dhcr7
ENSDARG00000062289;edaradd;Edaradd;edaradd
ENSDARG00000067806;zgc:158432;2010106E10Rik;zgc:158432
ENSDARG00000101703;zgc:158260;4930402K13Rik;zgc:158260
ENSDARG00000061274;lss;Lss;lss
ENSDARG00000075618;slc36a1;Slc36a1;slc36a1
ENSDARG00000103785;sult2st2;Sult2a8;sult2st2
ENSDARG00000028367;sult2st3;Sult2a1;sult2st3
ENSDARG00000100728;mkrn2os.2;Mkrn2os;mkrn2os.2
ENSDARG00000005941;yes1;Yes1;yes1
ENSDARG00000098650;iqgap3;Iqgap3;iqgap3
ENSDARG00000104291;gpr151;Gpr151;GPR151
ENSDARG00000045854;fgf23;Fgf23;fgf23
ENSDARG00000035377;fgf5;Fgf5;fgf5
ENSDARG00000038981;zgc:153615;Iqschfp;zgc:153615
ENSDARG00000087087;col28a1b;Col28a1;col28a1b
ENSDARG00000045636;rbl2;Rbl2;rbl2
ENSDARG00000101171;samd14;Samd14;ENSDARG00000101171
ENSDARG00000053475;ngb;Ngb;ngb
ENSDARG00000068912;zgc:153012;Tsc22d4;zgc:153012
ENSDARG00000091234;si:ch73-335l21.4;Rnf227;si:ch73-335l21.4
ENSDARG00000091614;si:dkey-62k3.6;Plscr4;si:dkey-62k3.6
ENSDARG00000071458;si:dkey-121a11.3;BC034090;si:dkey-121a11.3
ENSDARG00000095347;si:dkeyp-72h1.1;Lbhd2;si:dkeyp-72h1.1
ENSDARG00000070918;si:ch211-284e20.8;Fetub;si:ch211-284e20.8
ENSDARG00000090600;si:ch211-213a13.1;Ceacam2;si:ch211-213a13.1
ENSDARG00000102101;si:ch73-174h16.5;Wdr97;si:ch73-174h16.5
ENSDARG00000057678;sfrp1b;Sfrp1;sfrp1b
ENSDARG00000057180;il17c;Il17c;il17c
ENSDARG00000043933;il17a/f1;Il17f;il17a/f1
ENSDARG00000094077;si:dkey-21e2.16;Cma2;si:dkey-21e2.16
ENSDARG00000036832;cyt1l;Krt12;cyt1l
ENSDARG00000061791;nyx;Nyx;nyx
ENSDARG00000043586;fas;Fas;fas
ENSDARG00000013708;usp9;Usp9x;usp9
ENSDARG00000089961;si:cabz01007807.1;Apol8;si:cabz01007807.1
ENSDARG00000071463;zgc:154125;Fcgr4;zgc:154125
ENSDARG00000069230;zgc:153738;Iqca1;IQCA1L
ENSDARG00000052900;zgc:153642;Gimap1;zgc:153642
ENSDARG00000101019;ext1b;Ext1;ext1b
ENSDARG00000099424;lcat;Lcat;lcat
ENSDARG00000105607;si:dkey-183c6.9;Trim61;si:dkey-183c6.9
ENSDARG00000105568;si:ch211-194p6.10;Itln1;si:ch211-194p6.10
ENSDARG00000101549;nkx2.2b;Nkx2-2;nkx2.2b
ENSDARG00000056204;zgc:113436;Gin1;zgc:113436
ENSDARG00000009217;tom1l2;Tom1l2;tom1l2
ENSDARG00000038672;tcf7;Tcf7;tcf7
ENSDARG00000007723;efnb1;Efnb1;efnb1
ENSDARG00000036493;si:ch73-174h16.4;Lrrc14;si:ch73-174h16.4
ENSDARG00000027907;si:ch211-216p19.6;Trim58;si:ch211-216p19.6
ENSDARG00000018587;zgc:152658;Gimap4;zgc:152658
ENSDARG00000069297;upf3a;Upf3a;upf3a
ENSDARG00000041998;zgc:113337;Cd200;zgc:113337
ENSDARG00000089715;si:cabz01054394.7;Gm17067;si:cabz01054394.7
ENSDARG00000069922;popdc2;Popdc2;popdc2
ENSDARG00000104408;zgc:152774;Morc4;zgc:152774
ENSDARG00000093546;si:ch73-56d11.5;Ms4a8a;ms4a17a.2
ENSDARG00000045842;zgc:113263;Tinf2;zgc:113263
ENSDARG00000100624;si:cabz01066312.1;Kif21a;CABZ01066312.1
ENSDARG00000071487;zgc:152948;4930503L19Rik;zgc:152948
ENSDARG00000030215;matn1;Matn1;matn1
ENSDARG00000021140;pabpc1b;Pabpc1;pabpc1b
ENSDARG00000077082;agtrap;Agtrap;agtrap
ENSDARG00000092445;zgc:153352;4833420G17Rik;zgc:153352
ENSDARG00000045979;zgc:153704;Mup9;zgc:153704
ENSDARG00000088877;smarcd2;Smarcd2;smarcd2
ENSDARG00000086189;mgp;Mgp;mgp
ENSDARG00000070148;cygb2;Cygb;cygb2
ENSDARG00000102066;ntn4;Ntn4;ntn4
ENSDARG00000076748;ntn2;Ntn3;ntn2
ENSDARG00000038694;zgc:101744;Reep6;zgc:101744
ENSDARG00000098722;si:ch73-170d6.3;Psg17;si:ch73-170d6.3
ENSDARG00000080016;si:cabz01032454.3;Zfp182;si:cabz01032454.3
ENSDARG00000038556;zgc:112185;1110038F14Rik;zgc:112185
ENSDARG00000070423;zgc:153157;Inafm2;zgc:153157
ENSDARG00000068969;zgc:153759;Tnfrsf14;zgc:153759
ENSDARG00000099645;zgc:153184;Rcsd1;zgc:153184
ENSDARG00000054160;zgc:113625;Gimap6;zgc:113625
ENSDARG00000102460;si:ch73-170d6.4;Plscr4;si:ch73-170d6.4
ENSDARG00000096940;si:dkey-52p2.5;Mill1;si:dkey-52p2.5
ENSDARG00000097485;cfap99;Cfap99;cfap99
ENSDARG00000089663;lsm3;Lsm3;lsm3
ENSDARG00000018312;rell1;Rell1;rell1
ENSDARG00000089331;urahb;Urah;urahb
ENSDARG00000101669;elmod2;Elmod2;elmod2
ENSDARG00000098749;tbcd;Tbcd;tbcd
ENSDARG00000059853;manbal;Manbal;manbal
ENSDARG00000028053;bmp1b;Bmp1;bmp1b
ENSDARG00000099186;slc1a5;Slc1a5;slc1a5
ENSDARG00000104943;mad2l1bp;Mad2l1bp;mad2l1bp
ENSDARG00000074074;rnf26;Rnf26;rnf26
ENSDARG00000104581;tom1;Tom1;tom1
ENSDARG00000011989;crx;Crx;crx
ENSDARG00000011490;scube3;Scube3;scube3
ENSDARG00000091538;zranb3;Zranb3;zranb3
ENSDARG00000037815;b4galt5;B4galt5;b4galt5
ENSDARG00000005540;xpo7;Xpo7;xpo7
ENSDARG00000059322;topbp1;Topbp1;topbp1
ENSDARG00000100505;ddx52;Ddx52;ddx52
ENSDARG00000039901;sh3gl2b;Sh3gl2;ENSDARG00000039901
ENSDARG00000078772;nbr1b;Nbr1;nbr1b
ENSDARG00000104709;sprtn;Sprtn;sprtn
ENSDARG00000068182;crb3b;Crb3;crb3b
ENSDARG00000102948;crb3a;Crb3;crb3a
ENSDARG00000021916;vax1;Vax1;vax1
ENSDARG00000058702;vax2;Vax2;vax2
ENSDARG00000103843;spag8;Spag8;spag8
ENSDARG00000103744;hacd1;Hacd1;hacd1
ENSDARG00000058147;dnajc5b;Dnajc5b;dnajc5b
ENSDARG00000025500;mtx1a;Mtx1;mtx1a
ENSDARG00000004246;slit2;Slit2;slit2
ENSDARG00000091481;foxc1a;Foxc1;foxc1a
ENSDARG00000102564;gfra1b;Gfra1;gfra1b
ENSDARG00000042521;si:dkey-251i10.1;Slc25a5;ENSDARG00000042521
ENSDARG00000017657;zgc:112163;A130010J15Rik;zgc:112163
ENSDARG00000036587;cbr1;Cbr1;cbr1
ENSDARG00000100499;cpeb4b;Cpeb4;cpeb4b
ENSDARG00000094537;si:ch211-137i24.12;Iglv2;si:ch211-137i24.12
ENSDARG00000044549;zgc:112416;2610028H24Rik;zgc:112416
ENSDARG00000062530;aste1b;Aste1;ASTE1
ENSDARG00000035471;si:dkey-220k22.1;Megf9;ENSDARG00000035471
ENSDARG00000068417;foxl2b;Foxl2;ENSDARG00000068417
ENSDARG00000097530;xkr5b;Xkr5;CU019637.1
ENSDARG00000040321;rx2;Rax;rx2
ENSDARG00000095308;si:ch211-215c18.3;Cfap77;si:ch211-215c18.3
ENSDARG00000068363;si:ch211-132b12.3;Slc6a12;si:ch211-132b12.3
ENSDARG00000060309;srgap3;Srgap3;srgap3
ENSDARG00000024160;hao1;Hao1;hao1
ENSDARG00000028448;edem2;Edem2;edem2
ENSDARG00000071197;usp40;Usp40;usp40
ENSDARG00000005643;gcat;Gcat;gcat
ENSDARG00000098935;bxdc2;Brix1;bxdc2
ENSDARG00000068870;fance;Fance;fance
ENSDARG00000040982;fgf14;Fgf14;fgf14
ENSDARG00000006137;star;Star;star
ENSDARG00000103077;si:rp71-81e14.2;Cd7;si:rp71-81e14.2
ENSDARG00000094946;si:ch211-132b12.2;Slc6a12;si:ch211-132b12.2
ENSDARG00000062052;casp2;Casp2;casp2
ENSDARG00000019706;zar1;Zar1;zar1
ENSDARG00000015879;pax8;Pax8;pax8
ENSDARG00000037383;pax5;Pax5;pax5
ENSDARG00000045016;npffl;Npff;npffl
ENSDARG00000041540;sult1st2;Sult1e1;sult1st2
ENSDARG00000061480;si:ch211-132b12.1;Slc6a12;si:ch211-132b12.1
ENSDARG00000020771;tnr;Tnr;tnr
ENSDARG00000104026;si:dkeyp-35e5.5;Nlrp3;si:dkeyp-35e5.5
ENSDARG00000098663;fgf19;Fgf15;fgf19
ENSDARG00000102215;si:ch211-227e10.6;Nlrp12;si:ch211-227e10.6
ENSDARG00000058571;pdp2;Pdp2;pdp2
ENSDARG00000059255;evx2;Evx2;evx2
ENSDARG00000044954;slit1a;Slit1;slit1a
ENSDARG00000063088;si:dkey-211g8.6;Ffar3;si:dkey-211g8.6
ENSDARG00000011618;slc26a2;Slc26a2;slc26a2
ENSDARG00000016421;crygm1;Crygd;crygm1
ENSDARG00000078189;crygm3;Crygc;crygm3
ENSDARG00000040735;crygm6;Crygf;crygm6
ENSDARG00000040736;crygm7;Crygc;crygm7
ENSDARG00000070170;si:ch211-225p5.8;Scn1b;si:ch211-225p5.8
ENSDARG00000004953;mxb;Mx2;mxb
ENSDARG00000070353;hoxc13a;Hoxc13;hoxc13a
ENSDARG00000078227;cspg4;Cspg4;cspg4
ENSDARG00000013335;anxa6;Anxa6;anxa6
ENSDARG00000058479;zgc:110425;H1f6;zgc:110425
ENSDARG00000036456;anxa4;Anxa4;anxa4
ENSDARG00000069524;si:dkey-30c15.13;Tmem253;si:dkey-30c15.13
ENSDARG00000102608;zgc:109986;2700097O09Rik;zgc:109986
ENSDARG00000039096;si:dkey-24p1.1;Cd22;si:dkey-24p1.1
ENSDARG00000103478;nsun6;Nsun6;nsun6
ENSDARG00000057010;si:dkey-154b15.1;Rbm43;si:dkey-154b15.1
ENSDARG00000078502;si:ch211-150o23.3;Oscar;si:ch211-150o23.3
ENSDARG00000092071;si:ch211-117n7.6;Abhd12b;ENSDARG00000092071
ENSDARG00000002758;dedd1;Dedd2;dedd1
ENSDARG00000036728;si:dkey-211g8.1;Fpr-rs4;si:dkey-211g8.1
ENSDARG00000071648;zgc:113298;Ceacam14;zgc:113298
ENSDARG00000086628;stk19;Stk19;stk19
ENSDARG00000068098;si:ch211-198o12.4;Saxo5;si:ch211-198o12.4
ENSDARG00000101654;si:ch211-188c18.1;Cd7;si:ch211-188c18.1
ENSDARG00000055138;zgc:110410;Tmbim7;zgc:110410
ENSDARG00000098952;gata4;Gata4;gata4
ENSDARG00000024278;adh8b;Adh6a;adh8b
ENSDARG00000077572;si:ch211-193k19.2;Samd3;si:ch211-193k19.2
ENSDARG00000095355;si:dkey-78l4.7;Cma2;si:dkey-78l4.7
ENSDARG00000006786;copz2;Copz2;copz2
ENSDARG00000027279;numb;Numb;numb
ENSDARG00000017143;brd9;Brd9;brd9
ENSDARG00000076227;ror2;Ror2;ror2
ENSDARG00000042233;fgf16;Fgf16;fgf16
ENSDARG00000020884;gli2b;Gli2;gli2b
ENSDARG00000020541;ism1;Ism1;ism1
ENSDARG00000101665;pcdh1g11;Pcdhga10;CR774179.2
ENSDARG00000018817;bdnf;Bdnf;bdnf
ENSDARG00000008553;zgc:136872;Capn13;zgc:136872
ENSDARG00000058445;zgc:136472;Pdilt;zgc:136472
ENSDARG00000013492;zbtb34;Zbtb34;zbtb34
ENSDARG00000006584;phf8;Phf8;phf8
ENSDARG00000054949;mc2r;Mc2r;mc2r
ENSDARG00000020237;mc1r;Mc1r;mc1r
ENSDARG00000059816;zgc:136864;D8Ertd738e;zgc:136864
ENSDARG00000104973;wnt5a;Wnt5a;wnt5a
ENSDARG00000040036;tcf19l;Tcf19;tcf19l
ENSDARG00000036584;st8sia5;St8sia5;st8sia5
ENSDARG00000014357;amh;Amh;amh
ENSDARG00000003757;cnpy1;Cnpy1;cnpy1
ENSDARG00000037760;uncx4.1;Uncx;uncx4.1
ENSDARG00000019250;fancf;Fancf;fancf
ENSDARG00000060951;polg;Polg;polg
ENSDARG00000051926;plag1;Plag1;plag1
ENSDARG00000030095;ccdc78;Ccdc78;ccdc78
ENSDARG00000070121;rhoh;Rhoh;rhoh
ENSDARG00000019588;chico;Tle5;chico
ENSDARG00000003475;sult1st5;Sult1c1;sult1st5
ENSDARG00000045301;st8sia3;St8sia3;st8sia3
ENSDARG00000090152;anapc10;Anapc10;anapc10
ENSDARG00000058803;grk1a;Grk1;grk1a
ENSDARG00000069701;lgi2b;Lgi2;lgi2b
ENSDARG00000058421;lgi1b;Lgi1;lgi1b
ENSDARG00000052361;il15;Il15;il15
ENSDARG00000100803;zgc:113443;Zfp872;zgc:113443
ENSDARG00000058978;zgc:113423;Bend2;zgc:113423
ENSDARG00000026784;robo1;Robo1;robo1
ENSDARG00000041301;crybb3;Crybb3;crybb3
ENSDARG00000053512;crybb2;Crybb2;crybb2
ENSDARG00000042440;p2rx7;P2rx7;p2rx7
ENSDARG00000002300;p2rx2;P2rx2;p2rx2
ENSDARG00000086070;fgf20b;Fgf20;fgf20b
ENSDARG00000020102;kctd16b;Kctd16;kctd16b
ENSDARG00000004648;kctd16a;Kctd16;kctd16a
ENSDARG00000036974;ripply3;Ripply3;ripply3
ENSDARG00000070535;ripply2;Ripply2;ripply2
ENSDARG00000054103;ripply1;Ripply2;ripply1
ENSDARG00000062820;irgf3;Irgc;irgf3
ENSDARG00000070774;irgf1;Ifi47;irgf1
ENSDARG00000039726;zgc:123321;Yipf7;ENSDARG00000039726
ENSDARG00000056798;zgc:123297;Btnl10;zgc:123297
ENSDARG00000015563;zgc:123305;Lpin3;ENSDARG00000015563
ENSDARG00000101675;zgc:123107;H2-Aa;zgc:123107
ENSDARG00000074428;hhat;Hhat;hhat
ENSDARG00000108939;pde9ab;Pde9a;ENSDARG00000108939
ENSDARG00000100693;ddr2a;Ddr2;ddr2a
ENSDARG00000062168;tmem168b;Tmem168;tmem168b
ENSDARG00000105003;scn1bb;Scn1b;scn1bb
ENSDARG00000057098;htr1ab;Htr1a;htr1ab
ENSDARG00000077860;ankhd1;Ankhd1;ankhd1
ENSDARG00000011671;pde6b;Pde6b;pde6b
ENSDARG00000078685;rufy1;Rufy1;rufy1
ENSDARG00000029168;olfml1;Olfml1;ppfibp2b
ENSDARG00000093070;thumpd2;Thumpd2;thumpd2
ENSDARG00000005861;ralgapa2;Ralgapa2;ralgapa2
ENSDARG00000086523;erlin2;Erlin2;erlin2
ENSDARG00000095298;ftr73;Trim80;ftr73
ENSDARG00000101222;lsm10;Lsm10;lsm10
ENSDARG00000101514;ftr64;Trim80;ftr64
ENSDARG00000099138;btr29;Trim11;btr29
ENSDARG00000104793;dgke;Dgke;dgke
ENSDARG00000093997;si:dkey-9i23.15;Tmem109;si:dkey-9i23.15
ENSDARG00000094677;si:dkey-92j12.5;Mpdz;si:dkey-92j12.5
ENSDARG00000070941;igfbp6a;Igfbp6;igfbp6a
ENSDARG00000090833;igfbp6b;Igfbp6;igfbp6b
ENSDARG00000073753;tacc1;Tacc1;tacc1
ENSDARG00000079926;syt15;Syt15;syt15
ENSDARG00000003523;itln3;Itln1;itln3
ENSDARG00000086892;erfl1;Erfl;erfl1
ENSDARG00000062801;erfl3;Erf;erfl3
ENSDARG00000075830;syt3;Syt3;syt3
ENSDARG00000078060;syt7b;Syt7;syt7b
ENSDARG00000056105;syt11b;Syt11;syt11b
ENSDARG00000019451;pcsk2;Pcsk2;pcsk2
ENSDARG00000027041;pcdh17;Pcdh17;pcdh17
ENSDARG00000079730;fuz;Fuz;ENSDARG00000079730
ENSDARG00000105490;rph3ab;Rph3a;rph3ab
ENSDARG00000103586;si:dkey-65j6.2;D630003M21Rik;si:dkey-65j6.2
ENSDARG00000079188;nxph2b;Nxph2;nxph2b
ENSDARG00000075034;raver2;Raver2;raver2
ENSDARG00000041483;paqr6;Paqr6;paqr6
ENSDARG00000001498;skap1;Skap1;skap1
ENSDARG00000023771;gabrb3;Gabrb3;gabrb3
ENSDARG00000075435;akap11;Akap11;akap11
ENSDARG00000037917;itga3a;Itga3;itga3a
ENSDARG00000010794;tfeb;Tfeb;tfeb
ENSDARG00000060756;abhd6a;Abhd6;abhd6a
ENSDARG00000100143;lrp6;Lrp6;lrp6
ENSDARG00000041165;rab32b;Rab32;rab32b
ENSDARG00000029234;stxbp5b;Stxbp5;stxbp5b
ENSDARG00000059406;raf1b;Raf1;raf1b
ENSDARG00000077948;usp54a;Usp54;usp54a
ENSDARG00000060095;kcnb1;Kcnb1;kcnb1
ENSDARG00000086977;atxn1l;Atxn1l;atxn1l
ENSDARG00000098029;si:ch211-129o18.4;Gm572;si:ch211-129o18.4
ENSDARG00000090002;cln6b;Cln6;cln6b
ENSDARG00000073866;tdp1;Tdp1;tdp1
ENSDARG00000075072;rpap1;Rpap1;rpap1
ENSDARG00000087956;she;She;she
ENSDARG00000099562;lygl2;Lyg2;lygl2
ENSDARG00000077710;nlgn1;Nlgn1;nlgn1
ENSDARG00000004939;mtdhb;Mtdh;mtdhb
ENSDARG00000101585;tecra;Tecr;tecra
ENSDARG00000069703;efhb;Efhb;efhb
ENSDARG00000045036;cdc42ep4b;Cdc42ep4;cdc42ep4b
ENSDARG00000067593;sco1;Sco1;sco1
ENSDARG00000019442;amotl1;Amotl1;ENSDARG00000019442
ENSDARG00000070734;dyrk4;Dyrk4;dyrk4
ENSDARG00000104043;gng10;Gng10;gng10
ENSDARG00000103543;gngt2b;Gngt2;gngt2b
ENSDARG00000011845;chn2;Chn2;chn2
ENSDARG00000012347;nacad;Nacad;nacad
ENSDARG00000074807;tbrg4;Tbrg4;tbrg4
ENSDARG00000034895;tgfb1b;Tgfb1;tgfb1b
ENSDARG00000077516;recql4;Recql4;recql4
ENSDARG00000095687;si:dkey-84o3.7;Htra2;HTRA2
ENSDARG00000089661;ifi44g;Ifi44;FO704622.1
ENSDARG00000074274;polr2ea;Polr2e;POLR2E
ENSDARG00000087529;zgc:85936;Ankle1;zgc:85936
ENSDARG00000087238;si:ch211-161h7.4;Cenpc1;si:ch211-161h7.4
ENSDARG00000077130;bcl10;Bcl10;bcl10
ENSDARG00000093026;si:ch211-222n4.2;Ccdc74a;si:ch211-222n4.2
ENSDARG00000073961;si:ch211-160j14.2;Cystm1;ENSDARG00000073961
ENSDARG00000036619;mgat3b;Mgat3;mgat3b
ENSDARG00000075837;si:dkey-1d7.3;Tmem132b;si:dkey-1d7.3
ENSDARG00000074166;birc6;Birc6;birc6
ENSDARG00000102147;fem1c;Fem1c;fem1c
ENSDARG00000069707;si:ch211-113e8.5;Gimap1;si:ch211-113e8.5
ENSDARG00000091138;actr3;Actr3;actr3
ENSDARG00000077481;si:dkey-76k16.6;Gm4952;si:dkey-76k16.6
ENSDARG00000062750;si:ch73-74h11.1;Dsg1b;si:ch73-74h11.1
ENSDARG00000001906;si:dkey-247m21.3;Htr4;si:dkey-247m21.3
ENSDARG00000092044;si:dkey-22f5.9;Leap2;si:dkey-22f5.9
ENSDARG00000094602;si:dkey-7n6.2;Pkia;si:dkey-7n6.2
ENSDARG00000079167;si:ch211-230g15.5;Phc3;si:ch211-230g15.5
ENSDARG00000076339;cln5;Cln5;cln5
ENSDARG00000087996;pabpn1l;Pabpn1l;pabpn1l
ENSDARG00000039752;si:ch73-308m11.1;Gimap9;si:ch73-308m11.1
ENSDARG00000008131;sox1b;Sox1;sox1b
