cell_id,subclass_name,subclass_label,subclass_bootstrapping_probability,zf_annotation
AAACCCACACTCCGGA_Hyp3,107 DMH Hmx2 Gaba,CS20230722_SUBC_107,0.41,Hyp3
AAACCCATCTACTATC_Hb3,238 NTS Phox2b Glut,CS20230722_SUBC_238,0.37,Hb3
AAACGAAAGGCTTCCG_PrT,202 PRT Tcf7l2 Gaba,CS20230722_SUBC_202,0.33,PrT
AAACGAACAAGTGCAG_pTub,134 PH-ant-LHA Otp Bsx Glut,CS20230722_SUBC_134,0.56,pTub
AAACGAAGTCTCGGGT_vFb.Prog2,238 NTS Phox2b Glut,CS20230722_SUBC_238,0.39,vFb.Prog2
AAACGCTTCCCAGGCA_Hyp1,207 SCs Dmbx1 Gaba,CS20230722_SUBC_207,0.29,Hyp1
AAAGAACCAGAGTTCT_Cb,326 OPC NN,CS20230722_SUBC_326,0.65,Cb
AAAGAACTCCATCGTC_vFb.Prog1,106 PVpo-VMPO-MPN Hmx2 Gaba,CS20230722_SUBC_106,0.4,vFb.Prog1
AAAGAACTCGAACGGA_vFb.Prog2,158 MRN-PAG Nkx6-1 Glut,CS20230722_SUBC_158,0.73,vFb.Prog2
AAAGGATCACGACAGA_vFb.Prog2,252 DMX VII Tbx20 Chol,CS20230722_SUBC_252,0.95,vFb.Prog2
AAAGGATGTAGGGTAC_Hyp2,095 DMH Prdm13 Gaba,CS20230722_SUBC_095,0.46,Hyp2
AAAGGGCCAAGGCGTA_Hb1,251 NTS Dbh Glut,CS20230722_SUBC_251,0.78,Hb1
AAAGGGCTCATTCGGA_vFb.Prog1,106 PVpo-VMPO-MPN Hmx2 Gaba,CS20230722_SUBC_106,0.3,vFb.Prog1
AAAGGTACACAATGCT_vFb.Prog1,251 NTS Dbh Glut,CS20230722_SUBC_251,0.81,vFb.Prog1
AAAGGTACATTGACAC_pTub,134 PH-ant-LHA Otp Bsx Glut,CS20230722_SUBC_134,0.54,pTub
AAAGGTAGTACTGTTG_Hyp2,097 PVHd-SBPV Six3 Prox1 Gaba,CS20230722_SUBC_097,0.24,Hyp2
AAAGTCCAGCCTCGTG_OB,044 OB Dopa-Gaba,CS20230722_SUBC_044,0.75,OB
AAAGTCCAGGTAGTCG_Hyp2,104 TU-ARH Otp Six6 Gaba,CS20230722_SUBC_104,0.27,Hyp2
AAAGTGACACAAATAG_PrT,202 PRT Tcf7l2 Gaba,CS20230722_SUBC_202,0.54,PrT
AAAGTGATCAGCTAGT_Hb1,251 NTS Dbh Glut,CS20230722_SUBC_251,0.88,Hb1
AAATGGAAGTTACGTC_PrT,202 PRT Tcf7l2 Gaba,CS20230722_SUBC_202,0.36,PrT
AAATGGACATGGGTCC_Hyp1,094 SCH Six6 Cdc14a Gaba,CS20230722_SUBC_094,0.47,Hyp1
AAATGGATCCAGCAAT_Hb1,251 NTS Dbh Glut,CS20230722_SUBC_251,0.7,Hb1
AAATGGATCCGTGGCA_vFb.Prog2,198 IC Six3 En2 Gaba,CS20230722_SUBC_198,0.25,vFb.Prog2
AAATGGATCGGCTGAC_Hb1,251 NTS Dbh Glut,CS20230722_SUBC_251,0.85,Hb1
AACAAAGCAATCCTTT_pTub,134 PH-ant-LHA Otp Bsx Glut,CS20230722_SUBC_134,0.48,pTub
AACAAAGCAGTCCCGA_Hyp1,092 TMv-PMv Tbx3 Hist-Gaba,CS20230722_SUBC_092,0.49,Hyp1
AACAAAGGTCAACGCC_PrT,202 PRT Tcf7l2 Gaba,CS20230722_SUBC_202,0.49,PrT
AACAAAGTCAACGTGT_Hb2,251 NTS Dbh Glut,CS20230722_SUBC_251,0.97,Hb2
AACAAAGTCGTGCGAC_Hb2,251 NTS Dbh Glut,CS20230722_SUBC_251,0.73,Hb2
AACAACCCAGACACCC_vFb.Prog2,237 PRP-NI-PRNc-GRN Otp Glut,CS20230722_SUBC_237,0.34,vFb.Prog2
AACACACGTGGTTTAC_Hyp1,326 OPC NN,CS20230722_SUBC_326,0.63,Hyp1
AACAGGGAGCCTCACG_Hb2,251 NTS Dbh Glut,CS20230722_SUBC_251,0.75,Hb2
AACAGGGTCATTACCT_vFb.Prog1,094 SCH Six6 Cdc14a Gaba,CS20230722_SUBC_094,0.58,vFb.Prog1
AACAGGGTCTCTTGCG_vFb.Prog1,251 NTS Dbh Glut,CS20230722_SUBC_251,0.9,vFb.Prog1
AACCAACCAGACTCTA_Hyp2,108 ARH-PVp Tbx3 Gaba,CS20230722_SUBC_108,0.37,Hyp2
AACCAACGTAGCTTTG_vFb.Prog1,119 SI-MA-LPO-LHA Skor1 Glut,CS20230722_SUBC_119,0.34,vFb.Prog1
AACCACATCACCCTCA_vFb.Prog2,045 OB-STR-CTX Inh IMN,CS20230722_SUBC_045,0.78,vFb.Prog2
AACCCAACAGTCGTTA_Hb2,251 NTS Dbh Glut,CS20230722_SUBC_251,0.8,Hb2
AACCTTTGTAACTTCG_vFb.Prog1,207 SCs Dmbx1 Gaba,CS20230722_SUBC_207,0.23,vFb.Prog1
AACGAAACACAATCTG_vFb.Prog1,104 TU-ARH Otp Six6 Gaba,CS20230722_SUBC_104,0.17,vFb.Prog1
AACGGGATCTCTATAC_Hyp3,099 SBPV-PVa Six6 Satb2 Gaba,CS20230722_SUBC_099,0.25,Hyp3
AACTTCTGTCTAATCG_Hb3,243 PGRN-PARN-MDRN Hoxb5 Glut,CS20230722_SUBC_243,0.49,Hb3
AAGAACAAGGTCACAG_vFb.Prog2,103 PVHd-DMH Lhx6 Gaba,CS20230722_SUBC_103,0.29,vFb.Prog2
AAGAACACAGCACGAA_Hb2,251 NTS Dbh Glut,CS20230722_SUBC_251,0.84,Hb2
AAGAACAGTAGAATAC_Hb2,251 NTS Dbh Glut,CS20230722_SUBC_251,0.84,Hb2
AAGAACATCAGCACCG_vFb.Prog1,101 ZI Pax6 Gaba,CS20230722_SUBC_101,0.82,vFb.Prog1
AAGAACATCGCACTCT_Hyp2,103 PVHd-DMH Lhx6 Gaba,CS20230722_SUBC_103,0.28,Hyp2
AAGACAATCTAGAACC_vFb.Prog1,045 OB-STR-CTX Inh IMN,CS20230722_SUBC_045,0.82,vFb.Prog1
AAGACTCCAGGATTCT_OB,039 OB Meis2 Thsd7b Gaba,CS20230722_SUBC_039,0.48,OB
AAGATAGCAGGAATAT_vFb.Prog1,097 PVHd-SBPV Six3 Prox1 Gaba,CS20230722_SUBC_097,0.24,vFb.Prog1
AAGATAGGTGGCTGAA_PrT,202 PRT Tcf7l2 Gaba,CS20230722_SUBC_202,0.57,PrT
AAGCATCAGAGTCTTC_pTub,133 PVH-SO-PVa Otp Glut,CS20230722_SUBC_133,0.69,pTub
AAGCATCAGTCCTGTA_Hb3,251 NTS Dbh Glut,CS20230722_SUBC_251,0.42,Hb3
AAGCATCCATAGATGA_Hb1,251 NTS Dbh Glut,CS20230722_SUBC_251,0.42,Hb1
AAGCATCTCGGTAACT_vFb.Prog2,271 NI-RPO Gata3 Nr4a2 Gaba,CS20230722_SUBC_271,0.75,vFb.Prog2
AAGCCATCAACACGTT_Hb1,251 NTS Dbh Glut,CS20230722_SUBC_251,0.88,Hb1
AAGCCATCACCTGAAT_Hb1,251 NTS Dbh Glut,CS20230722_SUBC_251,0.77,Hb1
AAGCCATCATAAGCAA_vFb.Prog2,246 CU-ECU-SPVI Foxb1 Glut,CS20230722_SUBC_246,0.6,vFb.Prog2
AAGCCATGTGTTCCAA_Hb1,251 NTS Dbh Glut,CS20230722_SUBC_251,0.64,Hb1
AAGCGAGAGGAACATT_Hb3,238 NTS Phox2b Glut,CS20230722_SUBC_238,0.44,Hb3
AAGCGTTCAAGAGTGC_DMX,252 DMX VII Tbx20 Chol,CS20230722_SUBC_252,0.42,DMX
AAGCGTTGTAGGACTG_vFb.Prog2,101 ZI Pax6 Gaba,CS20230722_SUBC_101,0.88,vFb.Prog2
AAGCGTTTCATTCGGA_Hb1,251 NTS Dbh Glut,CS20230722_SUBC_251,0.56,Hb1
AAGCGTTTCTACGCGG_vFb.Prog1,200 PAG-ND-PCG Onecut1 Gaba,CS20230722_SUBC_200,0.24,vFb.Prog1
AAGGAATCACCGTGCA_vFb.Prog2,025 CA2-FC-IG Glut,CS20230722_SUBC_025,0.26,vFb.Prog2
AAGGTAAGTATCAAGA_vFb.Prog1,080 CEA-AAA-BST Six3 Sp9 Gaba,CS20230722_SUBC_080,0.36,vFb.Prog1
AAGGTAATCTCCCAAC_DMX,252 DMX VII Tbx20 Chol,CS20230722_SUBC_252,0.65,DMX
AAGTACCAGATCGGTG_Hb2,251 NTS Dbh Glut,CS20230722_SUBC_251,0.69,Hb2
AAGTACCCAAACTAAG_vFb.Prog2,252 DMX VII Tbx20 Chol,CS20230722_SUBC_252,0.38,vFb.Prog2
AAGTACCCATCATTGG_vFb.Prog2,038 DG-PIR Ex IMN,CS20230722_SUBC_038,1.0,vFb.Prog2
AAGTACCGTTTCAGAC_Hyp3,092 TMv-PMv Tbx3 Hist-Gaba,CS20230722_SUBC_092,0.42,Hyp3
AAGTACCTCACTGGGC_Hyp2,045 OB-STR-CTX Inh IMN,CS20230722_SUBC_045,0.97,Hyp2
AAGTCGTAGATCGCCC_Hb1,251 NTS Dbh Glut,CS20230722_SUBC_251,0.57,Hb1
AAGTCGTAGCCAAGGT_Hb1,251 NTS Dbh Glut,CS20230722_SUBC_251,0.95,Hb1
AAGTCGTAGCGTATAA_Hyp1,107 DMH Hmx2 Gaba,CS20230722_SUBC_107,0.25,Hyp1
AAGTCGTAGTAGATCA_OB,105 TMd-DMH Foxd2 Gaba,CS20230722_SUBC_105,0.32,OB
AAGTCGTGTTATGACC_vFb.Prog1,101 ZI Pax6 Gaba,CS20230722_SUBC_101,0.3,vFb.Prog1
AAGTCGTTCATGCAGT_Hyp2,102 DMH-LHA Gsx1 Gaba,CS20230722_SUBC_102,0.21,Hyp2
AAGTTCGAGCCTGACC_vFb.Prog2,091 ARH-PVi Six6 Dopa-Gaba,CS20230722_SUBC_091,0.27,vFb.Prog2
AAGTTCGCAACTGATC_PrT,202 PRT Tcf7l2 Gaba,CS20230722_SUBC_202,0.25,PrT
AAGTTCGCAATCAGCT_Hb1,251 NTS Dbh Glut,CS20230722_SUBC_251,1.0,Hb1
AATAGAGAGCGTGCCT_vFb.Prog2,252 DMX VII Tbx20 Chol,CS20230722_SUBC_252,0.49,vFb.Prog2
AATAGAGGTGAACTAA_Hb2,251 NTS Dbh Glut,CS20230722_SUBC_251,0.92,Hb2
AATAGAGTCTTGAACG_vFb.Prog2,251 NTS Dbh Glut,CS20230722_SUBC_251,0.35,vFb.Prog2
AATCACGAGTTCCGGC_Hb2,251 NTS Dbh Glut,CS20230722_SUBC_251,0.97,Hb2
AATCACGGTCCGATCG_vFb.Prog2,045 OB-STR-CTX Inh IMN,CS20230722_SUBC_045,1.0,vFb.Prog2
AATCACGTCACGATCA_Hb2,251 NTS Dbh Glut,CS20230722_SUBC_251,0.71,Hb2
AATCACGTCATCTGTT_vFb.Prog2,106 PVpo-VMPO-MPN Hmx2 Gaba,CS20230722_SUBC_106,0.51,vFb.Prog2
AATCGACAGGGTGGGA_DMX,285 MY Lhx1 Gly-Gaba,CS20230722_SUBC_285,0.63,DMX
AATCGACAGGTAGATT_vFb.Prog1,083 CEA-BST Rai14 Pdyn Crh Gaba,CS20230722_SUBC_083,0.34,vFb.Prog1
AATCGACTCCGAAGGA_Hb2,251 NTS Dbh Glut,CS20230722_SUBC_251,0.77,Hb2
AATCGTGAGGATGAGA_Hyp1,097 PVHd-SBPV Six3 Prox1 Gaba,CS20230722_SUBC_097,0.27,Hyp1
AATCGTGCAACTGTGT_Hyp1,107 DMH Hmx2 Gaba,CS20230722_SUBC_107,0.3,Hyp1
AATCGTGCAGGAATAT_Hyp1,095 DMH Prdm13 Gaba,CS20230722_SUBC_095,0.36,Hyp1
AATCGTGCATTGCTGA_Hb1,238 NTS Phox2b Glut,CS20230722_SUBC_238,0.4,Hb1
AATGAAGAGGATCACG_vFb.Prog2,045 OB-STR-CTX Inh IMN,CS20230722_SUBC_045,0.86,vFb.Prog2
AATGAAGCAAATGCGG_pTub,134 PH-ant-LHA Otp Bsx Glut,CS20230722_SUBC_134,0.68,pTub
AATGACCGTTGGGCCT_Hyp1,103 PVHd-DMH Lhx6 Gaba,CS20230722_SUBC_103,0.45,Hyp1
AATGACCTCCATTCAT_Hb1,251 NTS Dbh Glut,CS20230722_SUBC_251,0.98,Hb1
AATGCCATCCTTATCA_OB,044 OB Dopa-Gaba,CS20230722_SUBC_044,0.76,OB
AATGCCATCTTGCAAG_vFb.Prog2,101 ZI Pax6 Gaba,CS20230722_SUBC_101,0.91,vFb.Prog2
AATGGAATCCTCTCGA_Hb1,251 NTS Dbh Glut,CS20230722_SUBC_251,0.92,Hb1
AATGGCTAGCAACTCT_vFb.Prog2,304 NTS-PARN Neurod2 Gly-Gaba,CS20230722_SUBC_304,0.56,vFb.Prog2
AATGGCTAGCGATGCA_Hb2,251 NTS Dbh Glut,CS20230722_SUBC_251,0.41,Hb2
AATGGCTAGCGTTACT_Hb1,251 NTS Dbh Glut,CS20230722_SUBC_251,0.63,Hb1
AATGGCTCAACACGTT_Hb1,251 NTS Dbh Glut,CS20230722_SUBC_251,0.6,Hb1
AATGGCTTCATCACTT_Hyp3,104 TU-ARH Otp Six6 Gaba,CS20230722_SUBC_104,0.23,Hyp3
AATGGCTTCGCCTATC_Hb1,251 NTS Dbh Glut,CS20230722_SUBC_251,0.66,Hb1
AATTCCTTCCATGATG_vFb.Prog2,243 PGRN-PARN-MDRN Hoxb5 Glut,CS20230722_SUBC_243,0.38,vFb.Prog2
AATTTCCCACGACAAG_Hb3,300 PARN-MDRNd-NTS Gbx2 Gly-Gaba,CS20230722_SUBC_300,0.91,Hb3
ACAAAGATCGTACCTC_vFb.Prog1,106 PVpo-VMPO-MPN Hmx2 Gaba,CS20230722_SUBC_106,0.65,vFb.Prog1
ACAACCAAGAAGCCTG_PrT,202 PRT Tcf7l2 Gaba,CS20230722_SUBC_202,0.41,PrT
ACAACCAAGCTGACAG_Cb,314 CB Granule Glut,CS20230722_SUBC_314,0.97,Cb
ACAACCACAAGTTCGT_Hyp2,102 DMH-LHA Gsx1 Gaba,CS20230722_SUBC_102,0.31,Hyp2
ACAACCAGTGCATCTA_vFb.Prog1,057 NDB-SI-MA-STRv Lhx8 Gaba,CS20230722_SUBC_057,0.49,vFb.Prog1
ACAACCAGTGGGATTG_vFb.Prog1,213 SCsg Gabrr2 Gaba,CS20230722_SUBC_213,0.22,vFb.Prog1
ACAACCAGTTGCCGAC_Hb3,251 NTS Dbh Glut,CS20230722_SUBC_251,0.37,Hb3
ACAAGCTCAGTCGGAA_vFb.Prog1,100 AHN Onecut3 Gaba,CS20230722_SUBC_100,0.2,vFb.Prog1
ACAAGCTGTTGGTAGG_vFb.Prog2,338 Lymphoid NN,CS20230722_SUBC_338,0.38,vFb.Prog2
ACAAGCTTCCTTCTTC_pTub,237 PRP-NI-PRNc-GRN Otp Glut,CS20230722_SUBC_237,0.5,pTub
ACACAGTGTAACGTTC_vFb.Prog2,045 OB-STR-CTX Inh IMN,CS20230722_SUBC_045,0.95,vFb.Prog2
ACACAGTTCCGATAGT_vFb.Prog2,045 OB-STR-CTX Inh IMN,CS20230722_SUBC_045,0.99,vFb.Prog2
ACACGCGCACAACCGC_Hyp2,099 SBPV-PVa Six6 Satb2 Gaba,CS20230722_SUBC_099,0.59,Hyp2
ACACTGATCCGCAAAT_Hyp1,107 DMH Hmx2 Gaba,CS20230722_SUBC_107,0.17,Hyp1
ACAGAAAAGCTGACCC_Hyp1,134 PH-ant-LHA Otp Bsx Glut,CS20230722_SUBC_134,0.34,Hyp1
ACAGAAAAGCTTACGT_vFb.Prog2,213 SCsg Gabrr2 Gaba,CS20230722_SUBC_213,0.46,vFb.Prog2
ACAGAAACATGACTTG_PrT,202 PRT Tcf7l2 Gaba,CS20230722_SUBC_202,0.37,PrT
ACAGAAAGTATGGGAC_OB,044 OB Dopa-Gaba,CS20230722_SUBC_044,0.68,OB
ACAGAAAGTCTCTCCA_Hyp2,094 SCH Six6 Cdc14a Gaba,CS20230722_SUBC_094,0.19,Hyp2
ACAGAAAGTGATACAA_Hyp2,103 PVHd-DMH Lhx6 Gaba,CS20230722_SUBC_103,0.35,Hyp2
ACAGCCGCAAGTATAG_pTub,134 PH-ant-LHA Otp Bsx Glut,CS20230722_SUBC_134,0.38,pTub
ACAGCCGTCTCAATCT_Hyp1,106 PVpo-VMPO-MPN Hmx2 Gaba,CS20230722_SUBC_106,0.27,Hyp1
ACAGGGAAGACAGTCG_vFb.Prog1,095 DMH Prdm13 Gaba,CS20230722_SUBC_095,0.31,vFb.Prog1
ACAGGGAAGCAGAAAG_Hb3,238 NTS Phox2b Glut,CS20230722_SUBC_238,0.58,Hb3
ACAGGGACATAATCCG_Hyp1,094 SCH Six6 Cdc14a Gaba,CS20230722_SUBC_094,0.5,Hyp1
ACAGGGACATTGTACG_vFb.Prog1,222 PB Evx2 Glut,CS20230722_SUBC_222,0.67,vFb.Prog1
ACATCCCAGGTCCCGT_Hb1,251 NTS Dbh Glut,CS20230722_SUBC_251,0.82,Hb1
ACATCCCCATACAGAA_vFb.Prog1,257 SPVC Ccdc172 Glut,CS20230722_SUBC_257,0.28,vFb.Prog1
ACATGCAAGTCCGTCG_Hb1,251 NTS Dbh Glut,CS20230722_SUBC_251,0.86,Hb1
ACATGCACAAGTGGTG_vFb.Prog2,285 MY Lhx1 Gly-Gaba,CS20230722_SUBC_285,0.38,vFb.Prog2
ACATTTCCACAATCTG_Hb2,251 NTS Dbh Glut,CS20230722_SUBC_251,0.45,Hb2
ACCAAACAGTCCTACA_PrT,202 PRT Tcf7l2 Gaba,CS20230722_SUBC_202,0.41,PrT
ACCAAACTCACTACGA_Hb1,251 NTS Dbh Glut,CS20230722_SUBC_251,0.97,Hb1
ACCAAACTCGGATACT_Hyp1,095 DMH Prdm13 Gaba,CS20230722_SUBC_095,0.33,Hyp1
ACCAACAAGCGAATGC_Hb2,251 NTS Dbh Glut,CS20230722_SUBC_251,0.38,Hb2
ACCAACAGTACGATCT_vFb.Prog1,202 PRT Tcf7l2 Gaba,CS20230722_SUBC_202,0.29,vFb.Prog1
ACCAACATCCCTATTA_Hb2,251 NTS Dbh Glut,CS20230722_SUBC_251,0.51,Hb2
ACCACAAAGCTCTGTA_pTub,133 PVH-SO-PVa Otp Glut,CS20230722_SUBC_133,0.6,pTub
ACCACAACAGCAGTTT_Hyp3,222 PB Evx2 Glut,CS20230722_SUBC_222,0.33,Hyp3
ACCATTTAGTGGAAGA_Hyp1,098 AHN-SBPV-PVHd Pdrm12 Gaba,CS20230722_SUBC_098,0.25,Hyp1
ACCATTTCATCGGATT_Hb3,251 NTS Dbh Glut,CS20230722_SUBC_251,0.49,Hb3
ACCATTTGTGGACTAG_Hyp2,097 PVHd-SBPV Six3 Prox1 Gaba,CS20230722_SUBC_097,0.35,Hyp2
ACCCAAAAGAAGGGAT_Hyp3,103 PVHd-DMH Lhx6 Gaba,CS20230722_SUBC_103,0.42,Hyp3
ACCCAAAAGATGTAGT_Hyp2,045 OB-STR-CTX Inh IMN,CS20230722_SUBC_045,1.0,Hyp2
ACCCTCATCTCATTGT_Hyp3,045 OB-STR-CTX Inh IMN,CS20230722_SUBC_045,0.73,Hyp3
ACCCTTGCAAGGTACG_Hyp1,102 DMH-LHA Gsx1 Gaba,CS20230722_SUBC_102,0.19,Hyp1
ACCCTTGCAGCTCATA_Hyp3,039 OB Meis2 Thsd7b Gaba,CS20230722_SUBC_039,0.6,Hyp3
ACCCTTGTCAGTGTTG_Hb2,251 NTS Dbh Glut,CS20230722_SUBC_251,0.65,Hb2
ACCGTTCTCGTAACAC_OB,044 OB Dopa-Gaba,CS20230722_SUBC_044,0.81,OB
ACCTACCAGGAAGTCC_Hb2,251 NTS Dbh Glut,CS20230722_SUBC_251,1.0,Hb2
ACCTGTCGTATCGCTA_Hb1,251 NTS Dbh Glut,CS20230722_SUBC_251,0.88,Hb1
ACCTGTCGTCAACGCC_Hb1,251 NTS Dbh Glut,CS20230722_SUBC_251,0.98,Hb1
ACGATCAAGGCATCGA_Hyp2,108 ARH-PVp Tbx3 Gaba,CS20230722_SUBC_108,0.36,Hyp2
ACGATCACAATTCTTC_pTub,139 PH-LHA Foxb1 Glut,CS20230722_SUBC_139,0.25,pTub
ACGATCACACATGACT_vFb.Prog1,213 SCsg Gabrr2 Gaba,CS20230722_SUBC_213,0.33,vFb.Prog1
ACGATCAGTAGCTTAC_Hyp2,045 OB-STR-CTX Inh IMN,CS20230722_SUBC_045,1.0,Hyp2
ACGATGTAGGATTTAG_Hyp1,098 AHN-SBPV-PVHd Pdrm12 Gaba,CS20230722_SUBC_098,0.26,Hyp1
ACGATGTAGTGCGACA_Hb1,251 NTS Dbh Glut,CS20230722_SUBC_251,0.42,Hb1
ACGATGTGTTGTCATG_pTub,134 PH-ant-LHA Otp Bsx Glut,CS20230722_SUBC_134,0.76,pTub
ACGATGTTCGCAGTGC_Hyp3,101 ZI Pax6 Gaba,CS20230722_SUBC_101,0.21,Hyp3
ACGCACGCATAATGAG_Hyp1,094 SCH Six6 Cdc14a Gaba,CS20230722_SUBC_094,0.41,Hyp1
ACGCACGGTCAGTCCG_Hb2,251 NTS Dbh Glut,CS20230722_SUBC_251,0.45,Hb2
ACGGAAGTCGCCTCTA_vFb.Prog1,098 AHN-SBPV-PVHd Pdrm12 Gaba,CS20230722_SUBC_098,0.43,vFb.Prog1
ACGGGTCAGAGTGACC_Hyp2,102 DMH-LHA Gsx1 Gaba,CS20230722_SUBC_102,0.31,Hyp2
ACGGGTCAGCTAGTTC_DMX,252 DMX VII Tbx20 Chol,CS20230722_SUBC_252,0.53,DMX
ACGGTCGAGAAGATCT_vFb.Prog1,098 AHN-SBPV-PVHd Pdrm12 Gaba,CS20230722_SUBC_098,0.39,vFb.Prog1
ACGGTCGAGGGCAAGG_Hyp2,106 PVpo-VMPO-MPN Hmx2 Gaba,CS20230722_SUBC_106,0.39,Hyp2
ACGGTCGGTGCACATT_pTub,132 AHN-RCH-LHA Otp Fezf1 Glut,CS20230722_SUBC_132,0.49,pTub
ACGGTTAAGGAAACGA_Hyp2,091 ARH-PVi Six6 Dopa-Gaba,CS20230722_SUBC_091,0.42,Hyp2
ACGGTTACAAGACCGA_Hb2,251 NTS Dbh Glut,CS20230722_SUBC_251,0.69,Hb2
ACGGTTACACATGAAA_Cb,235 PG-TRN-LRN Fat2 Glut,CS20230722_SUBC_235,0.37,Cb
ACGGTTAGTAGTTAGA_Hb1,251 NTS Dbh Glut,CS20230722_SUBC_251,0.9,Hb1
ACGGTTATCATCGCCT_OB,096 PVHd Gsc Gaba,CS20230722_SUBC_096,0.2,OB
ACGTAACAGGTCATCT_PrT,202 PRT Tcf7l2 Gaba,CS20230722_SUBC_202,0.52,PrT
ACGTACAGTCACATTG_Hyp2,099 SBPV-PVa Six6 Satb2 Gaba,CS20230722_SUBC_099,0.26,Hyp2
ACGTAGTAGTCTACCA_vFb.Prog2,042 OB-out Frmd7 Gaba,CS20230722_SUBC_042,0.38,vFb.Prog2
ACGTAGTTCCCTCTAG_pTub,134 PH-ant-LHA Otp Bsx Glut,CS20230722_SUBC_134,0.54,pTub
ACGTAGTTCGTTATCT_vFb.Prog1,238 NTS Phox2b Glut,CS20230722_SUBC_238,0.43,vFb.Prog1
ACGTCCTCAGAAGCTG_Hyp3,045 OB-STR-CTX Inh IMN,CS20230722_SUBC_045,0.56,Hyp3
ACGTCCTGTGACAGCA_Cb,038 DG-PIR Ex IMN,CS20230722_SUBC_038,1.0,Cb
ACGTTCCCACACACGC_vFb.Prog1,045 OB-STR-CTX Inh IMN,CS20230722_SUBC_045,0.58,vFb.Prog1
ACGTTCCGTACGAGTG_Cb,045 OB-STR-CTX Inh IMN,CS20230722_SUBC_045,0.92,Cb
ACTACGAAGGTCATAA_Hb2,251 NTS Dbh Glut,CS20230722_SUBC_251,0.96,Hb2
ACTATCTCACTATCGA_vFb.Prog1,053 Sst Gaba,CS20230722_SUBC_053,0.52,vFb.Prog1
ACTATGGCACACTTAG_pTub,267 CS-PRNr-PCG Tmem163 Otp Gaba,CS20230722_SUBC_267,0.7,pTub
ACTATGGGTCTCTCCA_Hyp1,045 OB-STR-CTX Inh IMN,CS20230722_SUBC_045,0.87,Hyp1
ACTATGGTCCAGCCTT_Hb2,251 NTS Dbh Glut,CS20230722_SUBC_251,0.91,Hb2
ACTATTCAGGGATCTG_OB,044 OB Dopa-Gaba,CS20230722_SUBC_044,0.67,OB
ACTCCCAAGCAACTCT_Hyp1,105 TMd-DMH Foxd2 Gaba,CS20230722_SUBC_105,0.4,Hyp1
ACTCTCGGTACCATAC_vFb.Prog2,133 PVH-SO-PVa Otp Glut,CS20230722_SUBC_133,0.24,vFb.Prog2
ACTGATGCAACTGTGT_OB,044 OB Dopa-Gaba,CS20230722_SUBC_044,0.73,OB
ACTGATGCAGGAACCA_Cb,038 DG-PIR Ex IMN,CS20230722_SUBC_038,1.0,Cb
ACTGCAATCGCTCATC_OB,044 OB Dopa-Gaba,CS20230722_SUBC_044,0.75,OB
ACTGTCCAGACCAAGC_PrT,202 PRT Tcf7l2 Gaba,CS20230722_SUBC_202,0.37,PrT
ACTGTGATCACGAACT_Hyp1,102 DMH-LHA Gsx1 Gaba,CS20230722_SUBC_102,0.49,Hyp1
ACTTAGGAGATCGCCC_Hb2,144 MM Foxb1 Glut,CS20230722_SUBC_144,0.54,Hb2
ACTTAGGAGATGTTCC_Hyp3,038 DG-PIR Ex IMN,CS20230722_SUBC_038,0.99,Hyp3
ACTTAGGGTAAGATCA_Hb3,251 NTS Dbh Glut,CS20230722_SUBC_251,0.5,Hb3
ACTTAGGGTTACGGAG_PrT,202 PRT Tcf7l2 Gaba,CS20230722_SUBC_202,0.39,PrT
ACTTATCAGGGATGTC_Hyp2,108 ARH-PVp Tbx3 Gaba,CS20230722_SUBC_108,0.45,Hyp2
ACTTATCCACACCGCA_vFb.Prog1,093 RT-ZI Gnb3 Gaba,CS20230722_SUBC_093,0.2,vFb.Prog1
ACTTATCGTCGTATTG_vFb.Prog1,102 DMH-LHA Gsx1 Gaba,CS20230722_SUBC_102,0.29,vFb.Prog1
ACTTATCTCCAATGCA_Hyp3,086 MPO-ADP Lhx8 Gaba,CS20230722_SUBC_086,0.31,Hyp3
ACTTCCGCAACAGAGC_vFb.Prog1,045 OB-STR-CTX Inh IMN,CS20230722_SUBC_045,0.54,vFb.Prog1
ACTTCCGCAGAGTAAT_Hyp3,095 DMH Prdm13 Gaba,CS20230722_SUBC_095,0.34,Hyp3
ACTTCCGGTTTGGCTA_Hb2,251 NTS Dbh Glut,CS20230722_SUBC_251,1.0,Hb2
ACTTTCAAGGACTAAT_pTub,134 PH-ant-LHA Otp Bsx Glut,CS20230722_SUBC_134,0.69,pTub
ACTTTCAGTAGCTTAC_Hyp2,045 OB-STR-CTX Inh IMN,CS20230722_SUBC_045,1.0,Hyp2
ACTTTGTAGTAAGCAT_Hb3,243 PGRN-PARN-MDRN Hoxb5 Glut,CS20230722_SUBC_243,0.36,Hb3
ACTTTGTCAGCCCACA_Hb3,251 NTS Dbh Glut,CS20230722_SUBC_251,0.4,Hb3
ACTTTGTCATCGAGCC_Hyp3,052 Pvalb Gaba,CS20230722_SUBC_052,0.63,Hyp3
ACTTTGTGTTATGTGC_Hb3,251 NTS Dbh Glut,CS20230722_SUBC_251,0.55,Hb3
ACTTTGTGTTCTCCTG_Hb2,238 NTS Phox2b Glut,CS20230722_SUBC_238,0.35,Hb2
ACTTTGTTCAGTCCGG_PrT,207 SCs Dmbx1 Gaba,CS20230722_SUBC_207,0.26,PrT
AGAAATGGTACCGTCG_Hb1,251 NTS Dbh Glut,CS20230722_SUBC_251,0.96,Hb1
AGAAATGTCCATCAGA_Cb,045 OB-STR-CTX Inh IMN,CS20230722_SUBC_045,0.99,Cb
AGAACAAAGCACTCGC_vFb.Prog1,133 PVH-SO-PVa Otp Glut,CS20230722_SUBC_133,0.21,vFb.Prog1
AGAACAACAAGTTCCA_Hb3,237 PRP-NI-PRNc-GRN Otp Glut,CS20230722_SUBC_237,0.34,Hb3
AGAACAACACAGCGCT_PrT,192 PPN-CUN-PCG Otp En1 Gaba,CS20230722_SUBC_192,0.35,PrT
AGAACAACATGTTCAG_Hb3,251 NTS Dbh Glut,CS20230722_SUBC_251,0.31,Hb3
AGAACAAGTTTCGCTC_Hyp3,045 OB-STR-CTX Inh IMN,CS20230722_SUBC_045,0.3,Hyp3
AGAACCTAGCAAGTCG_Hyp2,097 PVHd-SBPV Six3 Prox1 Gaba,CS20230722_SUBC_097,0.24,Hyp2
AGAACCTAGTAAACTG_OB,044 OB Dopa-Gaba,CS20230722_SUBC_044,0.76,OB
AGAACCTGTAGACGTG_vFb.Prog2,045 OB-STR-CTX Inh IMN,CS20230722_SUBC_045,0.86,vFb.Prog2
AGAAGCGTCCGTTTCG_vFb.Prog2,237 PRP-NI-PRNc-GRN Otp Glut,CS20230722_SUBC_237,0.41,vFb.Prog2
AGAAGCGTCGACGCTG_vFb.Prog2,103 PVHd-DMH Lhx6 Gaba,CS20230722_SUBC_103,0.55,vFb.Prog2
AGACAAAAGTTCCTGA_Hyp3,092 TMv-PMv Tbx3 Hist-Gaba,CS20230722_SUBC_092,0.37,Hyp3
AGACAAATCAAACCTG_OB,044 OB Dopa-Gaba,CS20230722_SUBC_044,0.69,OB
AGACACTAGGTTTGAA_Hyp1,045 OB-STR-CTX Inh IMN,CS20230722_SUBC_045,0.54,Hyp1
AGACACTCAACAAGAT_vFb.Prog2,252 DMX VII Tbx20 Chol,CS20230722_SUBC_252,0.86,vFb.Prog2
AGACAGGAGATTAGCA_pTub,251 NTS Dbh Glut,CS20230722_SUBC_251,0.52,pTub
AGACCATAGAGATTCA_Hyp3,108 ARH-PVp Tbx3 Gaba,CS20230722_SUBC_108,0.28,Hyp3
AGACCATAGCATCTTG_pTub,251 NTS Dbh Glut,CS20230722_SUBC_251,0.28,pTub
AGACCATCACATTCTT_vFb.Prog2,252 DMX VII Tbx20 Chol,CS20230722_SUBC_252,0.55,vFb.Prog2
AGACCATCACCCTCTA_vFb.Prog1,094 SCH Six6 Cdc14a Gaba,CS20230722_SUBC_094,0.32,vFb.Prog1
AGACCCGCACATAACC_vFb.Prog1,238 NTS Phox2b Glut,CS20230722_SUBC_238,0.62,vFb.Prog1
AGACTCATCGACGACC_vFb.Prog1,192 PPN-CUN-PCG Otp En1 Gaba,CS20230722_SUBC_192,0.33,vFb.Prog1
AGAGAATAGCTACGTT_Hyp2,095 DMH Prdm13 Gaba,CS20230722_SUBC_095,0.8,Hyp2
AGAGAATTCAAGCCGC_vFb.Prog1,045 OB-STR-CTX Inh IMN,CS20230722_SUBC_045,0.93,vFb.Prog1
AGAGCAGGTGTGTTTG_Hb1,251 NTS Dbh Glut,CS20230722_SUBC_251,0.91,Hb1
AGAGCCCCAGTGCCTG_PrT,202 PRT Tcf7l2 Gaba,CS20230722_SUBC_202,0.58,PrT
AGATAGAAGCTGTACT_Hb1,251 NTS Dbh Glut,CS20230722_SUBC_251,1.0,Hb1
AGATCCAAGATTTGCC_Hb1,251 NTS Dbh Glut,CS20230722_SUBC_251,0.76,Hb1
AGATCCAAGGAACGTC_Hyp3,092 TMv-PMv Tbx3 Hist-Gaba,CS20230722_SUBC_092,0.38,Hyp3
AGATCCAAGTGGATAT_vFb.Prog1,086 MPO-ADP Lhx8 Gaba,CS20230722_SUBC_086,0.29,vFb.Prog1
AGATCCAGTTCCCAAA_vFb.Prog1,202 PRT Tcf7l2 Gaba,CS20230722_SUBC_202,0.33,vFb.Prog1
AGATCGTAGTCGCGAA_Hyp1,105 TMd-DMH Foxd2 Gaba,CS20230722_SUBC_105,0.33,Hyp1
AGATGCTAGGGTGAGG_Hyp2,045 OB-STR-CTX Inh IMN,CS20230722_SUBC_045,1.0,Hyp2
AGATGCTTCTCGTTTA_Hb1,251 NTS Dbh Glut,CS20230722_SUBC_251,0.81,Hb1
AGCATCAAGGATACCG_Cb,045 OB-STR-CTX Inh IMN,CS20230722_SUBC_045,0.91,Cb
AGCATCACAGCATCTA_vFb.Prog1,091 ARH-PVi Six6 Dopa-Gaba,CS20230722_SUBC_091,0.29,vFb.Prog1
AGCATCAGTTATGACC_Hyp2,198 IC Six3 En2 Gaba,CS20230722_SUBC_198,0.76,Hyp2
AGCCAATAGCAACCAG_OB,045 OB-STR-CTX Inh IMN,CS20230722_SUBC_045,0.75,OB
AGCCAATCAGTCAACT_Hb1,251 NTS Dbh Glut,CS20230722_SUBC_251,0.75,Hb1
AGCCACGCAGTTAGAA_PrT,092 TMv-PMv Tbx3 Hist-Gaba,CS20230722_SUBC_092,0.33,PrT
AGCCACGGTGGTCCGT_vFb.Prog1,134 PH-ant-LHA Otp Bsx Glut,CS20230722_SUBC_134,0.63,vFb.Prog1
AGCCAGCAGACTTCCA_Hb3,238 NTS Phox2b Glut,CS20230722_SUBC_238,0.71,Hb3
AGCCAGCAGCACTTTG_Cb,045 OB-STR-CTX Inh IMN,CS20230722_SUBC_045,0.96,Cb
AGCCAGCGTGGCCCAT_vFb.Prog1,285 MY Lhx1 Gly-Gaba,CS20230722_SUBC_285,0.6,vFb.Prog1
AGCCAGCTCTCTCAAT_Hb1,251 NTS Dbh Glut,CS20230722_SUBC_251,0.82,Hb1
AGCCAGCTCTGTAAGC_PrT,202 PRT Tcf7l2 Gaba,CS20230722_SUBC_202,0.34,PrT
AGCGATTAGTGCCGAA_vFb.Prog1,285 MY Lhx1 Gly-Gaba,CS20230722_SUBC_285,0.66,vFb.Prog1
AGCGATTGTTTCGTTT_vFb.Prog2,252 DMX VII Tbx20 Chol,CS20230722_SUBC_252,0.35,vFb.Prog2
AGCGATTTCCAACCGG_pTub,134 PH-ant-LHA Otp Bsx Glut,CS20230722_SUBC_134,0.6,pTub
AGCGCCACAAGCAATA_Hb2,251 NTS Dbh Glut,CS20230722_SUBC_251,0.58,Hb2
AGCGCCACATACATCG_vFb.Prog1,099 SBPV-PVa Six6 Satb2 Gaba,CS20230722_SUBC_099,0.7,vFb.Prog1
AGCGCCACATAGCTGT_Hyp2,094 SCH Six6 Cdc14a Gaba,CS20230722_SUBC_094,0.32,Hyp2
AGCGCCACATGTCGTA_Hyp2,108 ARH-PVp Tbx3 Gaba,CS20230722_SUBC_108,0.48,Hyp2
AGCGCCATCAGACCTA_vFb.Prog1,036 HPF CR Glut,CS20230722_SUBC_036,0.93,vFb.Prog1
AGCGCTGAGTATGGCG_Hyp3,080 CEA-AAA-BST Six3 Sp9 Gaba,CS20230722_SUBC_080,0.4,Hyp3
AGCGCTGGTATCAGGG_Hyp3,102 DMH-LHA Gsx1 Gaba,CS20230722_SUBC_102,0.23,Hyp3
AGCGCTGGTCCGTACG_vFb.Prog1,101 ZI Pax6 Gaba,CS20230722_SUBC_101,0.82,vFb.Prog1
AGCGCTGTCAACCTCC_Hyp1,073 MEA-BST Sox6 Gaba,CS20230722_SUBC_073,0.26,Hyp1
AGCGCTGTCACAAGGG_Hyp1,045 OB-STR-CTX Inh IMN,CS20230722_SUBC_045,0.96,Hyp1
AGCGTCGCACAAGCAG_Hyp3,102 DMH-LHA Gsx1 Gaba,CS20230722_SUBC_102,0.27,Hyp3
AGCGTCGGTCTTGCGG_Hb3,285 MY Lhx1 Gly-Gaba,CS20230722_SUBC_285,0.28,Hb3
AGCGTCGGTGCGGCTT_Hb2,251 NTS Dbh Glut,CS20230722_SUBC_251,0.82,Hb2
AGCTACACACATCATG_Hyp2,102 DMH-LHA Gsx1 Gaba,CS20230722_SUBC_102,0.38,Hyp2
AGCTACACAGGTCAAG_Hb2,238 NTS Phox2b Glut,CS20230722_SUBC_238,0.5,Hb2
AGCTTCCCACTAAACC_vFb.Prog2,101 ZI Pax6 Gaba,CS20230722_SUBC_101,0.73,vFb.Prog2
AGCTTCCTCACACCCT_OB,044 OB Dopa-Gaba,CS20230722_SUBC_044,0.59,OB
AGCTTCCTCCCGGTAG_vFb.Prog1,226 PRNc-PARN Tlx1 Glut,CS20230722_SUBC_226,0.21,vFb.Prog1
AGGAAATAGAGTCCGA_vFb.Prog2,251 NTS Dbh Glut,CS20230722_SUBC_251,0.53,vFb.Prog2
AGGAAATGTACACGTT_PrT,202 PRT Tcf7l2 Gaba,CS20230722_SUBC_202,0.47,PrT
AGGAATAAGCCATTCA_Hyp2,094 SCH Six6 Cdc14a Gaba,CS20230722_SUBC_094,0.21,Hyp2
AGGAATATCCGTCCTA_Hyp1,102 DMH-LHA Gsx1 Gaba,CS20230722_SUBC_102,0.3,Hyp1
AGGAATATCGCTGTCT_Hb3,327 Oligo NN,CS20230722_SUBC_327,0.65,Hb3
AGGACGACAACTCCCT_vFb.Prog1,045 OB-STR-CTX Inh IMN,CS20230722_SUBC_045,0.97,vFb.Prog1
AGGACGATCGACATAC_Hb2,251 NTS Dbh Glut,CS20230722_SUBC_251,0.59,Hb2
AGGACGATCGCGGTAC_Hb1,251 NTS Dbh Glut,CS20230722_SUBC_251,0.8,Hb1
AGGACTTAGGCTCTAT_vFb.Prog1,099 SBPV-PVa Six6 Satb2 Gaba,CS20230722_SUBC_099,0.37,vFb.Prog1
AGGACTTTCATCCTGC_Hb3,243 PGRN-PARN-MDRN Hoxb5 Glut,CS20230722_SUBC_243,0.45,Hb3
AGGACTTTCTCTGCTG_Hyp3,108 ARH-PVp Tbx3 Gaba,CS20230722_SUBC_108,0.36,Hyp3
AGGAGGTCACCGCTAG_pTub,251 NTS Dbh Glut,CS20230722_SUBC_251,0.82,pTub
AGGATAAAGAGGCCAT_Hyp3,102 DMH-LHA Gsx1 Gaba,CS20230722_SUBC_102,0.34,Hyp3
AGGATAACAGACCAGA_pTub,134 PH-ant-LHA Otp Bsx Glut,CS20230722_SUBC_134,0.67,pTub
AGGATAACAGCAGTAG_Hb1,251 NTS Dbh Glut,CS20230722_SUBC_251,0.59,Hb1
AGGATAATCGGAGATG_Hyp1,045 OB-STR-CTX Inh IMN,CS20230722_SUBC_045,0.98,Hyp1
AGGATCTCAACCAATC_vFb.Prog1,101 ZI Pax6 Gaba,CS20230722_SUBC_101,0.95,vFb.Prog1
AGGCATTTCTAAGCGT_Hb2,104 TU-ARH Otp Six6 Gaba,CS20230722_SUBC_104,0.27,Hb2
AGGCCACAGGCTCTAT_Hyp3,105 TMd-DMH Foxd2 Gaba,CS20230722_SUBC_105,0.47,Hyp3
AGGCCACGTCTGTGGC_Hyp1,103 PVHd-DMH Lhx6 Gaba,CS20230722_SUBC_103,0.53,Hyp1
AGGCCACTCAATGCAC_Hyp1,099 SBPV-PVa Six6 Satb2 Gaba,CS20230722_SUBC_099,0.22,Hyp1
AGGCTGCCAGAATGTA_Hb1,251 NTS Dbh Glut,CS20230722_SUBC_251,0.95,Hb1
AGGCTGCTCTGCCTGT_Hyp1,092 TMv-PMv Tbx3 Hist-Gaba,CS20230722_SUBC_092,0.52,Hyp1
AGGCTGCTCTTAATCC_vFb.Prog1,073 MEA-BST Sox6 Gaba,CS20230722_SUBC_073,0.28,vFb.Prog1
AGGGCTCAGCAAGCCA_Hyp3,104 TU-ARH Otp Six6 Gaba,CS20230722_SUBC_104,0.54,Hyp3
AGGGCTCGTATAATGG_Hyp2,095 DMH Prdm13 Gaba,CS20230722_SUBC_095,0.36,Hyp2
AGGGCTCTCGTCGGGT_vFb.Prog1,106 PVpo-VMPO-MPN Hmx2 Gaba,CS20230722_SUBC_106,0.51,vFb.Prog1
AGGGTCCAGAACCCGA_Hyp2,091 ARH-PVi Six6 Dopa-Gaba,CS20230722_SUBC_091,0.26,Hyp2
AGGGTCCTCTGGCTGG_Hyp1,045 OB-STR-CTX Inh IMN,CS20230722_SUBC_045,0.95,Hyp1
AGGGTGAAGTATGAGT_vFb.Prog1,101 ZI Pax6 Gaba,CS20230722_SUBC_101,0.5,vFb.Prog1
AGGGTGAAGTGGAATT_vFb.Prog2,252 DMX VII Tbx20 Chol,CS20230722_SUBC_252,0.57,vFb.Prog2
AGGGTGACATGCCATA_Hyp1,108 ARH-PVp Tbx3 Gaba,CS20230722_SUBC_108,0.32,Hyp1
AGGGTTTTCCCTTCCC_PrT,327 Oligo NN,CS20230722_SUBC_327,0.72,PrT
AGGGTTTTCTCGACCT_OB,039 OB Meis2 Thsd7b Gaba,CS20230722_SUBC_039,0.4,OB
AGGGTTTTCTCTCCGA_vFb.Prog2,252 DMX VII Tbx20 Chol,CS20230722_SUBC_252,0.74,vFb.Prog2
AGGTAGGGTGCCTTCT_vFb.Prog2,247 MV-SPIV Phox2b Ebf3 Lbx1 Glut,CS20230722_SUBC_247,0.36,vFb.Prog2
AGGTCTAAGACTCATC_vFb.Prog1,101 ZI Pax6 Gaba,CS20230722_SUBC_101,0.26,vFb.Prog1
AGGTCTAAGCTATCTG_Hb1,251 NTS Dbh Glut,CS20230722_SUBC_251,0.96,Hb1
AGGTGTTCACCGAATT_Hb2,251 NTS Dbh Glut,CS20230722_SUBC_251,0.86,Hb2
AGGTTACAGGCATTTC_Cb,045 OB-STR-CTX Inh IMN,CS20230722_SUBC_045,0.72,Cb
AGGTTACCAAGCGAGT_Hyp1,108 ARH-PVp Tbx3 Gaba,CS20230722_SUBC_108,0.39,Hyp1
AGGTTGTTCGTTAGAC_vFb.Prog1,102 DMH-LHA Gsx1 Gaba,CS20230722_SUBC_102,0.24,vFb.Prog1
AGTAACCTCAATGTCG_vFb.Prog1,182 CUN-PPN Evx2 Meis2 Glut,CS20230722_SUBC_182,0.79,vFb.Prog1
AGTACCACATCTCATT_vFb.Prog1,045 OB-STR-CTX Inh IMN,CS20230722_SUBC_045,0.42,vFb.Prog1
AGTACCACATGGAGAC_PrT,202 PRT Tcf7l2 Gaba,CS20230722_SUBC_202,0.37,PrT
AGTACCAGTCTAATCG_Hb1,251 NTS Dbh Glut,CS20230722_SUBC_251,0.82,Hb1
AGTACCATCAGCGGAA_Hb2,251 NTS Dbh Glut,CS20230722_SUBC_251,1.0,Hb2
AGTACCATCTCATAGG_vFb.Prog1,089 PVR Six3 Sox3 Gaba,CS20230722_SUBC_089,0.46,vFb.Prog1
AGTACTGAGAAGGCTC_Hyp1,102 DMH-LHA Gsx1 Gaba,CS20230722_SUBC_102,0.26,Hyp1
AGTACTGTCGGCTTCT_Hb1,251 NTS Dbh Glut,CS20230722_SUBC_251,0.89,Hb1
AGTAGTCAGCTTAAGA_vFb.Prog2,086 MPO-ADP Lhx8 Gaba,CS20230722_SUBC_086,0.26,vFb.Prog2
AGTAGTCCAGCCGTTG_Hb1,251 NTS Dbh Glut,CS20230722_SUBC_251,0.93,Hb1
AGTAGTCTCCATTTCA_vFb.Prog1,101 ZI Pax6 Gaba,CS20230722_SUBC_101,0.7,vFb.Prog1
AGTCAACTCCGTCAAA_vFb.Prog2,036 HPF CR Glut,CS20230722_SUBC_036,0.84,vFb.Prog2
AGTCACACAAGAAATC_vFb.Prog1,039 OB Meis2 Thsd7b Gaba,CS20230722_SUBC_039,0.43,vFb.Prog1
AGTCACACAGCATCTA_vFb.Prog2,098 AHN-SBPV-PVHd Pdrm12 Gaba,CS20230722_SUBC_098,0.48,vFb.Prog2
AGTCTCCAGATCCGAG_Hyp1,105 TMd-DMH Foxd2 Gaba,CS20230722_SUBC_105,0.27,Hyp1
AGTCTCCAGATTGAGT_PrT,202 PRT Tcf7l2 Gaba,CS20230722_SUBC_202,0.45,PrT
AGTCTCCAGTCTTCCC_DMX,252 DMX VII Tbx20 Chol,CS20230722_SUBC_252,0.75,DMX
AGTCTCCCAAGGTCGA_PrT,202 PRT Tcf7l2 Gaba,CS20230722_SUBC_202,0.43,PrT
AGTGACTCAAGGCCTC_Hb1,251 NTS Dbh Glut,CS20230722_SUBC_251,0.49,Hb1
AGTGACTGTAGGTTTC_vFb.Prog1,101 ZI Pax6 Gaba,CS20230722_SUBC_101,0.34,vFb.Prog1
AGTGATCCAATGTGGG_OB,039 OB Meis2 Thsd7b Gaba,CS20230722_SUBC_039,0.45,OB
AGTGCCGCAGGTGACA_Hyp2,098 AHN-SBPV-PVHd Pdrm12 Gaba,CS20230722_SUBC_098,0.22,Hyp2
AGTGCCGGTGTTGACT_vFb.Prog1,099 SBPV-PVa Six6 Satb2 Gaba,CS20230722_SUBC_099,0.29,vFb.Prog1
AGTGCCGTCGGTCATA_Hyp2,095 DMH Prdm13 Gaba,CS20230722_SUBC_095,0.21,Hyp2
AGTTAGCCAGTTGAAA_vFb.Prog2,252 DMX VII Tbx20 Chol,CS20230722_SUBC_252,0.38,vFb.Prog2
AGTTAGCGTGGAAATT_vFb.Prog2,101 ZI Pax6 Gaba,CS20230722_SUBC_101,0.33,vFb.Prog2
AGTTCCCAGTGATAGT_Hyp2,108 ARH-PVp Tbx3 Gaba,CS20230722_SUBC_108,0.37,Hyp2
AGTTCCCTCTCAATCT_vFb.Prog1,251 NTS Dbh Glut,CS20230722_SUBC_251,0.39,vFb.Prog1
AGTTCGACACCGGAAA_Hyp3,237 PRP-NI-PRNc-GRN Otp Glut,CS20230722_SUBC_237,0.49,Hyp3
AGTTCGAGTCGGATTT_pTub,237 PRP-NI-PRNc-GRN Otp Glut,CS20230722_SUBC_237,0.65,pTub
AGTTCGATCATGGATC_PrT,203 LGv-SPFp-SPFm Nkx2-2 Tcf7l2 Gaba,CS20230722_SUBC_203,0.54,PrT
ATACCGAGTAGTTAGA_vFb.Prog1,129 VMH Nr5a1 Glut,CS20230722_SUBC_129,0.26,vFb.Prog1
ATACCTTAGAAACTCA_Hb2,251 NTS Dbh Glut,CS20230722_SUBC_251,0.7,Hb2
ATACCTTGTGGAGAAA_Hyp3,251 NTS Dbh Glut,CS20230722_SUBC_251,0.67,Hyp3
ATACCTTTCGTCCTTG_Hb1,251 NTS Dbh Glut,CS20230722_SUBC_251,0.83,Hb1
ATACTTCAGTATGGAT_Hyp1,092 TMv-PMv Tbx3 Hist-Gaba,CS20230722_SUBC_092,0.22,Hyp1
ATACTTCCACTTGGCG_Hyp3,038 DG-PIR Ex IMN,CS20230722_SUBC_038,0.99,Hyp3
ATAGACCAGCGGCTCT_vFb.Prog2,132 AHN-RCH-LHA Otp Fezf1 Glut,CS20230722_SUBC_132,0.54,vFb.Prog2
ATAGAGACATTGTGCA_vFb.Prog1,102 DMH-LHA Gsx1 Gaba,CS20230722_SUBC_102,0.4,vFb.Prog1
ATAGGCTAGCTCCCTT_Hb2,251 NTS Dbh Glut,CS20230722_SUBC_251,0.62,Hb2
ATCACAGGTGGTCTTA_Hyp1,108 ARH-PVp Tbx3 Gaba,CS20230722_SUBC_108,0.42,Hyp1
ATCACGAAGTAGGGTC_vFb.Prog1,173 PAG Pou4f2 Glut,CS20230722_SUBC_173,0.31,vFb.Prog1
ATCACGATCACCATCC_pTub,252 DMX VII Tbx20 Chol,CS20230722_SUBC_252,0.57,pTub
ATCACTTTCCCGATCT_Hyp3,094 SCH Six6 Cdc14a Gaba,CS20230722_SUBC_094,0.38,Hyp3
ATCAGGTAGGCTCAAG_Hyp3,045 OB-STR-CTX Inh IMN,CS20230722_SUBC_045,0.57,Hyp3
ATCATTCAGGCGTTAG_Hyp2,045 OB-STR-CTX Inh IMN,CS20230722_SUBC_045,0.92,Hyp2
ATCCATTCAGAGTCAG_vFb.Prog2,094 SCH Six6 Cdc14a Gaba,CS20230722_SUBC_094,0.31,vFb.Prog2
ATCCGTCCACTAGAGG_Hb1,251 NTS Dbh Glut,CS20230722_SUBC_251,0.57,Hb1
ATCCGTCGTCGACGCT_Hb2,251 NTS Dbh Glut,CS20230722_SUBC_251,0.94,Hb2
ATCCGTCTCATCAGTG_Hyp3,094 SCH Six6 Cdc14a Gaba,CS20230722_SUBC_094,0.34,Hyp3
ATCCGTCTCGCAGTCG_Hyp1,095 DMH Prdm13 Gaba,CS20230722_SUBC_095,0.25,Hyp1
ATCCTATAGACATCCT_Hb2,251 NTS Dbh Glut,CS20230722_SUBC_251,0.91,Hb2
ATCCTATAGCCAAGTG_pTub,134 PH-ant-LHA Otp Bsx Glut,CS20230722_SUBC_134,0.42,pTub
ATCCTATCAAATGAGT_Hyp3,095 DMH Prdm13 Gaba,CS20230722_SUBC_095,0.28,Hyp3
ATCCTATGTAACAAGT_vFb.Prog1,045 OB-STR-CTX Inh IMN,CS20230722_SUBC_045,0.81,vFb.Prog1
ATCCTATGTAATGCTC_pTub,243 PGRN-PARN-MDRN Hoxb5 Glut,CS20230722_SUBC_243,0.42,pTub
ATCGATGGTTTAGACC_vFb.Prog2,267 CS-PRNr-PCG Tmem163 Otp Gaba,CS20230722_SUBC_267,0.32,vFb.Prog2
ATCGCCTGTAAGATTG_vFb.Prog2,243 PGRN-PARN-MDRN Hoxb5 Glut,CS20230722_SUBC_243,0.33,vFb.Prog2
ATCGCCTTCTAGCAAC_Hb2,251 NTS Dbh Glut,CS20230722_SUBC_251,0.51,Hb2
ATCGCCTTCTTGGAAC_vFb.Prog1,085 SI-MPO-LPO Lhx8 Gaba,CS20230722_SUBC_085,0.27,vFb.Prog1
ATCGGATGTTTACACG_Hyp2,108 ARH-PVp Tbx3 Gaba,CS20230722_SUBC_108,0.28,Hyp2
ATCGTAGTCGATTTCT_Hyp2,322 Tanycyte NN,CS20230722_SUBC_322,0.77,Hyp2
ATCGTCCAGTGATGGC_OB,044 OB Dopa-Gaba,CS20230722_SUBC_044,0.6,OB
ATCGTGATCCATTCGC_vFb.Prog2,045 OB-STR-CTX Inh IMN,CS20230722_SUBC_045,1.0,vFb.Prog2
ATCTCTACACCATTCC_vFb.Prog1,099 SBPV-PVa Six6 Satb2 Gaba,CS20230722_SUBC_099,0.55,vFb.Prog1
ATCTCTAGTGGAACAC_Hyp2,095 DMH Prdm13 Gaba,CS20230722_SUBC_095,0.19,Hyp2
ATCTTCACACGTCATA_pTub,134 PH-ant-LHA Otp Bsx Glut,CS20230722_SUBC_134,0.98,pTub
ATCTTCAGTCGGAACA_vFb.Prog2,045 OB-STR-CTX Inh IMN,CS20230722_SUBC_045,0.93,vFb.Prog2
ATCTTCATCTAGGAAA_pTub,134 PH-ant-LHA Otp Bsx Glut,CS20230722_SUBC_134,0.39,pTub
ATGAAAGCACTCCGAG_Hyp1,097 PVHd-SBPV Six3 Prox1 Gaba,CS20230722_SUBC_097,0.35,Hyp1
ATGAAAGCAGCGAACA_pTub,134 PH-ant-LHA Otp Bsx Glut,CS20230722_SUBC_134,0.43,pTub
ATGAAAGTCACTTATC_vFb.Prog2,222 PB Evx2 Glut,CS20230722_SUBC_222,0.28,vFb.Prog2
ATGAAAGTCTCACTCG_Hb3,251 NTS Dbh Glut,CS20230722_SUBC_251,0.34,Hb3
ATGACCAAGGTCCCGT_Hyp1,095 DMH Prdm13 Gaba,CS20230722_SUBC_095,0.25,Hyp1
ATGACCATCGCTAATG_Hyp1,095 DMH Prdm13 Gaba,CS20230722_SUBC_095,0.21,Hyp1
ATGAGGGGTATCGCGC_Hb3,243 PGRN-PARN-MDRN Hoxb5 Glut,CS20230722_SUBC_243,0.39,Hb3
ATGAGGGTCGGTGCAC_PrT,202 PRT Tcf7l2 Gaba,CS20230722_SUBC_202,0.78,PrT
ATGAGGGTCTAGCCTC_Hb1,251 NTS Dbh Glut,CS20230722_SUBC_251,0.61,Hb1
ATGAGTCCACGAAGAC_vFb.Prog1,238 NTS Phox2b Glut,CS20230722_SUBC_238,0.52,vFb.Prog1
ATGAGTCGTTAAGGAT_Hb1,133 PVH-SO-PVa Otp Glut,CS20230722_SUBC_133,0.35,Hb1
ATGAGTCGTTCGGTAT_pTub,237 PRP-NI-PRNc-GRN Otp Glut,CS20230722_SUBC_237,0.52,pTub
ATGATCGAGTAATCCC_Hyp1,102 DMH-LHA Gsx1 Gaba,CS20230722_SUBC_102,0.34,Hyp1
ATGATCGCAGCGTAGA_Hb2,251 NTS Dbh Glut,CS20230722_SUBC_251,0.36,Hb2
ATGATCGGTAATGTGA_vFb.Prog1,098 AHN-SBPV-PVHd Pdrm12 Gaba,CS20230722_SUBC_098,0.32,vFb.Prog1
ATGATCGTCTTCTGGC_vFb.Prog2,322 Tanycyte NN,CS20230722_SUBC_322,0.33,vFb.Prog2
ATGCATGAGCAGTCTT_vFb.Prog2,264 PRNc Otp Gly-Gaba,CS20230722_SUBC_264,0.36,vFb.Prog2
ATGCATGCACCTGCGA_vFb.Prog2,201 PAG-RN Nkx2-2 Otx1 Gaba,CS20230722_SUBC_201,0.31,vFb.Prog2
ATGCATGTCAACGTGT_Hyp3,045 OB-STR-CTX Inh IMN,CS20230722_SUBC_045,0.76,Hyp3
ATGCCTCAGAACCCGA_DMX,252 DMX VII Tbx20 Chol,CS20230722_SUBC_252,0.86,DMX
ATGCCTCTCCCGAGTG_vFb.Prog1,201 PAG-RN Nkx2-2 Otx1 Gaba,CS20230722_SUBC_201,0.3,vFb.Prog1
ATGCCTCTCTTGTTAC_Hyp1,094 SCH Six6 Cdc14a Gaba,CS20230722_SUBC_094,0.34,Hyp1
ATGCGATAGCATGGGT_vFb.Prog2,327 Oligo NN,CS20230722_SUBC_327,1.0,vFb.Prog2
ATGCGATAGGATACGC_pTub,118 ADP-MPO Trp73 Glut,CS20230722_SUBC_118,0.56,pTub
ATGCGATTCGCTGATA_PrT,210 PRT Mecom Gaba,CS20230722_SUBC_210,0.19,PrT
ATGGAGGAGGTTAAAC_pTub,134 PH-ant-LHA Otp Bsx Glut,CS20230722_SUBC_134,0.83,pTub
ATGGAGGGTCGTATGT_PrT,202 PRT Tcf7l2 Gaba,CS20230722_SUBC_202,0.71,PrT
ATGGAGGGTTGGCCTG_vFb.Prog1,285 MY Lhx1 Gly-Gaba,CS20230722_SUBC_285,0.51,vFb.Prog1
ATGGATCAGCAATAGT_Hb1,251 NTS Dbh Glut,CS20230722_SUBC_251,0.93,Hb1
ATGGATCGTAACCAGG_PrT,201 PAG-RN Nkx2-2 Otx1 Gaba,CS20230722_SUBC_201,0.36,PrT
ATGGGAGAGTGAACAT_Hb2,251 NTS Dbh Glut,CS20230722_SUBC_251,0.96,Hb2
ATGGGAGCAGAGGCAT_Hyp2,045 OB-STR-CTX Inh IMN,CS20230722_SUBC_045,1.0,Hyp2
ATGGGAGGTAACCCTA_vFb.Prog1,304 NTS-PARN Neurod2 Gly-Gaba,CS20230722_SUBC_304,0.53,vFb.Prog1
ATGGTTGAGCATCGAG_PrT,202 PRT Tcf7l2 Gaba,CS20230722_SUBC_202,0.7,PrT
ATGGTTGAGGCGTTGA_OB,044 OB Dopa-Gaba,CS20230722_SUBC_044,0.51,OB
ATGGTTGAGTACAACA_DMX,252 DMX VII Tbx20 Chol,CS20230722_SUBC_252,0.62,DMX
ATGGTTGTCAGGGTAG_vFb.Prog2,043 OB-mi Frmd7 Gaba,CS20230722_SUBC_043,0.35,vFb.Prog2
ATGTCCCTCATGGAGG_Hb3,251 NTS Dbh Glut,CS20230722_SUBC_251,0.41,Hb3
ATGTCTTGTGATGTAA_vFb.Prog1,304 NTS-PARN Neurod2 Gly-Gaba,CS20230722_SUBC_304,0.34,vFb.Prog1
ATTACCTAGAGTCAAT_vFb.Prog2,103 PVHd-DMH Lhx6 Gaba,CS20230722_SUBC_103,0.59,vFb.Prog2
ATTACTCGTGTTTACG_vFb.Prog2,101 ZI Pax6 Gaba,CS20230722_SUBC_101,0.34,vFb.Prog2
ATTATCCAGCCGTTAT_vFb.Prog1,106 PVpo-VMPO-MPN Hmx2 Gaba,CS20230722_SUBC_106,0.33,vFb.Prog1
ATTATCCCAGACGGAT_Hyp3,039 OB Meis2 Thsd7b Gaba,CS20230722_SUBC_039,0.57,Hyp3
ATTATCCTCCGAAATC_Hyp3,101 ZI Pax6 Gaba,CS20230722_SUBC_101,0.25,Hyp3
ATTCACTGTGGTCTTA_Cb,045 OB-STR-CTX Inh IMN,CS20230722_SUBC_045,0.84,Cb
ATTCAGGAGCTGTGCC_vFb.Prog1,106 PVpo-VMPO-MPN Hmx2 Gaba,CS20230722_SUBC_106,0.37,vFb.Prog1
ATTCAGGGTGCAGATG_Hyp3,103 PVHd-DMH Lhx6 Gaba,CS20230722_SUBC_103,0.29,Hyp3
ATTCATCCATAACCCA_Hyp2,045 OB-STR-CTX Inh IMN,CS20230722_SUBC_045,1.0,Hyp2
ATTCCATAGGTTATAG_Hb1,251 NTS Dbh Glut,CS20230722_SUBC_251,1.0,Hb1
ATTCCATGTCACGACC_Hyp2,095 DMH Prdm13 Gaba,CS20230722_SUBC_095,0.32,Hyp2
ATTCCCGAGCCTCTGG_OB,043 OB-mi Frmd7 Gaba,CS20230722_SUBC_043,0.39,OB
ATTCCCGCACTGCATA_Hb1,251 NTS Dbh Glut,CS20230722_SUBC_251,0.92,Hb1
ATTCCCGGTCCCGTGA_Hyp1,105 TMd-DMH Foxd2 Gaba,CS20230722_SUBC_105,0.28,Hyp1
ATTCCCGTCGAGAAGC_Hb1,251 NTS Dbh Glut,CS20230722_SUBC_251,0.82,Hb1
ATTCCCGTCGTGTTCC_vFb.Prog2,073 MEA-BST Sox6 Gaba,CS20230722_SUBC_073,0.52,vFb.Prog2
ATTCCTACACAAGCAG_vFb.Prog2,182 CUN-PPN Evx2 Meis2 Glut,CS20230722_SUBC_182,0.58,vFb.Prog2
ATTCCTAGTGTACATC_Hb2,217 PB Lmx1a Glut,CS20230722_SUBC_217,0.49,Hb2
ATTCGTTAGTACGTCT_PrT,202 PRT Tcf7l2 Gaba,CS20230722_SUBC_202,0.55,PrT
ATTCGTTGTACTCCGG_Hyp3,075 MEA-BST Lhx6 Nr2e1 Gaba,CS20230722_SUBC_075,0.28,Hyp3
ATTCTACCAGCTTTGA_Hyp2,108 ARH-PVp Tbx3 Gaba,CS20230722_SUBC_108,0.24,Hyp2
ATTCTACCATTCACAG_Hb3,238 NTS Phox2b Glut,CS20230722_SUBC_238,0.56,Hb3
ATTCTTGCACTGTCCT_vFb.Prog2,043 OB-mi Frmd7 Gaba,CS20230722_SUBC_043,0.53,vFb.Prog2
ATTCTTGGTCTTTATC_pTub,251 NTS Dbh Glut,CS20230722_SUBC_251,0.64,pTub
ATTGGGTGTCTCGCGA_Hyp1,097 PVHd-SBPV Six3 Prox1 Gaba,CS20230722_SUBC_097,0.26,Hyp1
ATTGGGTTCTGGCCTT_vFb.Prog2,298 PRP Gata3 Slc6a5 Gly-Gaba,CS20230722_SUBC_298,0.61,vFb.Prog2
ATTGTTCAGATACTGA_Hb2,251 NTS Dbh Glut,CS20230722_SUBC_251,0.73,Hb2
ATTGTTCAGTAAACGT_vFb.Prog1,277 DTN-LDT-IPN Otp Pax3 Gaba,CS20230722_SUBC_277,0.36,vFb.Prog1
ATTGTTCCATGGCCAC_pTub,134 PH-ant-LHA Otp Bsx Glut,CS20230722_SUBC_134,0.48,pTub
ATTGTTCTCAGGACGA_vFb.Prog1,304 NTS-PARN Neurod2 Gly-Gaba,CS20230722_SUBC_304,0.43,vFb.Prog1
ATTTACCAGGACAAGA_Hyp3,326 OPC NN,CS20230722_SUBC_326,0.62,Hyp3
ATTTCACTCCGAAATC_vFb.Prog1,091 ARH-PVi Six6 Dopa-Gaba,CS20230722_SUBC_091,0.19,vFb.Prog1
ATTTCTGAGAGTATAC_Hyp1,107 DMH Hmx2 Gaba,CS20230722_SUBC_107,0.23,Hyp1
ATTTCTGAGGAACGAA_vFb.Prog2,251 NTS Dbh Glut,CS20230722_SUBC_251,0.36,vFb.Prog2
ATTTCTGCAAGTATCC_Hyp1,107 DMH Hmx2 Gaba,CS20230722_SUBC_107,0.52,Hyp1
ATTTCTGCATCGGTTA_Hb1,251 NTS Dbh Glut,CS20230722_SUBC_251,0.87,Hb1
ATTTCTGCATTCAGGT_vFb.Prog1,045 OB-STR-CTX Inh IMN,CS20230722_SUBC_045,0.52,vFb.Prog1
CAAAGAAAGATGGCGT_Hb2,251 NTS Dbh Glut,CS20230722_SUBC_251,1.0,Hb2
CAAAGAACAGAGTTCT_Cb,038 DG-PIR Ex IMN,CS20230722_SUBC_038,1.0,Cb
CAACAACAGTCGTCTA_Hb2,251 NTS Dbh Glut,CS20230722_SUBC_251,0.99,Hb2
CAACAACTCAGTCTTT_vFb.Prog1,203 LGv-SPFp-SPFm Nkx2-2 Tcf7l2 Gaba,CS20230722_SUBC_203,0.35,vFb.Prog1
CAACAGTGTGGACTGA_vFb.Prog2,243 PGRN-PARN-MDRN Hoxb5 Glut,CS20230722_SUBC_243,0.25,vFb.Prog2
CAACCAAAGCTACTAC_Hb1,251 NTS Dbh Glut,CS20230722_SUBC_251,0.46,Hb1
CAACCAAGTGTGATGG_Hb3,251 NTS Dbh Glut,CS20230722_SUBC_251,0.35,Hb3
CAACCAATCGACACCG_Hyp3,134 PH-ant-LHA Otp Bsx Glut,CS20230722_SUBC_134,0.57,Hyp3
CAACCTCTCGAGTACT_Hyp1,327 Oligo NN,CS20230722_SUBC_327,0.81,Hyp1
CAACGATGTCAGTCCG_Hyp1,103 PVHd-DMH Lhx6 Gaba,CS20230722_SUBC_103,0.32,Hyp1
CAACGGCGTCACGTGC_Hyp3,107 DMH Hmx2 Gaba,CS20230722_SUBC_107,0.37,Hyp3
CAACGGCTCCAGCAAT_PrT,203 LGv-SPFp-SPFm Nkx2-2 Tcf7l2 Gaba,CS20230722_SUBC_203,0.29,PrT
CAAGAGGAGCGATTCT_vFb.Prog1,091 ARH-PVi Six6 Dopa-Gaba,CS20230722_SUBC_091,0.61,vFb.Prog1
CAAGAGGGTACGGGAT_PrT,202 PRT Tcf7l2 Gaba,CS20230722_SUBC_202,0.35,PrT
CAAGAGGTCTCTTGCG_Hb2,251 NTS Dbh Glut,CS20230722_SUBC_251,0.69,Hb2
CAAGCTACAGTCGCTG_vFb.Prog1,101 ZI Pax6 Gaba,CS20230722_SUBC_101,0.66,vFb.Prog1
CAAGCTAGTACCGTCG_Cb,038 DG-PIR Ex IMN,CS20230722_SUBC_038,1.0,Cb
CAAGGGACAGAGTGTG_Hb1,251 NTS Dbh Glut,CS20230722_SUBC_251,0.78,Hb1
CAAGGGATCCGTGGCA_Hb2,251 NTS Dbh Glut,CS20230722_SUBC_251,0.88,Hb2
CAATACGTCGGTGAAG_Hyp2,108 ARH-PVp Tbx3 Gaba,CS20230722_SUBC_108,0.24,Hyp2
CAATCGACACACCTTC_vFb.Prog1,108 ARH-PVp Tbx3 Gaba,CS20230722_SUBC_108,0.28,vFb.Prog1
CAATCGACACGCCAGT_Hyp1,102 DMH-LHA Gsx1 Gaba,CS20230722_SUBC_102,0.29,Hyp1
CAATGACAGCTATCCA_vFb.Prog2,101 ZI Pax6 Gaba,CS20230722_SUBC_101,0.58,vFb.Prog2
CAATGACAGGTTTACC_vFb.Prog1,076 MEA-BST Lhx6 Nfib Gaba,CS20230722_SUBC_076,0.21,vFb.Prog1
CAATGACAGTTGCGAG_Hb2,251 NTS Dbh Glut,CS20230722_SUBC_251,0.81,Hb2
CAATGACTCGATGCAT_Hb1,251 NTS Dbh Glut,CS20230722_SUBC_251,0.89,Hb1
CAATTTCAGTTCGCAT_Hb2,251 NTS Dbh Glut,CS20230722_SUBC_251,0.67,Hb2
CAATTTCTCCAACCGG_Hyp3,103 PVHd-DMH Lhx6 Gaba,CS20230722_SUBC_103,0.27,Hyp3
CACAACACAACCGACC_vFb.Prog1,243 PGRN-PARN-MDRN Hoxb5 Glut,CS20230722_SUBC_243,0.28,vFb.Prog1
CACAACAGTTGTACGT_PrT,202 PRT Tcf7l2 Gaba,CS20230722_SUBC_202,0.41,PrT
CACAACATCGCCTTTG_pTub,134 PH-ant-LHA Otp Bsx Glut,CS20230722_SUBC_134,0.6,pTub
CACAACATCTCTATAC_vFb.Prog2,045 OB-STR-CTX Inh IMN,CS20230722_SUBC_045,0.99,vFb.Prog2
CACACAAGTACGTTCA_PrT,210 PRT Mecom Gaba,CS20230722_SUBC_210,0.23,PrT
CACACAAGTAGTCCTA_vFb.Prog1,327 Oligo NN,CS20230722_SUBC_327,0.53,vFb.Prog1
CACAGATTCGTAGCTA_Hyp3,099 SBPV-PVa Six6 Satb2 Gaba,CS20230722_SUBC_099,0.4,Hyp3
CACAGGCTCGGTGTTA_vFb.Prog1,224 PCG-PRNr Vsx2 Nkx6-1 Glut,CS20230722_SUBC_224,0.61,vFb.Prog1
CACATGAAGCCTGAAG_pTub,131 LHA-AHN-PVH Otp Trh Glut,CS20230722_SUBC_131,0.64,pTub
CACATGACAACTGAAA_pTub,133 PVH-SO-PVa Otp Glut,CS20230722_SUBC_133,0.24,pTub
CACATGAGTACAGAGC_Hb3,243 PGRN-PARN-MDRN Hoxb5 Glut,CS20230722_SUBC_243,0.46,Hb3
CACCAAACAAACAGGC_vFb.Prog2,093 RT-ZI Gnb3 Gaba,CS20230722_SUBC_093,0.35,vFb.Prog2
CACCAAATCAGTGCGC_Hyp3,094 SCH Six6 Cdc14a Gaba,CS20230722_SUBC_094,0.52,Hyp3
CACCGTTCAGACACCC_vFb.Prog2,101 ZI Pax6 Gaba,CS20230722_SUBC_101,0.85,vFb.Prog2
CACCGTTCAGGTATGG_pTub,134 PH-ant-LHA Otp Bsx Glut,CS20230722_SUBC_134,0.79,pTub
CACCGTTTCCATCTCG_Hb1,251 NTS Dbh Glut,CS20230722_SUBC_251,0.93,Hb1
CACGAATAGAGTGACC_Cb,304 NTS-PARN Neurod2 Gly-Gaba,CS20230722_SUBC_304,0.47,Cb
CACGAATTCCATCTGC_Hyp2,133 PVH-SO-PVa Otp Glut,CS20230722_SUBC_133,0.32,Hyp2
CACGGGTGTTATGTCG_Hb1,251 NTS Dbh Glut,CS20230722_SUBC_251,0.98,Hb1
CACGTGGCACTTGAAC_Hyp2,100 AHN Onecut3 Gaba,CS20230722_SUBC_100,0.29,Hyp2
CACGTGGGTTCTCAGA_Hyp3,327 Oligo NN,CS20230722_SUBC_327,0.96,Hyp3
CACGTGGTCCGTTTCG_PrT,045 OB-STR-CTX Inh IMN,CS20230722_SUBC_045,0.62,PrT
CACGTGGTCTGAGGCC_Hyp1,106 PVpo-VMPO-MPN Hmx2 Gaba,CS20230722_SUBC_106,0.16,Hyp1
CACGTTCTCAGAGCAG_Hyp3,038 DG-PIR Ex IMN,CS20230722_SUBC_038,0.67,Hyp3
CACTAAGGTCCGGACT_Hyp1,048 RHP-COA Ndnf Gaba,CS20230722_SUBC_048,0.54,Hyp1
CACTAAGTCGGACTGC_pTub,140 PMd-LHA Foxb1 Glut,CS20230722_SUBC_140,0.36,pTub
CACTAAGTCTCCGAGG_vFb.Prog2,038 DG-PIR Ex IMN,CS20230722_SUBC_038,1.0,vFb.Prog2
CACTGAAAGCTGGCCT_DMX,252 DMX VII Tbx20 Chol,CS20230722_SUBC_252,0.79,DMX
CACTGAATCTCGCCTA_Hb1,251 NTS Dbh Glut,CS20230722_SUBC_251,0.84,Hb1
CACTGGGTCGGTCGAC_vFb.Prog1,172 PAG Pou4f1 Ebf2 Glut,CS20230722_SUBC_172,0.54,vFb.Prog1
CACTTCGAGAAACTGT_vFb.Prog2,038 DG-PIR Ex IMN,CS20230722_SUBC_038,1.0,vFb.Prog2
CACTTCGTCAGTCTTT_Hyp2,045 OB-STR-CTX Inh IMN,CS20230722_SUBC_045,0.98,Hyp2
CAGATACCATACCGTA_OB,043 OB-mi Frmd7 Gaba,CS20230722_SUBC_043,0.42,OB
CAGATACGTTAAGTCC_Hb2,251 NTS Dbh Glut,CS20230722_SUBC_251,0.44,Hb2
CAGATCAAGTAAGGGA_Hyp1,319 Astro-TE NN,CS20230722_SUBC_319,0.7,Hyp1
CAGATCATCAAGAAAC_Hb3,251 NTS Dbh Glut,CS20230722_SUBC_251,0.47,Hb3
CAGATTGTCATAGCAC_pTub,133 PVH-SO-PVa Otp Glut,CS20230722_SUBC_133,0.39,pTub
CAGATTGTCCACGTCT_Hyp2,108 ARH-PVp Tbx3 Gaba,CS20230722_SUBC_108,0.34,Hyp2
CAGCACGCAAGAAATC_Hb3,243 PGRN-PARN-MDRN Hoxb5 Glut,CS20230722_SUBC_243,0.53,Hb3
CAGCACGCATCCCACT_Hb1,251 NTS Dbh Glut,CS20230722_SUBC_251,0.92,Hb1
CAGCACGTCCTCTTTC_pTub,134 PH-ant-LHA Otp Bsx Glut,CS20230722_SUBC_134,0.89,pTub
CAGCACGTCTCGCGTT_vFb.Prog2,045 OB-STR-CTX Inh IMN,CS20230722_SUBC_045,0.82,vFb.Prog2
CAGCAGCCAGGCGAAT_pTub,132 AHN-RCH-LHA Otp Fezf1 Glut,CS20230722_SUBC_132,0.41,pTub
CAGCAGCTCGGATAAA_Hyp1,099 SBPV-PVa Six6 Satb2 Gaba,CS20230722_SUBC_099,0.4,Hyp1
CAGCAGCTCGTGTCAA_Hb1,251 NTS Dbh Glut,CS20230722_SUBC_251,0.8,Hb1
CAGCCAGCACAGTCGC_vFb.Prog1,222 PB Evx2 Glut,CS20230722_SUBC_222,0.74,vFb.Prog1
CAGCCAGCAGCCTATA_Hyp1,097 PVHd-SBPV Six3 Prox1 Gaba,CS20230722_SUBC_097,0.25,Hyp1
CAGCGTGAGGAAACGA_PrT,099 SBPV-PVa Six6 Satb2 Gaba,CS20230722_SUBC_099,0.38,PrT
CAGCGTGTCAGTGTGT_vFb.Prog1,070 LSX Prdm12 Slit2 Gaba,CS20230722_SUBC_070,0.36,vFb.Prog1
CAGCGTGTCCCGAAAT_vFb.Prog2,251 NTS Dbh Glut,CS20230722_SUBC_251,0.63,vFb.Prog2
CAGGTATGTCGCATGC_OB,044 OB Dopa-Gaba,CS20230722_SUBC_044,0.66,OB
CAGGTATTCACCATGA_vFb.Prog1,037 DG Glut,CS20230722_SUBC_037,0.63,vFb.Prog1
CAGTGCGCACGGGCTT_PrT,202 PRT Tcf7l2 Gaba,CS20230722_SUBC_202,0.45,PrT
CAGTTAGCACTAGAGG_Hb2,251 NTS Dbh Glut,CS20230722_SUBC_251,0.69,Hb2
CAGTTAGTCTTACACT_vFb.Prog1,045 OB-STR-CTX Inh IMN,CS20230722_SUBC_045,0.96,vFb.Prog1
CAGTTCCCAACCTATG_Hyp3,102 DMH-LHA Gsx1 Gaba,CS20230722_SUBC_102,0.32,Hyp3
CAGTTCCCAAGTGTCT_PrT,202 PRT Tcf7l2 Gaba,CS20230722_SUBC_202,0.48,PrT
CAGTTCCGTTCCTAGA_vFb.Prog1,091 ARH-PVi Six6 Dopa-Gaba,CS20230722_SUBC_091,0.55,vFb.Prog1
CAGTTCCTCTAGCCAA_vFb.Prog1,101 ZI Pax6 Gaba,CS20230722_SUBC_101,0.57,vFb.Prog1
CAGTTCCTCTCATTTG_Hyp1,103 PVHd-DMH Lhx6 Gaba,CS20230722_SUBC_103,0.35,Hyp1
CATAAGCTCACGGTCG_Hyp2,045 OB-STR-CTX Inh IMN,CS20230722_SUBC_045,0.88,Hyp2
CATACCCCAGCATTGT_Hyp1,105 TMd-DMH Foxd2 Gaba,CS20230722_SUBC_105,0.24,Hyp1
CATAGACAGCCTTCTC_PrT,202 PRT Tcf7l2 Gaba,CS20230722_SUBC_202,0.4,PrT
CATCAAGCAAGCCCAC_pTub,140 PMd-LHA Foxb1 Glut,CS20230722_SUBC_140,0.58,pTub
CATCAAGCACACGTGC_vFb.Prog1,300 PARN-MDRNd-NTS Gbx2 Gly-Gaba,CS20230722_SUBC_300,0.78,vFb.Prog1
CATCCACAGCTTGTGT_pTub,184 PAG Tcf24 Glut,CS20230722_SUBC_184,0.65,pTub
CATCCACAGGATACAT_pTub,101 ZI Pax6 Gaba,CS20230722_SUBC_101,0.28,pTub
CATCCCAGTTGTGGAG_Hb1,251 NTS Dbh Glut,CS20230722_SUBC_251,0.53,Hb1
CATCCCATCTTGAGCA_Hyp3,094 SCH Six6 Cdc14a Gaba,CS20230722_SUBC_094,0.35,Hyp3
CATCCGTGTGCCTATA_Hyp3,327 Oligo NN,CS20230722_SUBC_327,0.63,Hyp3
CATCGGGAGAAGATCT_Hb1,251 NTS Dbh Glut,CS20230722_SUBC_251,0.81,Hb1
CATCGGGAGGGCAGTT_vFb.Prog2,038 DG-PIR Ex IMN,CS20230722_SUBC_038,1.0,vFb.Prog2
CATCGGGCATCGCTCT_Hyp2,094 SCH Six6 Cdc14a Gaba,CS20230722_SUBC_094,0.22,Hyp2
CATCGGGGTACGACTT_vFb.Prog1,213 SCsg Gabrr2 Gaba,CS20230722_SUBC_213,0.34,vFb.Prog1
CATCGGGGTGCTGATT_Hb1,251 NTS Dbh Glut,CS20230722_SUBC_251,0.72,Hb1
CATCGGGTCTCTCTTC_vFb.Prog2,101 ZI Pax6 Gaba,CS20230722_SUBC_101,0.4,vFb.Prog2
CATCGTCAGTTGCGAG_Hyp3,045 OB-STR-CTX Inh IMN,CS20230722_SUBC_045,0.55,Hyp3
CATCGTCGTGATAGTA_vFb.Prog2,101 ZI Pax6 Gaba,CS20230722_SUBC_101,0.41,vFb.Prog2
CATGAGTCAACTGCCG_vFb.Prog1,099 SBPV-PVa Six6 Satb2 Gaba,CS20230722_SUBC_099,0.3,vFb.Prog1
CATGCAAAGTCGCTAT_Hb1,251 NTS Dbh Glut,CS20230722_SUBC_251,0.91,Hb1
CATGCAATCTAGGCCG_Hb1,251 NTS Dbh Glut,CS20230722_SUBC_251,0.99,Hb1
CATGCCTAGGGCAGTT_Hyp2,108 ARH-PVp Tbx3 Gaba,CS20230722_SUBC_108,0.26,Hyp2
CATGCCTCATTGCTTT_pTub,140 PMd-LHA Foxb1 Glut,CS20230722_SUBC_140,0.33,pTub
CATGCCTGTCGGATTT_OB,045 OB-STR-CTX Inh IMN,CS20230722_SUBC_045,0.45,OB
CATGCTCCAGCGTACC_Hb2,251 NTS Dbh Glut,CS20230722_SUBC_251,0.83,Hb2
CATGCTCCATGGAACG_Hb3,243 PGRN-PARN-MDRN Hoxb5 Glut,CS20230722_SUBC_243,0.35,Hb3
CATGCTCGTATCTCTT_vFb.Prog2,238 NTS Phox2b Glut,CS20230722_SUBC_238,0.43,vFb.Prog2
CATGGATAGCCTTTGA_pTub,237 PRP-NI-PRNc-GRN Otp Glut,CS20230722_SUBC_237,0.59,pTub
CATGGATGTACGTTCA_vFb.Prog1,168 SPA-SPFm-SPFp-POL-PIL-PoT Sp9 Glut,CS20230722_SUBC_168,0.26,vFb.Prog1
CATGGTACAAATACAG_Cb,045 OB-STR-CTX Inh IMN,CS20230722_SUBC_045,1.0,Cb
CATGGTAGTCGCATGC_Hb1,238 NTS Phox2b Glut,CS20230722_SUBC_238,0.57,Hb1
CATTCATAGGTTGACG_vFb.Prog1,130 LHA Pmch Glut,CS20230722_SUBC_130,0.37,vFb.Prog1
CATTCATCACCGTCGA_Hb1,251 NTS Dbh Glut,CS20230722_SUBC_251,0.82,Hb1
CATTCCGCATCTGGGC_vFb.Prog1,106 PVpo-VMPO-MPN Hmx2 Gaba,CS20230722_SUBC_106,0.22,vFb.Prog1
CATTCTAAGAGAGCAA_Hb2,238 NTS Phox2b Glut,CS20230722_SUBC_238,0.5,Hb2
CATTCTAAGCGTATAA_Hb2,251 NTS Dbh Glut,CS20230722_SUBC_251,0.91,Hb2
CATTCTAGTACGCGTC_Hb2,251 NTS Dbh Glut,CS20230722_SUBC_251,0.82,Hb2
CATTGAGCATACGCAT_Hyp2,105 TMd-DMH Foxd2 Gaba,CS20230722_SUBC_105,0.57,Hyp2
CATTGAGTCACTTTGT_Hyp1,203 LGv-SPFp-SPFm Nkx2-2 Tcf7l2 Gaba,CS20230722_SUBC_203,0.33,Hyp1
CATTGTTCAACTCCAA_vFb.Prog1,263 CS-RPO Meis2 Gaba,CS20230722_SUBC_263,0.45,vFb.Prog1
CATTTCACACAGAGCA_vFb.Prog1,107 DMH Hmx2 Gaba,CS20230722_SUBC_107,0.36,vFb.Prog1
CCAAGCGAGATGCCGA_Hyp2,103 PVHd-DMH Lhx6 Gaba,CS20230722_SUBC_103,0.29,Hyp2
CCAAGCGGTTGGCTAT_Hyp1,092 TMv-PMv Tbx3 Hist-Gaba,CS20230722_SUBC_092,0.63,Hyp1
CCAAGCGTCATCACTT_Hb2,133 PVH-SO-PVa Otp Glut,CS20230722_SUBC_133,0.2,Hb2
CCAATGACAGCACGAA_vFb.Prog2,182 CUN-PPN Evx2 Meis2 Glut,CS20230722_SUBC_182,0.75,vFb.Prog2
CCAATGACATATCGGT_vFb.Prog1,222 PB Evx2 Glut,CS20230722_SUBC_222,0.23,vFb.Prog1
CCAATGATCTTACTGT_Hyp2,045 OB-STR-CTX Inh IMN,CS20230722_SUBC_045,1.0,Hyp2
CCACAAAAGCAGGCTA_vFb.Prog1,086 MPO-ADP Lhx8 Gaba,CS20230722_SUBC_086,0.19,vFb.Prog1
CCACAAAAGGGCAAGG_PrT,203 LGv-SPFp-SPFm Nkx2-2 Tcf7l2 Gaba,CS20230722_SUBC_203,0.27,PrT
CCACAAAGTCGCCACA_vFb.Prog2,045 OB-STR-CTX Inh IMN,CS20230722_SUBC_045,0.84,vFb.Prog2
CCACAAATCCAGCTCT_Hyp3,106 PVpo-VMPO-MPN Hmx2 Gaba,CS20230722_SUBC_106,0.29,Hyp3
CCACCATAGGATACAT_vFb.Prog2,101 ZI Pax6 Gaba,CS20230722_SUBC_101,0.9,vFb.Prog2
CCACGAGAGGGCAAGG_PrT,202 PRT Tcf7l2 Gaba,CS20230722_SUBC_202,0.44,PrT
CCACGAGCAGATGCGA_OB,106 PVpo-VMPO-MPN Hmx2 Gaba,CS20230722_SUBC_106,0.35,OB
CCACGTTCACAGTGTT_Hb1,251 NTS Dbh Glut,CS20230722_SUBC_251,0.85,Hb1
CCACTTGTCACGGTCG_vFb.Prog1,097 PVHd-SBPV Six3 Prox1 Gaba,CS20230722_SUBC_097,0.52,vFb.Prog1
CCACTTGTCACTCTTA_Hb1,251 NTS Dbh Glut,CS20230722_SUBC_251,0.88,Hb1
CCACTTGTCCATACTT_PrT,202 PRT Tcf7l2 Gaba,CS20230722_SUBC_202,0.23,PrT
CCATAAGCACTATCCC_Hb3,238 NTS Phox2b Glut,CS20230722_SUBC_238,0.52,Hb3
CCATAAGGTGTCCTAA_vFb.Prog1,213 SCsg Gabrr2 Gaba,CS20230722_SUBC_213,0.51,vFb.Prog1
CCATCACTCCTCTCGA_Hb2,251 NTS Dbh Glut,CS20230722_SUBC_251,0.86,Hb2
CCCAACTAGACGGTCA_Hyp1,094 SCH Six6 Cdc14a Gaba,CS20230722_SUBC_094,0.34,Hyp1
CCCATTGCATGTCAGT_vFb.Prog1,045 OB-STR-CTX Inh IMN,CS20230722_SUBC_045,0.68,vFb.Prog1
CCCGAAGAGCACCGTC_Hb1,251 NTS Dbh Glut,CS20230722_SUBC_251,0.96,Hb1
CCCGAAGAGTCGTTAC_pTub,237 PRP-NI-PRNc-GRN Otp Glut,CS20230722_SUBC_237,0.31,pTub
CCCGAAGCACTGAGTT_vFb.Prog2,161 PAG Pou4f3 Glut,CS20230722_SUBC_161,0.44,vFb.Prog2
CCCGAAGCATAATCCG_vFb.Prog2,101 ZI Pax6 Gaba,CS20230722_SUBC_101,0.28,vFb.Prog2
CCCGGAAAGTTGGCGA_Cb,045 OB-STR-CTX Inh IMN,CS20230722_SUBC_045,0.79,Cb
CCCGGAACAGTGTGCC_vFb.Prog2,103 PVHd-DMH Lhx6 Gaba,CS20230722_SUBC_103,0.57,vFb.Prog2
CCCGGAACAGTTGTTG_vFb.Prog2,103 PVHd-DMH Lhx6 Gaba,CS20230722_SUBC_103,0.49,vFb.Prog2
CCCTAACAGACCGCCT_Hb2,243 PGRN-PARN-MDRN Hoxb5 Glut,CS20230722_SUBC_243,0.43,Hb2
CCCTAACAGACCTCAT_Hyp1,203 LGv-SPFp-SPFm Nkx2-2 Tcf7l2 Gaba,CS20230722_SUBC_203,0.3,Hyp1
CCCTAACAGTCACGAG_Hyp1,099 SBPV-PVa Six6 Satb2 Gaba,CS20230722_SUBC_099,0.24,Hyp1
CCCTAACCAAACCACT_vFb.Prog1,045 OB-STR-CTX Inh IMN,CS20230722_SUBC_045,0.96,vFb.Prog1
CCCTAACCAACGACAG_Hb1,251 NTS Dbh Glut,CS20230722_SUBC_251,0.88,Hb1
CCCTAACCAGATCATC_Hyp1,099 SBPV-PVa Six6 Satb2 Gaba,CS20230722_SUBC_099,0.31,Hyp1
CCCTAACTCCAACACA_pTub,134 PH-ant-LHA Otp Bsx Glut,CS20230722_SUBC_134,0.53,pTub
CCCTCAAAGATACATG_vFb.Prog1,046 Vip Gaba,CS20230722_SUBC_046,0.7,vFb.Prog1
CCCTCTCCACAAGTGG_Hb3,238 NTS Phox2b Glut,CS20230722_SUBC_238,0.33,Hb3
CCCTCTCGTTTGGAGG_PrT,202 PRT Tcf7l2 Gaba,CS20230722_SUBC_202,0.32,PrT
CCCTGATAGAGAGGGC_vFb.Prog1,045 OB-STR-CTX Inh IMN,CS20230722_SUBC_045,0.74,vFb.Prog1
CCCTGATAGTTCATCG_vFb.Prog2,098 AHN-SBPV-PVHd Pdrm12 Gaba,CS20230722_SUBC_098,0.23,vFb.Prog2
CCCTGATAGTTCCAGT_Hyp3,103 PVHd-DMH Lhx6 Gaba,CS20230722_SUBC_103,0.34,Hyp3
CCCTGATGTAGGCTCC_Hyp2,107 DMH Hmx2 Gaba,CS20230722_SUBC_107,0.26,Hyp2
CCCTGATGTCGACTTA_Hyp3,108 ARH-PVp Tbx3 Gaba,CS20230722_SUBC_108,0.25,Hyp3
CCCTGATGTTGCTGAT_pTub,237 PRP-NI-PRNc-GRN Otp Glut,CS20230722_SUBC_237,0.48,pTub
CCCTTAGAGACGCATG_Hyp1,094 SCH Six6 Cdc14a Gaba,CS20230722_SUBC_094,0.37,Hyp1
CCCTTAGCACTTTATC_Hb1,251 NTS Dbh Glut,CS20230722_SUBC_251,0.91,Hb1
CCGAACGGTTCCCACT_OB,044 OB Dopa-Gaba,CS20230722_SUBC_044,0.6,OB
CCGATCTAGAGCCATG_Hb2,251 NTS Dbh Glut,CS20230722_SUBC_251,0.92,Hb2
CCGATCTTCATCACTT_Hb2,251 NTS Dbh Glut,CS20230722_SUBC_251,0.75,Hb2
CCGATGGTCAATGCAC_vFb.Prog2,045 OB-STR-CTX Inh IMN,CS20230722_SUBC_045,0.41,vFb.Prog2
CCGATGGTCGGATAAA_Hb2,251 NTS Dbh Glut,CS20230722_SUBC_251,0.94,Hb2
CCGCAAGCAGGTGTTT_vFb.Prog1,194 MRN-VTN-PPN Pax5 Cdh23 Gaba,CS20230722_SUBC_194,0.3,vFb.Prog1
CCGCAAGGTTTGGGTT_vFb.Prog1,207 SCs Dmbx1 Gaba,CS20230722_SUBC_207,0.27,vFb.Prog1
CCGCAAGTCACCTGTC_Hyp3,042 OB-out Frmd7 Gaba,CS20230722_SUBC_042,0.38,Hyp3
CCGGACAGTGATTGGG_pTub,251 NTS Dbh Glut,CS20230722_SUBC_251,0.58,pTub
CCGGACAGTTAAACAG_Hb2,251 NTS Dbh Glut,CS20230722_SUBC_251,0.99,Hb2
CCGGACATCCAAAGGG_Hb2,251 NTS Dbh Glut,CS20230722_SUBC_251,0.9,Hb2
CCGGTGAGTATAATGG_OB,045 OB-STR-CTX Inh IMN,CS20230722_SUBC_045,0.4,OB
CCGGTGAGTTGCAAGG_Hb2,251 NTS Dbh Glut,CS20230722_SUBC_251,0.67,Hb2
CCGTAGGAGGATACCG_Hyp3,073 MEA-BST Sox6 Gaba,CS20230722_SUBC_073,0.25,Hyp3
CCGTGAGAGCCTGAAG_Hyp2,045 OB-STR-CTX Inh IMN,CS20230722_SUBC_045,0.98,Hyp2
CCGTGAGCACCGCTAG_vFb.Prog1,106 PVpo-VMPO-MPN Hmx2 Gaba,CS20230722_SUBC_106,0.33,vFb.Prog1
CCGTTCAAGCCTCTGG_Hb2,251 NTS Dbh Glut,CS20230722_SUBC_251,0.83,Hb2
CCGTTCACATTGCAAC_Cb,338 Lymphoid NN,CS20230722_SUBC_338,0.88,Cb
CCGTTCATCGGCACTG_OB,039 OB Meis2 Thsd7b Gaba,CS20230722_SUBC_039,0.52,OB
CCTAACCCAACCGCTG_vFb.Prog1,124 MPN-MPO-PVpo Hmx2 Glut,CS20230722_SUBC_124,0.25,vFb.Prog1
CCTAACCCACCCTGAG_Hyp2,108 ARH-PVp Tbx3 Gaba,CS20230722_SUBC_108,0.48,Hyp2
CCTAACCTCAAGAAAC_vFb.Prog1,106 PVpo-VMPO-MPN Hmx2 Gaba,CS20230722_SUBC_106,0.34,vFb.Prog1
CCTAAGAAGCCAGAGT_PrT,202 PRT Tcf7l2 Gaba,CS20230722_SUBC_202,0.39,PrT
CCTAAGAGTAACATAG_vFb.Prog2,108 ARH-PVp Tbx3 Gaba,CS20230722_SUBC_108,0.28,vFb.Prog2
CCTAAGATCATAGCAC_vFb.Prog2,107 DMH Hmx2 Gaba,CS20230722_SUBC_107,0.4,vFb.Prog2
CCTAAGATCTTTGCAT_Hyp1,045 OB-STR-CTX Inh IMN,CS20230722_SUBC_045,0.74,Hyp1
CCTACGTCACCGTGCA_vFb.Prog1,094 SCH Six6 Cdc14a Gaba,CS20230722_SUBC_094,0.35,vFb.Prog1
CCTATCGCAGGACTAG_vFb.Prog1,326 OPC NN,CS20230722_SUBC_326,0.7,vFb.Prog1
CCTATCGTCATCGCAA_vFb.Prog1,039 OB Meis2 Thsd7b Gaba,CS20230722_SUBC_039,0.39,vFb.Prog1
CCTCAACTCTATTCGT_Hb1,251 NTS Dbh Glut,CS20230722_SUBC_251,0.86,Hb1
CCTCACAGTAGATCGG_PrT,203 LGv-SPFp-SPFm Nkx2-2 Tcf7l2 Gaba,CS20230722_SUBC_203,0.51,PrT
CCTCACAGTGCAATGG_Hyp1,103 PVHd-DMH Lhx6 Gaba,CS20230722_SUBC_103,0.47,Hyp1
CCTCAGTAGGACAAGA_pTub,134 PH-ant-LHA Otp Bsx Glut,CS20230722_SUBC_134,0.63,pTub
CCTCAGTGTGTATTCG_Hyp2,094 SCH Six6 Cdc14a Gaba,CS20230722_SUBC_094,0.5,Hyp2
CCTCATGAGCTATCTG_vFb.Prog1,101 ZI Pax6 Gaba,CS20230722_SUBC_101,0.25,vFb.Prog1
CCTCATGTCTAGTTCT_vFb.Prog1,045 OB-STR-CTX Inh IMN,CS20230722_SUBC_045,0.6,vFb.Prog1
CCTCCAAAGGGCAATC_Hb2,251 NTS Dbh Glut,CS20230722_SUBC_251,0.96,Hb2
CCTCCAAAGGTATCTC_Hb2,251 NTS Dbh Glut,CS20230722_SUBC_251,0.89,Hb2
CCTCCAACAAGACTGG_vFb.Prog2,251 NTS Dbh Glut,CS20230722_SUBC_251,0.49,vFb.Prog2
CCTCCAAGTGCATTAC_Hb2,251 NTS Dbh Glut,CS20230722_SUBC_251,0.6,Hb2
CCTCCAATCAGGAGAC_Hb2,251 NTS Dbh Glut,CS20230722_SUBC_251,0.89,Hb2
CCTCCAATCCGTGCGA_pTub,134 PH-ant-LHA Otp Bsx Glut,CS20230722_SUBC_134,0.66,pTub
CCTCCAATCGTGTGAT_vFb.Prog2,133 PVH-SO-PVa Otp Glut,CS20230722_SUBC_133,0.37,vFb.Prog2
CCTCCTCAGATAGGGA_Hyp3,086 MPO-ADP Lhx8 Gaba,CS20230722_SUBC_086,0.71,Hyp3
CCTCCTCCACCTGTCT_vFb.Prog1,099 SBPV-PVa Six6 Satb2 Gaba,CS20230722_SUBC_099,0.31,vFb.Prog1
CCTCCTCTCATTCGGA_vFb.Prog1,101 ZI Pax6 Gaba,CS20230722_SUBC_101,0.65,vFb.Prog1
CCTCTAGAGTCAGCCC_Hb2,251 NTS Dbh Glut,CS20230722_SUBC_251,0.59,Hb2
CCTCTAGTCGTTCTAT_Hb2,251 NTS Dbh Glut,CS20230722_SUBC_251,0.97,Hb2
CCTCTCCAGCGATGGT_Hyp1,107 DMH Hmx2 Gaba,CS20230722_SUBC_107,0.3,Hyp1
CCTCTCCAGCTCGCAC_vFb.Prog1,304 NTS-PARN Neurod2 Gly-Gaba,CS20230722_SUBC_304,0.39,vFb.Prog1
CCTCTCCGTAACCCTA_pTub,134 PH-ant-LHA Otp Bsx Glut,CS20230722_SUBC_134,0.37,pTub
CCTCTCCTCTCGAACA_vFb.Prog1,106 PVpo-VMPO-MPN Hmx2 Gaba,CS20230722_SUBC_106,0.24,vFb.Prog1
CCTGCATCAAGCACAG_vFb.Prog1,283 PRP Otp Gly-Gaba,CS20230722_SUBC_283,0.8,vFb.Prog1
CCTGCATTCGTGTGGC_vFb.Prog2,101 ZI Pax6 Gaba,CS20230722_SUBC_101,0.37,vFb.Prog2
CCTGTTGAGCTTCATG_Hyp1,107 DMH Hmx2 Gaba,CS20230722_SUBC_107,0.3,Hyp1
CCTGTTGCAATCGCAT_vFb.Prog1,089 PVR Six3 Sox3 Gaba,CS20230722_SUBC_089,0.38,vFb.Prog1
CCTGTTGTCTGCATAG_Hb2,251 NTS Dbh Glut,CS20230722_SUBC_251,0.76,Hb2
CCTTGTGGTTGAGGAC_Hb3,251 NTS Dbh Glut,CS20230722_SUBC_251,0.66,Hb3
CCTTGTGTCAATGCAC_vFb.Prog2,100 AHN Onecut3 Gaba,CS20230722_SUBC_100,0.37,vFb.Prog2
CCTTTGGAGAGTCAGC_Hyp1,103 PVHd-DMH Lhx6 Gaba,CS20230722_SUBC_103,0.24,Hyp1
CCTTTGGAGGAAAGTG_vFb.Prog1,101 ZI Pax6 Gaba,CS20230722_SUBC_101,0.56,vFb.Prog1
CCTTTGGGTACTGCCG_Cb,012 MEA Slc17a7 Glut,CS20230722_SUBC_012,0.35,Cb
CCTTTGGGTGTCATGT_vFb.Prog2,338 Lymphoid NN,CS20230722_SUBC_338,0.85,vFb.Prog2
CCTTTGGTCATTTACC_Hyp3,106 PVpo-VMPO-MPN Hmx2 Gaba,CS20230722_SUBC_106,0.48,Hyp3
CCTTTGGTCTAGTGAC_Hyp3,045 OB-STR-CTX Inh IMN,CS20230722_SUBC_045,0.47,Hyp3
CGAAGTTAGCGATCGA_Hyp3,108 ARH-PVp Tbx3 Gaba,CS20230722_SUBC_108,0.44,Hyp3
CGAAGTTAGGCGTTAG_vFb.Prog1,101 ZI Pax6 Gaba,CS20230722_SUBC_101,0.44,vFb.Prog1
CGAAGTTGTAGTGTGG_Hb1,251 NTS Dbh Glut,CS20230722_SUBC_251,0.57,Hb1
CGAAGTTTCATGCAGT_Hb2,251 NTS Dbh Glut,CS20230722_SUBC_251,0.95,Hb2
CGAATTGCAGTCTCTC_vFb.Prog1,222 PB Evx2 Glut,CS20230722_SUBC_222,0.21,vFb.Prog1
CGAATTGTCATGTCAG_Hb1,251 NTS Dbh Glut,CS20230722_SUBC_251,0.78,Hb1
CGACAGCGTAACTAAG_OB,044 OB Dopa-Gaba,CS20230722_SUBC_044,0.51,OB
CGACAGCGTCACTCAA_Hyp3,132 AHN-RCH-LHA Otp Fezf1 Glut,CS20230722_SUBC_132,0.48,Hyp3
CGACAGCGTTTACCAG_vFb.Prog2,133 PVH-SO-PVa Otp Glut,CS20230722_SUBC_133,0.65,vFb.Prog2
CGAGAAGCAGGCTTGC_pTub,243 PGRN-PARN-MDRN Hoxb5 Glut,CS20230722_SUBC_243,0.52,pTub
CGAGAAGTCTGATGGT_PrT,202 PRT Tcf7l2 Gaba,CS20230722_SUBC_202,0.74,PrT
CGAGTGCTCTCGTGAA_Hb1,251 NTS Dbh Glut,CS20230722_SUBC_251,0.94,Hb1
CGAGTTAGTTTGAACC_pTub,133 PVH-SO-PVa Otp Glut,CS20230722_SUBC_133,0.55,pTub
CGATCGGAGACAACTA_pTub,237 PRP-NI-PRNc-GRN Otp Glut,CS20230722_SUBC_237,0.86,pTub
CGATCGGAGCATTTCG_Hyp1,045 OB-STR-CTX Inh IMN,CS20230722_SUBC_045,0.5,Hyp1
CGATCGGCATCCAACA_Hyp1,108 ARH-PVp Tbx3 Gaba,CS20230722_SUBC_108,0.4,Hyp1
CGATCGGCATGTTACG_Hyp2,094 SCH Six6 Cdc14a Gaba,CS20230722_SUBC_094,0.36,Hyp2
CGATCGGGTTCGCGTG_Hyp2,094 SCH Six6 Cdc14a Gaba,CS20230722_SUBC_094,0.28,Hyp2
CGATGCGAGTAGAGTT_Hb2,251 NTS Dbh Glut,CS20230722_SUBC_251,0.91,Hb2
CGATGCGGTTGCTTGA_Hb3,243 PGRN-PARN-MDRN Hoxb5 Glut,CS20230722_SUBC_243,0.52,Hb3
CGATGCGGTTGGTGTT_PrT,202 PRT Tcf7l2 Gaba,CS20230722_SUBC_202,0.86,PrT
CGATGGCAGTCGCTAT_Hyp2,038 DG-PIR Ex IMN,CS20230722_SUBC_038,0.99,Hyp2
CGATGGCCAGCACACC_Hb2,251 NTS Dbh Glut,CS20230722_SUBC_251,0.93,Hb2
CGATGGCGTACATACC_vFb.Prog1,101 ZI Pax6 Gaba,CS20230722_SUBC_101,0.53,vFb.Prog1
CGATGGCGTGAGTCAG_Hyp1,092 TMv-PMv Tbx3 Hist-Gaba,CS20230722_SUBC_092,0.29,Hyp1
CGCAGGTGTCCAAGAG_PrT,094 SCH Six6 Cdc14a Gaba,CS20230722_SUBC_094,0.28,PrT
CGCATAACAAGCTGTT_pTub,140 PMd-LHA Foxb1 Glut,CS20230722_SUBC_140,0.39,pTub
CGCATAATCCACTAGA_Hyp2,095 DMH Prdm13 Gaba,CS20230722_SUBC_095,0.29,Hyp2
CGCCAGATCGAACGCC_PrT,203 LGv-SPFp-SPFm Nkx2-2 Tcf7l2 Gaba,CS20230722_SUBC_203,0.48,PrT
CGCCATTCACTGGCGT_Hb2,251 NTS Dbh Glut,CS20230722_SUBC_251,0.85,Hb2
CGCCATTCAGCGGATA_Hyp1,105 TMd-DMH Foxd2 Gaba,CS20230722_SUBC_105,0.29,Hyp1
CGCCATTTCTACACAG_Hb2,251 NTS Dbh Glut,CS20230722_SUBC_251,0.4,Hb2
CGCGTGAGTATCCTCC_vFb.Prog1,038 DG-PIR Ex IMN,CS20230722_SUBC_038,0.96,vFb.Prog1
CGGAATTGTTGGCCGT_PrT,202 PRT Tcf7l2 Gaba,CS20230722_SUBC_202,0.64,PrT
CGGAATTTCCATCTCG_vFb.Prog2,243 PGRN-PARN-MDRN Hoxb5 Glut,CS20230722_SUBC_243,0.31,vFb.Prog2
CGGAATTTCGCTCTAC_Hyp1,107 DMH Hmx2 Gaba,CS20230722_SUBC_107,0.21,Hyp1
CGGAATTTCTCTTAAC_PrT,109 LGv-ZI Otx2 Gaba,CS20230722_SUBC_109,0.23,PrT
CGGACACAGGTCACCC_vFb.Prog2,039 OB Meis2 Thsd7b Gaba,CS20230722_SUBC_039,0.42,vFb.Prog2
CGGACACCAAAGGCGT_vFb.Prog1,090 BST-MPN Six3 Nrgn Gaba,CS20230722_SUBC_090,0.51,vFb.Prog1
CGGACACGTGGTCTAT_Hyp2,045 OB-STR-CTX Inh IMN,CS20230722_SUBC_045,1.0,Hyp2
CGGACACTCTCACGAA_vFb.Prog1,099 SBPV-PVa Six6 Satb2 Gaba,CS20230722_SUBC_099,0.45,vFb.Prog1
CGGAGAAAGGTCACCC_Hb3,243 PGRN-PARN-MDRN Hoxb5 Glut,CS20230722_SUBC_243,0.44,Hb3
CGGAGAAGTATAGGGC_DMX,252 DMX VII Tbx20 Chol,CS20230722_SUBC_252,0.52,DMX
CGGCAGTAGGTTAGTA_vFb.Prog1,211 SC Tnnt1 Gli3 Gaba,CS20230722_SUBC_211,0.64,vFb.Prog1
CGGCAGTCATTCTGTT_Cb,045 OB-STR-CTX Inh IMN,CS20230722_SUBC_045,0.92,Cb
CGGGACTCATGACCCG_Hb2,251 NTS Dbh Glut,CS20230722_SUBC_251,0.79,Hb2
CGGGACTGTGTAACGG_pTub,132 AHN-RCH-LHA Otp Fezf1 Glut,CS20230722_SUBC_132,0.41,pTub
CGGGACTTCATTACCT_Hb3,101 ZI Pax6 Gaba,CS20230722_SUBC_101,0.38,Hb3
CGGGACTTCCTACGAA_pTub,251 NTS Dbh Glut,CS20230722_SUBC_251,0.72,pTub
CGGGCATAGCACGATG_vFb.Prog2,108 ARH-PVp Tbx3 Gaba,CS20230722_SUBC_108,0.26,vFb.Prog2
CGGGCATCAAGCGAGT_vFb.Prog2,101 ZI Pax6 Gaba,CS20230722_SUBC_101,0.25,vFb.Prog2
CGGGCATGTATGAAGT_vFb.Prog1,174 PAG Pou4f2 Mesi2 Glut,CS20230722_SUBC_174,0.35,vFb.Prog1
CGGGCATGTGAGCAGT_Hyp2,091 ARH-PVi Six6 Dopa-Gaba,CS20230722_SUBC_091,0.39,Hyp2
CGGGCATTCCGTATAG_vFb.Prog1,200 PAG-ND-PCG Onecut1 Gaba,CS20230722_SUBC_200,0.37,vFb.Prog1
CGGGTGTCACACCTTC_pTub,237 PRP-NI-PRNc-GRN Otp Glut,CS20230722_SUBC_237,0.44,pTub
CGGGTGTGTCATATGC_vFb.Prog1,101 ZI Pax6 Gaba,CS20230722_SUBC_101,0.5,vFb.Prog1
CGGGTGTTCCGTAGTA_vFb.Prog1,301 MV Nr4a2 Gly-Gaba,CS20230722_SUBC_301,0.27,vFb.Prog1
CGGTCAGGTAGCTTTG_Hb1,251 NTS Dbh Glut,CS20230722_SUBC_251,0.86,Hb1
CGGTCAGGTCTGTCCT_DMX,252 DMX VII Tbx20 Chol,CS20230722_SUBC_252,0.68,DMX
CGTAAGTTCCTGTACC_vFb.Prog1,099 SBPV-PVa Six6 Satb2 Gaba,CS20230722_SUBC_099,0.52,vFb.Prog1
CGTAATGCATGCAGGA_vFb.Prog2,181 IC Tfap2d Maf Glut,CS20230722_SUBC_181,0.39,vFb.Prog2
CGTAATGTCAGACTGT_Hyp2,099 SBPV-PVa Six6 Satb2 Gaba,CS20230722_SUBC_099,0.32,Hyp2
CGTAATGTCGTCGCTT_vFb.Prog1,045 OB-STR-CTX Inh IMN,CS20230722_SUBC_045,0.75,vFb.Prog1
CGTAGTACACATCCCT_vFb.Prog2,038 DG-PIR Ex IMN,CS20230722_SUBC_038,1.0,vFb.Prog2
CGTAGTACAGAGTAAT_Cb,131 LHA-AHN-PVH Otp Trh Glut,CS20230722_SUBC_131,0.63,Cb
CGTCCATAGGTCGTCC_PrT,202 PRT Tcf7l2 Gaba,CS20230722_SUBC_202,0.26,PrT
CGTCCATGTCCCGCAA_pTub,251 NTS Dbh Glut,CS20230722_SUBC_251,0.82,pTub
CGTGAATAGCGTACAG_vFb.Prog2,097 PVHd-SBPV Six3 Prox1 Gaba,CS20230722_SUBC_097,0.26,vFb.Prog2
CGTGAATCAAAGACTA_pTub,139 PH-LHA Foxb1 Glut,CS20230722_SUBC_139,0.43,pTub
CGTGAATCAATCCTTT_Hyp1,098 AHN-SBPV-PVHd Pdrm12 Gaba,CS20230722_SUBC_098,0.3,Hyp1
CGTGAATTCGGTGCAC_vFb.Prog1,036 HPF CR Glut,CS20230722_SUBC_036,0.92,vFb.Prog1
CGTGCTTAGGTCCGAA_Hb2,251 NTS Dbh Glut,CS20230722_SUBC_251,0.81,Hb2
CGTGCTTTCAACGAGG_vFb.Prog1,199 PAG-MRN-RN Foxa2 Gaba,CS20230722_SUBC_199,0.39,vFb.Prog1
CGTGTCTAGATGCTAA_Hb1,251 NTS Dbh Glut,CS20230722_SUBC_251,0.8,Hb1
CGTGTCTCATACCATG_vFb.Prog1,089 PVR Six3 Sox3 Gaba,CS20230722_SUBC_089,0.32,vFb.Prog1
CGTTAGACAACCCGCA_vFb.Prog2,095 DMH Prdm13 Gaba,CS20230722_SUBC_095,0.42,vFb.Prog2
CGTTAGACAACTTCTT_vFb.Prog2,172 PAG Pou4f1 Ebf2 Glut,CS20230722_SUBC_172,0.4,vFb.Prog2
CGTTAGACACTAAACC_Hyp1,045 OB-STR-CTX Inh IMN,CS20230722_SUBC_045,0.84,Hyp1
CGTTCTGAGATCGCCC_vFb.Prog2,327 Oligo NN,CS20230722_SUBC_327,0.95,vFb.Prog2
CGTTCTGGTAAGTTAG_Hyp1,277 DTN-LDT-IPN Otp Pax3 Gaba,CS20230722_SUBC_277,0.48,Hyp1
CTAACCCAGCCAAGGT_Hyp3,010 IT AON-TT-DP Glut,CS20230722_SUBC_010,0.17,Hyp3
CTAACTTAGAACCGCA_Hyp1,095 DMH Prdm13 Gaba,CS20230722_SUBC_095,0.39,Hyp1
CTAACTTAGGAATTAC_Hb1,251 NTS Dbh Glut,CS20230722_SUBC_251,0.81,Hb1
CTAACTTCATCGATCA_Hb2,251 NTS Dbh Glut,CS20230722_SUBC_251,0.98,Hb2
CTAAGTGCAACTGATC_vFb.Prog1,243 PGRN-PARN-MDRN Hoxb5 Glut,CS20230722_SUBC_243,0.37,vFb.Prog1
CTAAGTGCATTAGGCT_Hb2,215 SNc-VTA-RAmb Foxa1 Dopa,CS20230722_SUBC_215,1.0,Hb2
CTAAGTGTCCAACCGG_Hyp1,104 TU-ARH Otp Six6 Gaba,CS20230722_SUBC_104,0.43,Hyp1
CTAAGTGTCTAAGGAA_vFb.Prog2,243 PGRN-PARN-MDRN Hoxb5 Glut,CS20230722_SUBC_243,0.22,vFb.Prog2
CTACAGAAGCCATTGT_Hb1,251 NTS Dbh Glut,CS20230722_SUBC_251,0.72,Hb1
CTACAGACATGGAAGC_Hyp1,102 DMH-LHA Gsx1 Gaba,CS20230722_SUBC_102,0.36,Hyp1
CTACAGAGTTAGTTCG_PrT,202 PRT Tcf7l2 Gaba,CS20230722_SUBC_202,0.55,PrT
CTACAGATCCATTGGA_PrT,202 PRT Tcf7l2 Gaba,CS20230722_SUBC_202,0.42,PrT
CTACATTCATCTGGGC_PrT,203 LGv-SPFp-SPFm Nkx2-2 Tcf7l2 Gaba,CS20230722_SUBC_203,0.41,PrT
CTACCCACAGATAAAC_vFb.Prog2,321 Astroependymal NN,CS20230722_SUBC_321,0.52,vFb.Prog2
CTACCCACATTGAGCT_vFb.Prog2,243 PGRN-PARN-MDRN Hoxb5 Glut,CS20230722_SUBC_243,0.39,vFb.Prog2
CTACCCATCCTTATAC_PrT,202 PRT Tcf7l2 Gaba,CS20230722_SUBC_202,0.39,PrT
CTACCTGAGCGGTAAC_Cb,045 OB-STR-CTX Inh IMN,CS20230722_SUBC_045,0.88,Cb
CTACCTGCAAGATCCT_Hb3,238 NTS Phox2b Glut,CS20230722_SUBC_238,0.65,Hb3
CTACCTGGTGTAGTGG_Hyp2,108 ARH-PVp Tbx3 Gaba,CS20230722_SUBC_108,0.45,Hyp2
CTACGGGTCACTGGTA_vFb.Prog1,106 PVpo-VMPO-MPN Hmx2 Gaba,CS20230722_SUBC_106,0.21,vFb.Prog1
CTACTATCATGTTCGA_vFb.Prog1,044 OB Dopa-Gaba,CS20230722_SUBC_044,0.53,vFb.Prog1
CTACTATCATTGAAAG_Hb1,251 NTS Dbh Glut,CS20230722_SUBC_251,0.97,Hb1
CTACTATTCCCGTTGT_vFb.Prog2,300 PARN-MDRNd-NTS Gbx2 Gly-Gaba,CS20230722_SUBC_300,0.4,vFb.Prog2
CTACTATTCGGCTGGT_vFb.Prog1,103 PVHd-DMH Lhx6 Gaba,CS20230722_SUBC_103,0.32,vFb.Prog1
CTAGACAAGGGTTTCT_vFb.Prog1,039 OB Meis2 Thsd7b Gaba,CS20230722_SUBC_039,0.5,vFb.Prog1
CTAGACAGTGAGTTTC_Hb1,251 NTS Dbh Glut,CS20230722_SUBC_251,0.87,Hb1
CTAGGTACACTTGACA_vFb.Prog1,284 GRN-IRN-MDRNd Ikzf1 Gly-Gaba,CS20230722_SUBC_284,0.43,vFb.Prog1
CTATCCGGTCCTGGGT_Hyp1,107 DMH Hmx2 Gaba,CS20230722_SUBC_107,0.31,Hyp1
CTATCTACAATCGCGC_Hyp1,038 DG-PIR Ex IMN,CS20230722_SUBC_038,1.0,Hyp1
CTCAACCTCCACAAGT_DMX,252 DMX VII Tbx20 Chol,CS20230722_SUBC_252,0.88,DMX
CTCAAGAGTAATGCGG_Hb3,243 PGRN-PARN-MDRN Hoxb5 Glut,CS20230722_SUBC_243,0.43,Hb3
CTCAAGATCCATACAG_vFb.Prog2,094 SCH Six6 Cdc14a Gaba,CS20230722_SUBC_094,0.7,vFb.Prog2
CTCACTGAGGAACATT_OB,045 OB-STR-CTX Inh IMN,CS20230722_SUBC_045,0.66,OB
CTCAGAATCATCGGGC_Hyp1,045 OB-STR-CTX Inh IMN,CS20230722_SUBC_045,0.98,Hyp1
CTCAGGGCAATTCTTC_Hyp3,225 PRNc-NI-SG-RPO Vsx2 Nr4a2 Glut,CS20230722_SUBC_225,0.63,Hyp3
CTCAGGGCATTAGGCT_Hyp1,106 PVpo-VMPO-MPN Hmx2 Gaba,CS20230722_SUBC_106,0.35,Hyp1
CTCAGGGGTCACCCTT_Hb1,251 NTS Dbh Glut,CS20230722_SUBC_251,0.77,Hb1
CTCAGGGTCCTGCCAT_Hyp3,106 PVpo-VMPO-MPN Hmx2 Gaba,CS20230722_SUBC_106,0.34,Hyp3
CTCAGTCAGAACAGGA_Hb2,251 NTS Dbh Glut,CS20230722_SUBC_251,0.63,Hb2
CTCAGTCAGATTCGCT_OB,039 OB Meis2 Thsd7b Gaba,CS20230722_SUBC_039,0.39,OB
CTCATCGGTTTACTGG_OB,044 OB Dopa-Gaba,CS20230722_SUBC_044,0.74,OB
CTCATTAAGAGTAACT_Hyp2,103 PVHd-DMH Lhx6 Gaba,CS20230722_SUBC_103,0.35,Hyp2
CTCATTACATGTTCGA_Hyp3,263 CS-RPO Meis2 Gaba,CS20230722_SUBC_263,0.29,Hyp3
CTCATTATCTCGACCT_Hb1,251 NTS Dbh Glut,CS20230722_SUBC_251,0.66,Hb1
CTCCAACAGGTCCGAA_Hb2,251 NTS Dbh Glut,CS20230722_SUBC_251,0.71,Hb2
CTCCAACCAATCTGCA_vFb.Prog1,180 SCiw Pitx2 Glut,CS20230722_SUBC_180,0.14,vFb.Prog1
CTCCAACCAGGTCCCA_Hyp3,326 OPC NN,CS20230722_SUBC_326,0.75,Hyp3
CTCCACACAACGATCT_Hyp1,092 TMv-PMv Tbx3 Hist-Gaba,CS20230722_SUBC_092,0.24,Hyp1
CTCCATGCAATGTGGG_Hb2,251 NTS Dbh Glut,CS20230722_SUBC_251,0.81,Hb2
CTCCCAAAGACCAAGC_Hyp2,106 PVpo-VMPO-MPN Hmx2 Gaba,CS20230722_SUBC_106,0.38,Hyp2
CTCCCAATCACTGGTA_vFb.Prog2,094 SCH Six6 Cdc14a Gaba,CS20230722_SUBC_094,0.81,vFb.Prog2
CTCCCAATCTAGCATG_PrT,210 PRT Mecom Gaba,CS20230722_SUBC_210,0.46,PrT
CTCCCTCAGGGCCCTT_Hb1,251 NTS Dbh Glut,CS20230722_SUBC_251,0.63,Hb1
CTCCCTCCACAAAGTA_Hb3,243 PGRN-PARN-MDRN Hoxb5 Glut,CS20230722_SUBC_243,0.25,Hb3
CTCCGATGTTGAGTCT_PrT,203 LGv-SPFp-SPFm Nkx2-2 Tcf7l2 Gaba,CS20230722_SUBC_203,0.68,PrT
CTCCTTTAGCTGCGAA_vFb.Prog1,038 DG-PIR Ex IMN,CS20230722_SUBC_038,0.98,vFb.Prog1
CTCCTTTAGGTCTACT_Hyp2,045 OB-STR-CTX Inh IMN,CS20230722_SUBC_045,0.94,Hyp2
CTCGAGGCACGTAACT_Hb2,238 NTS Phox2b Glut,CS20230722_SUBC_238,0.57,Hb2
CTCTCAGCAATGGCCC_Hyp3,321 Astroependymal NN,CS20230722_SUBC_321,0.38,Hyp3
CTCTCAGCAGACCAAG_Hyp2,108 ARH-PVp Tbx3 Gaba,CS20230722_SUBC_108,0.6,Hyp2
CTCTCAGGTTCCTTGC_OB,044 OB Dopa-Gaba,CS20230722_SUBC_044,0.75,OB
CTCTCAGTCGGCTCTT_Hyp2,108 ARH-PVp Tbx3 Gaba,CS20230722_SUBC_108,0.4,Hyp2
CTCTCAGTCGTAGTGT_vFb.Prog1,213 SCsg Gabrr2 Gaba,CS20230722_SUBC_213,0.56,vFb.Prog1
CTCTCGAAGGCTCAAG_Hyp1,094 SCH Six6 Cdc14a Gaba,CS20230722_SUBC_094,0.44,Hyp1
CTCTCGAAGTCTAGAA_vFb.Prog2,250 CBN Neurod2 Pvalb Glut,CS20230722_SUBC_250,0.29,vFb.Prog2
CTCTGGTGTAGGTAGC_vFb.Prog1,039 OB Meis2 Thsd7b Gaba,CS20230722_SUBC_039,0.45,vFb.Prog1
CTGAATGGTGACAACG_Hb1,251 NTS Dbh Glut,CS20230722_SUBC_251,0.88,Hb1
CTGAATGTCTTGGGCG_vFb.Prog1,101 ZI Pax6 Gaba,CS20230722_SUBC_101,0.34,vFb.Prog1
CTGAGCGTCTCGTCAC_PrT,202 PRT Tcf7l2 Gaba,CS20230722_SUBC_202,0.53,PrT
CTGAGGCAGAAACTCA_Hyp2,094 SCH Six6 Cdc14a Gaba,CS20230722_SUBC_094,0.36,Hyp2
CTGAGGCTCATTTACC_Hyp1,102 DMH-LHA Gsx1 Gaba,CS20230722_SUBC_102,0.45,Hyp1
CTGATCCAGAGCCATG_vFb.Prog1,076 MEA-BST Lhx6 Nfib Gaba,CS20230722_SUBC_076,0.42,vFb.Prog1
CTGATCCGTATGAGGC_vFb.Prog1,039 OB Meis2 Thsd7b Gaba,CS20230722_SUBC_039,0.4,vFb.Prog1
CTGATCCGTGTCCTAA_Hb1,251 NTS Dbh Glut,CS20230722_SUBC_251,0.88,Hb1
CTGATCCTCATGGGAG_Hb1,251 NTS Dbh Glut,CS20230722_SUBC_251,0.92,Hb1
CTGCAGGAGACCGCCT_pTub,134 PH-ant-LHA Otp Bsx Glut,CS20230722_SUBC_134,0.4,pTub
CTGCAGGCATCCTTGC_pTub,134 PH-ant-LHA Otp Bsx Glut,CS20230722_SUBC_134,0.53,pTub
CTGCAGGGTACCATAC_vFb.Prog1,106 PVpo-VMPO-MPN Hmx2 Gaba,CS20230722_SUBC_106,0.46,vFb.Prog1
CTGCAGGTCCATCACC_pTub,134 PH-ant-LHA Otp Bsx Glut,CS20230722_SUBC_134,0.45,pTub
CTGCAGGTCTTGAACG_vFb.Prog2,038 DG-PIR Ex IMN,CS20230722_SUBC_038,1.0,vFb.Prog2
CTGCATCAGTGATTCC_Hyp1,106 PVpo-VMPO-MPN Hmx2 Gaba,CS20230722_SUBC_106,0.15,Hyp1
CTGCATCCACCAATTG_vFb.Prog1,201 PAG-RN Nkx2-2 Otx1 Gaba,CS20230722_SUBC_201,0.39,vFb.Prog1
CTGCATCTCGCAGATT_Hyp3,172 PAG Pou4f1 Ebf2 Glut,CS20230722_SUBC_172,0.54,Hyp3
CTGCCATCACGCTATA_Hb1,251 NTS Dbh Glut,CS20230722_SUBC_251,0.95,Hb1
CTGCCATGTCAGTTTG_DMX,252 DMX VII Tbx20 Chol,CS20230722_SUBC_252,0.6,DMX
CTGCCTACAGAGACTG_vFb.Prog1,099 SBPV-PVa Six6 Satb2 Gaba,CS20230722_SUBC_099,0.22,vFb.Prog1
CTGCGAGGTGTGACCC_vFb.Prog2,097 PVHd-SBPV Six3 Prox1 Gaba,CS20230722_SUBC_097,0.24,vFb.Prog2
CTGCGAGTCGCAACAT_Hb2,251 NTS Dbh Glut,CS20230722_SUBC_251,0.9,Hb2
CTGCTCAAGAGAGCAA_Hyp1,107 DMH Hmx2 Gaba,CS20230722_SUBC_107,0.31,Hyp1
CTGCTCAAGAGAGTTT_Hyp2,045 OB-STR-CTX Inh IMN,CS20230722_SUBC_045,0.91,Hyp2
CTGCTCAGTAAGTAGT_Hyp2,038 DG-PIR Ex IMN,CS20230722_SUBC_038,1.0,Hyp2
CTGGACGCAGTTAAAG_Hb1,251 NTS Dbh Glut,CS20230722_SUBC_251,0.93,Hb1
CTGGCAGAGGAACGAA_Hb2,251 NTS Dbh Glut,CS20230722_SUBC_251,0.95,Hb2
CTGGTCTCACTACAGT_Hb1,251 NTS Dbh Glut,CS20230722_SUBC_251,0.89,Hb1
CTGTACCGTGAAGCTG_vFb.Prog1,039 OB Meis2 Thsd7b Gaba,CS20230722_SUBC_039,0.88,vFb.Prog1
CTGTACCTCGAGAAAT_vFb.Prog1,094 SCH Six6 Cdc14a Gaba,CS20230722_SUBC_094,0.33,vFb.Prog1
CTGTAGAAGCCGTAAG_pTub,251 NTS Dbh Glut,CS20230722_SUBC_251,0.3,pTub
CTGTAGAAGCGACTTT_Hyp3,095 DMH Prdm13 Gaba,CS20230722_SUBC_095,0.38,Hyp3
CTGTAGACATATCGGT_PrT,202 PRT Tcf7l2 Gaba,CS20230722_SUBC_202,0.41,PrT
CTGTAGATCATCTATC_Hyp3,045 OB-STR-CTX Inh IMN,CS20230722_SUBC_045,0.86,Hyp3
CTGTATTAGATCGGTG_PrT,203 LGv-SPFp-SPFm Nkx2-2 Tcf7l2 Gaba,CS20230722_SUBC_203,0.33,PrT
CTGTATTGTTGTTTGG_Hyp2,108 ARH-PVp Tbx3 Gaba,CS20230722_SUBC_108,0.55,Hyp2
CTGTCGTAGCATTTGC_Hb3,285 MY Lhx1 Gly-Gaba,CS20230722_SUBC_285,0.68,Hb3
CTGTCGTCAGAACTCT_vFb.Prog1,076 MEA-BST Lhx6 Nfib Gaba,CS20230722_SUBC_076,0.72,vFb.Prog1
CTGTGAAAGCCTCAAT_vFb.Prog1,106 PVpo-VMPO-MPN Hmx2 Gaba,CS20230722_SUBC_106,0.29,vFb.Prog1
CTGTGAACAACTCATG_Cb,045 OB-STR-CTX Inh IMN,CS20230722_SUBC_045,0.9,Cb
CTGTGGGGTACATTGC_Hyp1,102 DMH-LHA Gsx1 Gaba,CS20230722_SUBC_102,0.39,Hyp1
CTGTGGGTCAAGCCAT_Hyp1,038 DG-PIR Ex IMN,CS20230722_SUBC_038,1.0,Hyp1
CTGTGGGTCAGGAGAC_Hyp1,094 SCH Six6 Cdc14a Gaba,CS20230722_SUBC_094,0.25,Hyp1
CTTACCGGTAACGGTG_pTub,134 PH-ant-LHA Otp Bsx Glut,CS20230722_SUBC_134,0.54,pTub
CTTAGGAAGTTGCTGT_Cb,045 OB-STR-CTX Inh IMN,CS20230722_SUBC_045,0.96,Cb
CTTAGGATCAAATGCC_Hyp3,326 OPC NN,CS20230722_SUBC_326,0.82,Hyp3
CTTAGGATCGTCCATC_vFb.Prog2,091 ARH-PVi Six6 Dopa-Gaba,CS20230722_SUBC_091,0.32,vFb.Prog2
CTTCCGACAAGTACCT_Hyp3,095 DMH Prdm13 Gaba,CS20230722_SUBC_095,0.42,Hyp3
CTTCCGACACTCCCTA_vFb.Prog1,101 ZI Pax6 Gaba,CS20230722_SUBC_101,0.48,vFb.Prog1
CTTCCGAGTCGTGGTC_Hyp1,107 DMH Hmx2 Gaba,CS20230722_SUBC_107,0.18,Hyp1
CTTCCGAGTGGACCAA_Hb2,251 NTS Dbh Glut,CS20230722_SUBC_251,0.86,Hb2
CTTCCGAGTTGTACGT_PrT,202 PRT Tcf7l2 Gaba,CS20230722_SUBC_202,0.48,PrT
CTTCCGAGTTGTCTAG_Hb2,251 NTS Dbh Glut,CS20230722_SUBC_251,0.82,Hb2
CTTCCTTAGGTGATCG_Hyp2,103 PVHd-DMH Lhx6 Gaba,CS20230722_SUBC_103,0.19,Hyp2
CTTCGGTAGAATTGCA_Hb3,238 NTS Phox2b Glut,CS20230722_SUBC_238,0.79,Hb3
CTTCGGTGTCGCATTA_pTub,134 PH-ant-LHA Otp Bsx Glut,CS20230722_SUBC_134,0.47,pTub
CTTCTCTAGACTCGAG_OB,044 OB Dopa-Gaba,CS20230722_SUBC_044,0.39,OB
CTTCTCTAGCGTGCTC_Hyp1,107 DMH Hmx2 Gaba,CS20230722_SUBC_107,0.3,Hyp1
CTTCTCTAGTCACGCC_vFb.Prog1,089 PVR Six3 Sox3 Gaba,CS20230722_SUBC_089,0.36,vFb.Prog1
CTTCTCTGTTGGACTT_pTub,134 PH-ant-LHA Otp Bsx Glut,CS20230722_SUBC_134,0.41,pTub
CTTGAGAGTCTTTATC_Hb1,251 NTS Dbh Glut,CS20230722_SUBC_251,0.55,Hb1
CTTGAGAGTGGCACTC_pTub,133 PVH-SO-PVa Otp Glut,CS20230722_SUBC_133,0.44,pTub
CTTGATTGTCATATGC_pTub,237 PRP-NI-PRNc-GRN Otp Glut,CS20230722_SUBC_237,0.36,pTub
CTTGATTGTGCATCTA_vFb.Prog2,134 PH-ant-LHA Otp Bsx Glut,CS20230722_SUBC_134,0.43,vFb.Prog2
CTTGATTTCTGCGGGT_pTub,134 PH-ant-LHA Otp Bsx Glut,CS20230722_SUBC_134,0.43,pTub
CTTTCAAAGCGATGCA_vFb.Prog1,045 OB-STR-CTX Inh IMN,CS20230722_SUBC_045,0.56,vFb.Prog1
CTTTCAACAGTCTTCC_Hyp1,105 TMd-DMH Foxd2 Gaba,CS20230722_SUBC_105,0.3,Hyp1
CTTTCGGAGCGTTGTT_Hb3,238 NTS Phox2b Glut,CS20230722_SUBC_238,0.46,Hb3
CTTTCGGTCCATTTCA_vFb.Prog1,287 MV-SPIV-PRP Dmbx1 Gly-Gaba,CS20230722_SUBC_287,0.27,vFb.Prog1
GAAACCTAGCTGCGAA_Hb1,251 NTS Dbh Glut,CS20230722_SUBC_251,0.75,Hb1
GAAACCTCAGCCTACG_pTub,237 PRP-NI-PRNc-GRN Otp Glut,CS20230722_SUBC_237,0.79,pTub
GAACACTGTGCTGATT_Hb3,251 NTS Dbh Glut,CS20230722_SUBC_251,0.54,Hb3
GAACACTTCACGATAC_Hb3,251 NTS Dbh Glut,CS20230722_SUBC_251,0.32,Hb3
GAACTGTAGGCGAACT_Hyp1,103 PVHd-DMH Lhx6 Gaba,CS20230722_SUBC_103,0.27,Hyp1
GAAGAATAGATGACCG_Hb1,251 NTS Dbh Glut,CS20230722_SUBC_251,0.82,Hb1
GAAGAATCATATACCG_vFb.Prog1,101 ZI Pax6 Gaba,CS20230722_SUBC_101,0.86,vFb.Prog1
GAAGCGACAAGTGGTG_Hyp1,108 ARH-PVp Tbx3 Gaba,CS20230722_SUBC_108,0.19,Hyp1
GAAGCGAGTGCGGCTT_Hb1,251 NTS Dbh Glut,CS20230722_SUBC_251,0.98,Hb1
GAAGCGATCCGGCAAC_vFb.Prog1,101 ZI Pax6 Gaba,CS20230722_SUBC_101,0.39,vFb.Prog1
GAAGGACGTCTACGAT_OB,045 OB-STR-CTX Inh IMN,CS20230722_SUBC_045,0.62,OB
GAAGGACGTTTCAGAC_vFb.Prog2,319 Astro-TE NN,CS20230722_SUBC_319,0.48,vFb.Prog2
GAAGGGTCAATTTCCT_vFb.Prog1,106 PVpo-VMPO-MPN Hmx2 Gaba,CS20230722_SUBC_106,0.29,vFb.Prog1
GAAGTAAGTGTCCATA_Hyp1,107 DMH Hmx2 Gaba,CS20230722_SUBC_107,0.29,Hyp1
GAAGTAAGTTGCCGAC_Hyp2,095 DMH Prdm13 Gaba,CS20230722_SUBC_095,0.39,Hyp2
GAATAGATCTAGTACG_Hyp3,097 PVHd-SBPV Six3 Prox1 Gaba,CS20230722_SUBC_097,0.46,Hyp3
GAATCACAGGTGGCTA_Hyp3,095 DMH Prdm13 Gaba,CS20230722_SUBC_095,0.36,Hyp3
GAATCACCACGGATCC_vFb.Prog1,106 PVpo-VMPO-MPN Hmx2 Gaba,CS20230722_SUBC_106,0.24,vFb.Prog1
GAATCACCAGTAGAAT_Hb1,251 NTS Dbh Glut,CS20230722_SUBC_251,0.99,Hb1
GAATCACGTAAGGAGA_pTub,134 PH-ant-LHA Otp Bsx Glut,CS20230722_SUBC_134,0.29,pTub
GAATCACTCCATCCGT_Hb1,251 NTS Dbh Glut,CS20230722_SUBC_251,0.97,Hb1
GAATCGTTCACCATGA_Hb2,251 NTS Dbh Glut,CS20230722_SUBC_251,0.87,Hb2
GACACGCAGCCTGAAG_vFb.Prog1,164 APN C1ql4 Glut,CS20230722_SUBC_164,0.27,vFb.Prog1
GACACGCCACAGCCTG_pTub,101 ZI Pax6 Gaba,CS20230722_SUBC_101,0.24,pTub
GACATCATCACTGGTA_pTub,134 PH-ant-LHA Otp Bsx Glut,CS20230722_SUBC_134,0.56,pTub
GACCAATCACACCGAC_PrT,202 PRT Tcf7l2 Gaba,CS20230722_SUBC_202,0.22,PrT
GACCAATGTCTCGACG_vFb.Prog2,327 Oligo NN,CS20230722_SUBC_327,1.0,vFb.Prog2
GACCAATTCACTCGAA_Hyp1,094 SCH Six6 Cdc14a Gaba,CS20230722_SUBC_094,0.33,Hyp1
GACCCAGCATCTCATT_Hyp1,094 SCH Six6 Cdc14a Gaba,CS20230722_SUBC_094,0.18,Hyp1
GACCCAGTCAGTGATC_vFb.Prog1,045 OB-STR-CTX Inh IMN,CS20230722_SUBC_045,0.44,vFb.Prog1
GACCCAGTCCAGGACC_vFb.Prog1,106 PVpo-VMPO-MPN Hmx2 Gaba,CS20230722_SUBC_106,0.35,vFb.Prog1
GACCCTTCATAACGGG_Hb2,251 NTS Dbh Glut,CS20230722_SUBC_251,0.94,Hb2
GACCGTGAGAGGTCGT_pTub,283 PRP Otp Gly-Gaba,CS20230722_SUBC_283,0.88,pTub
GACCGTGCACTACCGG_vFb.Prog1,100 AHN Onecut3 Gaba,CS20230722_SUBC_100,0.3,vFb.Prog1
GACCGTGGTCTCGGAC_PrT,202 PRT Tcf7l2 Gaba,CS20230722_SUBC_202,0.37,PrT
GACCTTCAGACCTGGA_Hb3,238 NTS Phox2b Glut,CS20230722_SUBC_238,0.72,Hb3
GACCTTCTCTGGGCGT_PrT,202 PRT Tcf7l2 Gaba,CS20230722_SUBC_202,0.55,PrT
GACGCTGGTGAGGATC_Hb3,243 PGRN-PARN-MDRN Hoxb5 Glut,CS20230722_SUBC_243,0.54,Hb3
GACGCTGTCAACGCTA_Hb2,251 NTS Dbh Glut,CS20230722_SUBC_251,0.98,Hb2
GACGTTAAGATGACAT_Hyp1,097 PVHd-SBPV Six3 Prox1 Gaba,CS20230722_SUBC_097,0.31,Hyp1
GACGTTAAGATGTTGA_vFb.Prog1,203 LGv-SPFp-SPFm Nkx2-2 Tcf7l2 Gaba,CS20230722_SUBC_203,0.26,vFb.Prog1
GACGTTACACGCTGAC_PrT,202 PRT Tcf7l2 Gaba,CS20230722_SUBC_202,0.43,PrT
GACGTTATCCTCACCA_vFb.Prog1,287 MV-SPIV-PRP Dmbx1 Gly-Gaba,CS20230722_SUBC_287,0.56,vFb.Prog1
GACGTTATCTTCTCAA_pTub,251 NTS Dbh Glut,CS20230722_SUBC_251,0.52,pTub
GACTATGAGAATTGCA_vFb.Prog1,106 PVpo-VMPO-MPN Hmx2 Gaba,CS20230722_SUBC_106,0.26,vFb.Prog1
GACTATGAGGACAAGA_vFb.Prog1,245 SPVI-SPVC Tlx3 Ebf3 Glut,CS20230722_SUBC_245,0.38,vFb.Prog1
GACTCAAGTATCCCAA_Hyp1,106 PVpo-VMPO-MPN Hmx2 Gaba,CS20230722_SUBC_106,0.3,Hyp1
GACTCTCAGCCGCACT_Hyp2,108 ARH-PVp Tbx3 Gaba,CS20230722_SUBC_108,0.24,Hyp2
GACTCTCTCTCTGCTG_Hyp1,099 SBPV-PVa Six6 Satb2 Gaba,CS20230722_SUBC_099,0.32,Hyp1
GACTGATGTATCTCTT_Hb2,251 NTS Dbh Glut,CS20230722_SUBC_251,0.97,Hb2
GACTGATTCAGGACAG_vFb.Prog2,101 ZI Pax6 Gaba,CS20230722_SUBC_101,0.74,vFb.Prog2
GACTGATTCTTCTCAA_vFb.Prog1,079 CEA-BST Six3 Cyp26b1 Gaba,CS20230722_SUBC_079,0.2,vFb.Prog1
GACTTCCCAAGGCGTA_vFb.Prog1,243 PGRN-PARN-MDRN Hoxb5 Glut,CS20230722_SUBC_243,0.49,vFb.Prog1
GACTTCCGTCCAGCAC_Cb,221 LDT-PCG Vsx2 Lhx4 Glut,CS20230722_SUBC_221,0.41,Cb
GAGAAATGTCACAATC_Hyp1,103 PVHd-DMH Lhx6 Gaba,CS20230722_SUBC_103,0.21,Hyp1
GAGACCCCAAAGCTAA_Hyp3,107 DMH Hmx2 Gaba,CS20230722_SUBC_107,0.39,Hyp3
GAGACCCGTAGGCTCC_vFb.Prog2,045 OB-STR-CTX Inh IMN,CS20230722_SUBC_045,0.95,vFb.Prog2
GAGACTTCACAGCATT_vFb.Prog1,213 SCsg Gabrr2 Gaba,CS20230722_SUBC_213,0.39,vFb.Prog1
GAGACTTCAGAGTTGG_Hyp1,094 SCH Six6 Cdc14a Gaba,CS20230722_SUBC_094,0.37,Hyp1
GAGATGGCAGAGCGTA_vFb.Prog1,287 MV-SPIV-PRP Dmbx1 Gly-Gaba,CS20230722_SUBC_287,0.71,vFb.Prog1
GAGCCTGAGTAAGACT_Hb1,251 NTS Dbh Glut,CS20230722_SUBC_251,0.88,Hb1
GAGCCTGTCAGGAGAC_pTub,134 PH-ant-LHA Otp Bsx Glut,CS20230722_SUBC_134,0.52,pTub
GAGCCTGTCGTGGAAG_PrT,202 PRT Tcf7l2 Gaba,CS20230722_SUBC_202,0.55,PrT
GAGCTGCAGCCATGCC_Hyp2,108 ARH-PVp Tbx3 Gaba,CS20230722_SUBC_108,0.32,Hyp2
GAGCTGCCATCTCAAG_PrT,202 PRT Tcf7l2 Gaba,CS20230722_SUBC_202,0.23,PrT
GAGCTGCGTTAGGGTG_Hb1,251 NTS Dbh Glut,CS20230722_SUBC_251,0.61,Hb1
GAGGCAAAGAATAGTC_vFb.Prog2,101 ZI Pax6 Gaba,CS20230722_SUBC_101,0.53,vFb.Prog2
GAGGCAACAGGAGGAG_Hyp3,251 NTS Dbh Glut,CS20230722_SUBC_251,0.6,Hyp3
GAGGCAAGTGCAACAG_PrT,202 PRT Tcf7l2 Gaba,CS20230722_SUBC_202,0.35,PrT
GAGGCCTGTACAGGTG_vFb.Prog1,045 OB-STR-CTX Inh IMN,CS20230722_SUBC_045,0.79,vFb.Prog1
GAGGCCTGTACCAGAG_Hb3,238 NTS Phox2b Glut,CS20230722_SUBC_238,0.52,Hb3
GAGGCCTGTACCTAAC_Hb3,238 NTS Phox2b Glut,CS20230722_SUBC_238,0.48,Hb3
GAGGCCTTCATATGGC_OB,041 OB-in Frmd7 Gaba,CS20230722_SUBC_041,0.52,OB
GAGGGATCAGATCATC_vFb.Prog1,213 SCsg Gabrr2 Gaba,CS20230722_SUBC_213,0.51,vFb.Prog1
GAGGGATTCACTCGAA_vFb.Prog1,101 ZI Pax6 Gaba,CS20230722_SUBC_101,0.36,vFb.Prog1
GAGGGATTCTCTCGAC_Hyp1,094 SCH Six6 Cdc14a Gaba,CS20230722_SUBC_094,0.37,Hyp1
GAGGGTACAAATCGTC_vFb.Prog1,043 OB-mi Frmd7 Gaba,CS20230722_SUBC_043,0.35,vFb.Prog1
GAGGGTACAAGATGTA_vFb.Prog2,238 NTS Phox2b Glut,CS20230722_SUBC_238,0.44,vFb.Prog2
GAGTCATGTAACTTCG_Hb3,243 PGRN-PARN-MDRN Hoxb5 Glut,CS20230722_SUBC_243,0.31,Hb3
GAGTCTACAGTCCGTG_pTub,140 PMd-LHA Foxb1 Glut,CS20230722_SUBC_140,0.59,pTub
GAGTCTAGTAAGGAGA_vFb.Prog2,252 DMX VII Tbx20 Chol,CS20230722_SUBC_252,0.45,vFb.Prog2
GAGTCTAGTTTCAGAC_Hyp1,105 TMd-DMH Foxd2 Gaba,CS20230722_SUBC_105,0.61,Hyp1
GAGTCTATCACCTTAT_Hb2,251 NTS Dbh Glut,CS20230722_SUBC_251,0.94,Hb2
GAGTGAGCAATGTGGG_vFb.Prog2,099 SBPV-PVa Six6 Satb2 Gaba,CS20230722_SUBC_099,0.29,vFb.Prog2
GAGTGAGGTAGCGTTT_vFb.Prog1,276 LDT-PCG St18 Gaba,CS20230722_SUBC_276,0.4,vFb.Prog1
GAGTGAGTCATTCATC_vFb.Prog1,101 ZI Pax6 Gaba,CS20230722_SUBC_101,0.67,vFb.Prog1
GAGTGTTCACTTGGGC_Hb1,251 NTS Dbh Glut,CS20230722_SUBC_251,0.6,Hb1
GAGTTACAGCTTAAGA_PrT,202 PRT Tcf7l2 Gaba,CS20230722_SUBC_202,0.4,PrT
GAGTTGTTCAATCTTC_vFb.Prog1,139 PH-LHA Foxb1 Glut,CS20230722_SUBC_139,0.38,vFb.Prog1
GAGTTTGCAACTGAAA_Hb2,251 NTS Dbh Glut,CS20230722_SUBC_251,0.58,Hb2
GATAGAACAACGGGTA_Hyp2,045 OB-STR-CTX Inh IMN,CS20230722_SUBC_045,1.0,Hyp2
GATAGAATCCTGTAAG_OB,045 OB-STR-CTX Inh IMN,CS20230722_SUBC_045,0.66,OB
GATAGAATCGCCTAGG_Hyp2,095 DMH Prdm13 Gaba,CS20230722_SUBC_095,0.33,Hyp2
GATAGCTCAGAAGTTA_vFb.Prog1,108 ARH-PVp Tbx3 Gaba,CS20230722_SUBC_108,0.17,vFb.Prog1
GATCACAAGGAGCTGT_Hb1,251 NTS Dbh Glut,CS20230722_SUBC_251,0.9,Hb1
GATCAGTAGATGTTAG_vFb.Prog1,201 PAG-RN Nkx2-2 Otx1 Gaba,CS20230722_SUBC_201,0.32,vFb.Prog1
GATCAGTAGGTCACAG_vFb.Prog1,101 ZI Pax6 Gaba,CS20230722_SUBC_101,0.54,vFb.Prog1
GATCAGTCAATCGAAA_Hb1,251 NTS Dbh Glut,CS20230722_SUBC_251,0.49,Hb1
GATCAGTCATCTAGAC_vFb.Prog1,045 OB-STR-CTX Inh IMN,CS20230722_SUBC_045,0.9,vFb.Prog1
GATCAGTGTGGCTAGA_vFb.Prog1,080 CEA-AAA-BST Six3 Sp9 Gaba,CS20230722_SUBC_080,0.22,vFb.Prog1
GATCAGTTCGCATAGT_pTub,134 PH-ant-LHA Otp Bsx Glut,CS20230722_SUBC_134,0.45,pTub
GATCATGAGATGAACT_Hyp2,099 SBPV-PVa Six6 Satb2 Gaba,CS20230722_SUBC_099,0.29,Hyp2
GATCATGAGGTCCCTG_Hb1,251 NTS Dbh Glut,CS20230722_SUBC_251,0.97,Hb1
GATCATGGTTCCCAAA_Hb3,251 NTS Dbh Glut,CS20230722_SUBC_251,0.42,Hb3
GATCCCTGTGTAACGG_vFb.Prog2,106 PVpo-VMPO-MPN Hmx2 Gaba,CS20230722_SUBC_106,0.28,vFb.Prog2
GATCCCTGTTCCCAAA_Hyp2,098 AHN-SBPV-PVHd Pdrm12 Gaba,CS20230722_SUBC_098,0.19,Hyp2
GATCCCTTCTGTGCTC_vFb.Prog1,207 SCs Dmbx1 Gaba,CS20230722_SUBC_207,0.28,vFb.Prog1
GATCGTAGTCTCGGAC_Hyp1,097 PVHd-SBPV Six3 Prox1 Gaba,CS20230722_SUBC_097,0.25,Hyp1
GATGACTAGACCTGGA_pTub,251 NTS Dbh Glut,CS20230722_SUBC_251,0.44,pTub
GATGACTAGATGCTGG_Hyp1,107 DMH Hmx2 Gaba,CS20230722_SUBC_107,0.47,Hyp1
GATGACTTCCCTCATG_Hyp2,045 OB-STR-CTX Inh IMN,CS20230722_SUBC_045,1.0,Hyp2
GATGATCCACATGGTT_Hyp1,099 SBPV-PVa Six6 Satb2 Gaba,CS20230722_SUBC_099,0.23,Hyp1
GATGATCCATAGTCAC_Hyp2,098 AHN-SBPV-PVHd Pdrm12 Gaba,CS20230722_SUBC_098,0.42,Hyp2
GATGATCGTTCTAAGC_Cb,327 Oligo NN,CS20230722_SUBC_327,0.6,Cb
GATGCTAAGCTAGTTC_vFb.Prog1,091 ARH-PVi Six6 Dopa-Gaba,CS20230722_SUBC_091,0.35,vFb.Prog1
GATGCTAAGGGCGAAG_vFb.Prog1,098 AHN-SBPV-PVHd Pdrm12 Gaba,CS20230722_SUBC_098,0.35,vFb.Prog1
GATGCTACAGGAGACT_Hyp1,045 OB-STR-CTX Inh IMN,CS20230722_SUBC_045,0.64,Hyp1
GATGCTACATCTGTTT_vFb.Prog1,045 OB-STR-CTX Inh IMN,CS20230722_SUBC_045,0.74,vFb.Prog1
GATGCTAGTAAGGTCG_DMX,102 DMH-LHA Gsx1 Gaba,CS20230722_SUBC_102,0.13,DMX
GATGGAGAGAAACACT_Hyp1,105 TMd-DMH Foxd2 Gaba,CS20230722_SUBC_105,0.36,Hyp1
GATGGAGCACGTCGGT_vFb.Prog2,243 PGRN-PARN-MDRN Hoxb5 Glut,CS20230722_SUBC_243,0.24,vFb.Prog2
GATGGAGGTGAGCCAA_Hyp2,108 ARH-PVp Tbx3 Gaba,CS20230722_SUBC_108,0.27,Hyp2
GATGGAGTCTGTACAG_Hb2,251 NTS Dbh Glut,CS20230722_SUBC_251,0.92,Hb2
GATGTTGAGCTACAAA_Hb2,251 NTS Dbh Glut,CS20230722_SUBC_251,0.67,Hb2
GATTCGACAGCATACT_Hyp3,205 SC-PAG Lef1 Emx2 Gaba,CS20230722_SUBC_205,0.15,Hyp3
GATTCGACATCATGAC_vFb.Prog1,102 DMH-LHA Gsx1 Gaba,CS20230722_SUBC_102,0.63,vFb.Prog1
GATTCTTGTCCCTCAT_Hyp1,045 OB-STR-CTX Inh IMN,CS20230722_SUBC_045,0.93,Hyp1
GATTCTTGTTATGGTC_Hyp1,095 DMH Prdm13 Gaba,CS20230722_SUBC_095,0.3,Hyp1
GATTCTTTCGTTCTAT_Hb1,251 NTS Dbh Glut,CS20230722_SUBC_251,0.82,Hb1
GATTGGTAGCCTTCTC_vFb.Prog1,044 OB Dopa-Gaba,CS20230722_SUBC_044,0.68,vFb.Prog1
GATTTCTAGAACCGCA_vFb.Prog1,251 NTS Dbh Glut,CS20230722_SUBC_251,0.53,vFb.Prog1
GCAACATAGCTTCTAG_vFb.Prog1,091 ARH-PVi Six6 Dopa-Gaba,CS20230722_SUBC_091,0.27,vFb.Prog1
GCAACATCACAGACGA_vFb.Prog2,035 OB Eomes Ms4a15 Glut,CS20230722_SUBC_035,0.54,vFb.Prog2
GCAACCGCACAGGATG_PrT,202 PRT Tcf7l2 Gaba,CS20230722_SUBC_202,0.53,PrT
GCAACCGCACTGTCGG_Hyp1,102 DMH-LHA Gsx1 Gaba,CS20230722_SUBC_102,0.53,Hyp1
GCAACCGGTTGCGTAT_vFb.Prog2,121 MEA-BST Otp Zic2 Glut,CS20230722_SUBC_121,0.41,vFb.Prog2
GCAACCGTCCGCAAAT_pTub,237 PRP-NI-PRNc-GRN Otp Glut,CS20230722_SUBC_237,0.35,pTub
GCACGGTAGATGACAT_Hb1,251 NTS Dbh Glut,CS20230722_SUBC_251,0.58,Hb1
GCACGTGGTATACAGA_Hyp3,097 PVHd-SBPV Six3 Prox1 Gaba,CS20230722_SUBC_097,0.24,Hyp3
GCACTAAAGCACCGTC_vFb.Prog1,285 MY Lhx1 Gly-Gaba,CS20230722_SUBC_285,0.76,vFb.Prog1
GCAGCCAAGGGAGGAC_Hb2,222 PB Evx2 Glut,CS20230722_SUBC_222,0.53,Hb2
GCAGCCAAGGTGGTTG_Hb3,246 CU-ECU-SPVI Foxb1 Glut,CS20230722_SUBC_246,0.35,Hb3
GCAGCCATCACCATAG_Hb2,251 NTS Dbh Glut,CS20230722_SUBC_251,0.92,Hb2
GCAGGCTAGAATCGAT_Hyp1,094 SCH Six6 Cdc14a Gaba,CS20230722_SUBC_094,0.32,Hyp1
GCAGGCTCATTGACAC_Hb1,251 NTS Dbh Glut,CS20230722_SUBC_251,0.43,Hb1
GCAGTTAGTTGTGTAC_Hyp2,094 SCH Six6 Cdc14a Gaba,CS20230722_SUBC_094,0.27,Hyp2
GCAGTTATCGATACAC_Hyp1,045 OB-STR-CTX Inh IMN,CS20230722_SUBC_045,1.0,Hyp1
GCATCGGAGTAAACTG_vFb.Prog2,285 MY Lhx1 Gly-Gaba,CS20230722_SUBC_285,0.56,vFb.Prog2
GCATCGGCAGACACAG_vFb.Prog1,258 SPVC Nmu Glut,CS20230722_SUBC_258,0.17,vFb.Prog1
GCATCGGCATGGAAGC_vFb.Prog1,103 PVHd-DMH Lhx6 Gaba,CS20230722_SUBC_103,0.28,vFb.Prog1
GCATGATCAGGGAGAG_Hyp1,107 DMH Hmx2 Gaba,CS20230722_SUBC_107,0.22,Hyp1
GCATGATGTAACAGGC_vFb.Prog2,045 OB-STR-CTX Inh IMN,CS20230722_SUBC_045,0.77,vFb.Prog2
GCATGATGTTGAGTCT_Hb1,251 NTS Dbh Glut,CS20230722_SUBC_251,0.96,Hb1
GCCAACGAGATTAGCA_Hyp1,103 PVHd-DMH Lhx6 Gaba,CS20230722_SUBC_103,0.19,Hyp1
GCCAACGCAGACCATT_Hyp1,092 TMv-PMv Tbx3 Hist-Gaba,CS20230722_SUBC_092,0.47,Hyp1
GCCAACGTCGACATCA_PrT,202 PRT Tcf7l2 Gaba,CS20230722_SUBC_202,0.42,PrT
GCCAGCACATAAGCAA_vFb.Prog2,201 PAG-RN Nkx2-2 Otx1 Gaba,CS20230722_SUBC_201,0.64,vFb.Prog2
GCCAGCAGTCCCTGTT_pTub,134 PH-ant-LHA Otp Bsx Glut,CS20230722_SUBC_134,0.48,pTub
GCCAGGTTCGTCGATA_vFb.Prog2,091 ARH-PVi Six6 Dopa-Gaba,CS20230722_SUBC_091,0.68,vFb.Prog2
GCCAGTGCATGACCCG_Hb2,251 NTS Dbh Glut,CS20230722_SUBC_251,0.86,Hb2
GCCATGGGTTACGATC_Hb1,251 NTS Dbh Glut,CS20230722_SUBC_251,1.0,Hb1
GCCATTCAGGTCTACT_Hyp1,095 DMH Prdm13 Gaba,CS20230722_SUBC_095,0.21,Hyp1
GCCATTCTCAGTGCGC_vFb.Prog2,209 SCs Pax7 Nfia Gaba,CS20230722_SUBC_209,0.26,vFb.Prog2
GCCCAGACAAGTCATC_pTub,139 PH-LHA Foxb1 Glut,CS20230722_SUBC_139,0.3,pTub
GCCCAGATCTGAGAGG_vFb.Prog2,049 Lamp5 Gaba,CS20230722_SUBC_049,0.4,vFb.Prog2
GCCCAGATCTTTCCAA_Hyp1,107 DMH Hmx2 Gaba,CS20230722_SUBC_107,0.34,Hyp1
GCCCGAACACTAACCA_vFb.Prog1,103 PVHd-DMH Lhx6 Gaba,CS20230722_SUBC_103,0.35,vFb.Prog1
GCCCGAATCGATTGAC_Hb3,251 NTS Dbh Glut,CS20230722_SUBC_251,0.34,Hb3
GCCGATGAGGGTTGCA_vFb.Prog1,238 NTS Phox2b Glut,CS20230722_SUBC_238,0.31,vFb.Prog1
GCCGATGCAGGTGACA_Hb1,251 NTS Dbh Glut,CS20230722_SUBC_251,0.94,Hb1
GCCGTGATCACTGGTA_OB,043 OB-mi Frmd7 Gaba,CS20230722_SUBC_043,0.46,OB
GCCTGTTAGGTCTTTG_vFb.Prog1,080 CEA-AAA-BST Six3 Sp9 Gaba,CS20230722_SUBC_080,0.47,vFb.Prog1
GCCTGTTGTATCTCGA_Hyp1,108 ARH-PVp Tbx3 Gaba,CS20230722_SUBC_108,0.18,Hyp1
GCCTGTTGTCAGGAGT_vFb.Prog1,243 PGRN-PARN-MDRN Hoxb5 Glut,CS20230722_SUBC_243,0.43,vFb.Prog1
GCGAGAATCCTTCTTC_vFb.Prog2,045 OB-STR-CTX Inh IMN,CS20230722_SUBC_045,0.71,vFb.Prog2
GCGAGAATCGAATCCA_vFb.Prog1,102 DMH-LHA Gsx1 Gaba,CS20230722_SUBC_102,0.23,vFb.Prog1
GCGATCGCAGCTTCCT_Hyp2,107 DMH Hmx2 Gaba,CS20230722_SUBC_107,0.24,Hyp2
GCGATCGTCACCTGTC_vFb.Prog2,091 ARH-PVi Six6 Dopa-Gaba,CS20230722_SUBC_091,0.3,vFb.Prog2
GCGATCGTCAGTCATG_Hb1,251 NTS Dbh Glut,CS20230722_SUBC_251,0.81,Hb1
GCGGATCCACGTAACT_vFb.Prog1,036 HPF CR Glut,CS20230722_SUBC_036,0.74,vFb.Prog1
GCGGATCTCATCGTAG_Hyp3,094 SCH Six6 Cdc14a Gaba,CS20230722_SUBC_094,0.22,Hyp3
GCGTGCACAGATTCGT_Hb1,251 NTS Dbh Glut,CS20230722_SUBC_251,0.89,Hb1
GCGTTTCCACGCGTCA_Hb1,251 NTS Dbh Glut,CS20230722_SUBC_251,0.97,Hb1
GCGTTTCCAGAGTAAT_Hyp3,043 OB-mi Frmd7 Gaba,CS20230722_SUBC_043,0.41,Hyp3
GCGTTTCTCGGCCAAC_Hyp1,251 NTS Dbh Glut,CS20230722_SUBC_251,0.78,Hyp1
GCGTTTCTCTCATTAC_Hyp3,099 SBPV-PVa Six6 Satb2 Gaba,CS20230722_SUBC_099,0.86,Hyp3
GCTACAAAGAATCTAG_vFb.Prog1,073 MEA-BST Sox6 Gaba,CS20230722_SUBC_073,0.57,vFb.Prog1
GCTACAAAGCAGGCTA_Hb2,251 NTS Dbh Glut,CS20230722_SUBC_251,1.0,Hb2
GCTACAACACTAACGT_Hb1,251 NTS Dbh Glut,CS20230722_SUBC_251,0.49,Hb1
GCTACCTAGATGAAGG_Hyp1,097 PVHd-SBPV Six3 Prox1 Gaba,CS20230722_SUBC_097,0.48,Hyp1
GCTACCTTCCCTCATG_vFb.Prog1,045 OB-STR-CTX Inh IMN,CS20230722_SUBC_045,0.93,vFb.Prog1
GCTACCTTCCGCTGTT_vFb.Prog2,045 OB-STR-CTX Inh IMN,CS20230722_SUBC_045,0.96,vFb.Prog2
GCTCAAACACAAAGCG_PrT,202 PRT Tcf7l2 Gaba,CS20230722_SUBC_202,0.6,PrT
GCTGAATCAGTTGTTG_Hb1,251 NTS Dbh Glut,CS20230722_SUBC_251,0.95,Hb1
GCTGAATGTGAGTAGC_vFb.Prog2,101 ZI Pax6 Gaba,CS20230722_SUBC_101,0.43,vFb.Prog2
GCTGAATGTGATTGGG_pTub,134 PH-ant-LHA Otp Bsx Glut,CS20230722_SUBC_134,0.55,pTub
GCTGAATTCGACCATA_Hyp3,107 DMH Hmx2 Gaba,CS20230722_SUBC_107,0.23,Hyp3
GCTGCAGAGATACGAT_vFb.Prog1,213 SCsg Gabrr2 Gaba,CS20230722_SUBC_213,0.56,vFb.Prog1
GCTGCAGAGCGTGCTC_Hb1,251 NTS Dbh Glut,CS20230722_SUBC_251,0.98,Hb1
GCTGCAGAGTGCTACT_Hb2,251 NTS Dbh Glut,CS20230722_SUBC_251,0.5,Hb2
GCTGCAGGTGACTCTA_Hb2,251 NTS Dbh Glut,CS20230722_SUBC_251,0.8,Hb2
GCTGGGTAGGAATTAC_vFb.Prog2,063 STR D1 Sema5a Gaba,CS20230722_SUBC_063,0.33,vFb.Prog2
GCTTCACGTACCCAGC_Hyp1,105 TMd-DMH Foxd2 Gaba,CS20230722_SUBC_105,0.31,Hyp1
GCTTCACGTCAATCTG_pTub,133 PVH-SO-PVa Otp Glut,CS20230722_SUBC_133,0.43,pTub
GCTTGGGAGCGAGTCA_Hyp2,101 ZI Pax6 Gaba,CS20230722_SUBC_101,0.25,Hyp2
GCTTTCGGTATTTCCT_Hyp3,248 MV-SPIV Zic4 Neurod2 Glut,CS20230722_SUBC_248,0.34,Hyp3
GCTTTCGGTGTACGCC_vFb.Prog1,101 ZI Pax6 Gaba,CS20230722_SUBC_101,0.77,vFb.Prog1
GGAACCCGTGGACAGT_Hb1,251 NTS Dbh Glut,CS20230722_SUBC_251,0.99,Hb1
GGAACCCTCATCTACT_Hb1,251 NTS Dbh Glut,CS20230722_SUBC_251,0.98,Hb1
GGAACCCTCCCTCATG_Cb,262 Pineal Crx Glut,CS20230722_SUBC_262,1.0,Cb
GGAACCCTCGGTTGTA_Hyp2,108 ARH-PVp Tbx3 Gaba,CS20230722_SUBC_108,0.43,Hyp2
GGAACCCTCGTAGAGG_Hb3,238 NTS Phox2b Glut,CS20230722_SUBC_238,0.55,Hb3
GGAAGTGGTAGACACG_Hyp3,105 TMd-DMH Foxd2 Gaba,CS20230722_SUBC_105,0.34,Hyp3
GGAATGGAGGAGGGTG_Cb,038 DG-PIR Ex IMN,CS20230722_SUBC_038,0.99,Cb
GGACGTCTCATGAGTC_Hyp1,094 SCH Six6 Cdc14a Gaba,CS20230722_SUBC_094,0.24,Hyp1
GGAGAACGTAACTGCT_vFb.Prog2,088 BST Tac2 Gaba,CS20230722_SUBC_088,0.28,vFb.Prog2
GGAGAACGTCGCATCG_vFb.Prog1,285 MY Lhx1 Gly-Gaba,CS20230722_SUBC_285,0.47,vFb.Prog1
GGAGATGTCCCGAACG_vFb.Prog1,101 ZI Pax6 Gaba,CS20230722_SUBC_101,0.6,vFb.Prog1
GGAGATGTCGAGTACT_Hb3,251 NTS Dbh Glut,CS20230722_SUBC_251,0.8,Hb3
GGAGCAAAGCAAATCA_Hb3,285 MY Lhx1 Gly-Gaba,CS20230722_SUBC_285,0.53,Hb3
GGAGGATAGATCGCTT_pTub,251 NTS Dbh Glut,CS20230722_SUBC_251,0.38,pTub
GGAGGATAGGATGTTA_Hyp3,099 SBPV-PVa Six6 Satb2 Gaba,CS20230722_SUBC_099,0.57,Hyp3
GGAGGATCAACGGGTA_Hyp1,102 DMH-LHA Gsx1 Gaba,CS20230722_SUBC_102,0.27,Hyp1
GGAGGATTCACGGTCG_Hyp1,100 AHN Onecut3 Gaba,CS20230722_SUBC_100,0.27,Hyp1
GGAGGTAGTTCCGTTC_OB,044 OB Dopa-Gaba,CS20230722_SUBC_044,0.45,OB
GGATCTACACATATCG_vFb.Prog2,045 OB-STR-CTX Inh IMN,CS20230722_SUBC_045,0.65,vFb.Prog2
GGATCTAGTAGGCTGA_vFb.Prog2,251 NTS Dbh Glut,CS20230722_SUBC_251,0.57,vFb.Prog2
GGATCTATCTCATAGG_Hyp3,107 DMH Hmx2 Gaba,CS20230722_SUBC_107,0.23,Hyp3
GGATGTTCAAGTGATA_DMX,243 PGRN-PARN-MDRN Hoxb5 Glut,CS20230722_SUBC_243,0.51,DMX
GGATGTTGTATCGCTA_Hyp3,095 DMH Prdm13 Gaba,CS20230722_SUBC_095,0.31,Hyp3
GGATGTTTCAGCAATC_vFb.Prog1,285 MY Lhx1 Gly-Gaba,CS20230722_SUBC_285,0.43,vFb.Prog1
GGCACGTCACACAGCC_vFb.Prog1,251 NTS Dbh Glut,CS20230722_SUBC_251,0.38,vFb.Prog1
GGCAGTCGTGGGTTGA_DMX,252 DMX VII Tbx20 Chol,CS20230722_SUBC_252,0.3,DMX
GGCGTCAGTCTTAGTG_DMX,285 MY Lhx1 Gly-Gaba,CS20230722_SUBC_285,0.75,DMX
GGCTGTGCACGAAAGC_PrT,202 PRT Tcf7l2 Gaba,CS20230722_SUBC_202,0.83,PrT
GGCTTGGGTCCAAAGG_Hb3,243 PGRN-PARN-MDRN Hoxb5 Glut,CS20230722_SUBC_243,0.31,Hb3
GGCTTTCAGCTGTGCC_Cb,045 OB-STR-CTX Inh IMN,CS20230722_SUBC_045,0.97,Cb
GGCTTTCCATGGGTCC_Hyp3,273 PDTg-PCG Pax6 Gaba,CS20230722_SUBC_273,0.17,Hyp3
GGGAAGTCAGCTGTAT_Hb1,251 NTS Dbh Glut,CS20230722_SUBC_251,0.94,Hb1
GGGAAGTGTCCGCAGT_Hb2,251 NTS Dbh Glut,CS20230722_SUBC_251,0.69,Hb2
GGGAAGTGTGATGAAT_Hyp2,103 PVHd-DMH Lhx6 Gaba,CS20230722_SUBC_103,0.18,Hyp2
GGGAAGTTCCGGCTTT_Hyp2,094 SCH Six6 Cdc14a Gaba,CS20230722_SUBC_094,0.3,Hyp2
GGGACAAAGGGCTGAT_Hyp3,108 ARH-PVp Tbx3 Gaba,CS20230722_SUBC_108,0.24,Hyp3
GGGACAATCTTAGCAG_vFb.Prog1,103 PVHd-DMH Lhx6 Gaba,CS20230722_SUBC_103,0.72,vFb.Prog1
GGGACCTCAGGTCCCA_Hb2,251 NTS Dbh Glut,CS20230722_SUBC_251,0.7,Hb2
GGGACCTGTATGAGAT_vFb.Prog1,099 SBPV-PVa Six6 Satb2 Gaba,CS20230722_SUBC_099,0.36,vFb.Prog1
GGGACTCAGGTTGAGC_vFb.Prog2,238 NTS Phox2b Glut,CS20230722_SUBC_238,0.29,vFb.Prog2
GGGACTCGTCCCTGAG_Hyp1,045 OB-STR-CTX Inh IMN,CS20230722_SUBC_045,0.84,Hyp1
GGGAGATCATGAGATA_Hyp2,045 OB-STR-CTX Inh IMN,CS20230722_SUBC_045,1.0,Hyp2
GGGAGTACATCAACCA_Hyp3,045 OB-STR-CTX Inh IMN,CS20230722_SUBC_045,0.9,Hyp3
GGGAGTAGTACCCGAC_PrT,095 DMH Prdm13 Gaba,CS20230722_SUBC_095,0.3,PrT
GGGAGTAGTTAGGCCC_pTub,134 PH-ant-LHA Otp Bsx Glut,CS20230722_SUBC_134,0.66,pTub
GGGATCCAGTGTTGAA_PrT,202 PRT Tcf7l2 Gaba,CS20230722_SUBC_202,0.67,PrT
GGGATCCGTGTAACGG_Hb3,238 NTS Phox2b Glut,CS20230722_SUBC_238,0.6,Hb3
GGGATCCTCTATTCGT_vFb.Prog2,252 DMX VII Tbx20 Chol,CS20230722_SUBC_252,0.28,vFb.Prog2
GGGATGAAGCTCTATG_OB,045 OB-STR-CTX Inh IMN,CS20230722_SUBC_045,0.42,OB
GGGATGACACCACATA_vFb.Prog1,094 SCH Six6 Cdc14a Gaba,CS20230722_SUBC_094,0.33,vFb.Prog1
GGGATGACACCCTGTT_Hyp2,103 PVHd-DMH Lhx6 Gaba,CS20230722_SUBC_103,0.25,Hyp2
GGGCGTTAGCCGGAAT_pTub,134 PH-ant-LHA Otp Bsx Glut,CS20230722_SUBC_134,0.6,pTub
GGGCGTTCACCAAAGG_Cb,045 OB-STR-CTX Inh IMN,CS20230722_SUBC_045,1.0,Cb
GGGCGTTTCGGCAGTC_Hyp3,045 OB-STR-CTX Inh IMN,CS20230722_SUBC_045,0.78,Hyp3
GGGCTACAGCACTAAA_Hyp3,108 ARH-PVp Tbx3 Gaba,CS20230722_SUBC_108,0.33,Hyp3
GGGCTACGTTGCCAAT_vFb.Prog1,106 PVpo-VMPO-MPN Hmx2 Gaba,CS20230722_SUBC_106,0.53,vFb.Prog1
GGGCTCAAGCCATCCG_Hyp3,106 PVpo-VMPO-MPN Hmx2 Gaba,CS20230722_SUBC_106,0.25,Hyp3
GGGCTCACACTCTAGA_Hyp1,108 ARH-PVp Tbx3 Gaba,CS20230722_SUBC_108,0.25,Hyp1
GGGCTCATCGCCTCTA_Hyp1,102 DMH-LHA Gsx1 Gaba,CS20230722_SUBC_102,0.21,Hyp1
GGGTAGACAGTGTGGA_Hyp1,094 SCH Six6 Cdc14a Gaba,CS20230722_SUBC_094,0.37,Hyp1
GGGTAGAGTCGTCATA_pTub,215 SNc-VTA-RAmb Foxa1 Dopa,CS20230722_SUBC_215,1.0,pTub
GGGTAGATCACTGCTC_vFb.Prog1,080 CEA-AAA-BST Six3 Sp9 Gaba,CS20230722_SUBC_080,0.37,vFb.Prog1
GGGTATTAGCACGTCC_Hyp2,108 ARH-PVp Tbx3 Gaba,CS20230722_SUBC_108,0.26,Hyp2
GGGTCACTCTTCGTAT_pTub,134 PH-ant-LHA Otp Bsx Glut,CS20230722_SUBC_134,0.57,pTub
GGGTGAAAGCACTAGG_vFb.Prog2,101 ZI Pax6 Gaba,CS20230722_SUBC_101,0.51,vFb.Prog2
GGGTGAAAGGTTATAG_Hyp2,102 DMH-LHA Gsx1 Gaba,CS20230722_SUBC_102,0.4,Hyp2
GGGTGTCCAACCTATG_Hb1,251 NTS Dbh Glut,CS20230722_SUBC_251,0.81,Hb1
GGGTGTCGTTAAGGAT_Hyp2,108 ARH-PVp Tbx3 Gaba,CS20230722_SUBC_108,0.64,Hyp2
GGGTGTCTCGACGCGT_Hyp3,039 OB Meis2 Thsd7b Gaba,CS20230722_SUBC_039,0.35,Hyp3
GGGTTATAGTTGCGAG_PrT,046 Vip Gaba,CS20230722_SUBC_046,0.86,PrT
GGGTTATTCAAGCCAT_pTub,251 NTS Dbh Glut,CS20230722_SUBC_251,0.7,pTub
GGGTTATTCACCTGGG_Hb1,251 NTS Dbh Glut,CS20230722_SUBC_251,0.97,Hb1
GGGTTTAGTGTTCGAT_vFb.Prog1,243 PGRN-PARN-MDRN Hoxb5 Glut,CS20230722_SUBC_243,0.4,vFb.Prog1
GGGTTTATCAATCTTC_vFb.Prog2,321 Astroependymal NN,CS20230722_SUBC_321,0.52,vFb.Prog2
GGTAACTAGATGTTCC_vFb.Prog1,167 PRC-PAG Tcf7l2 Irx2 Glut,CS20230722_SUBC_167,0.3,vFb.Prog1
GGTAATCCACAAATGA_pTub,139 PH-LHA Foxb1 Glut,CS20230722_SUBC_139,0.44,pTub
GGTAATCCACTGTCGG_Hb1,251 NTS Dbh Glut,CS20230722_SUBC_251,0.95,Hb1
GGTAGAGGTGGTTCTA_PrT,202 PRT Tcf7l2 Gaba,CS20230722_SUBC_202,0.23,PrT
GGTCACGGTCTAACGT_Hb2,251 NTS Dbh Glut,CS20230722_SUBC_251,0.86,Hb2
GGTCACGGTGTCCTAA_Hyp3,326 OPC NN,CS20230722_SUBC_326,0.87,Hyp3
GGTCTGGAGTTAACAG_PrT,045 OB-STR-CTX Inh IMN,CS20230722_SUBC_045,0.45,PrT
GGTCTGGCACACTGGC_Hb1,251 NTS Dbh Glut,CS20230722_SUBC_251,0.95,Hb1
GGTGAAGAGCATTTGC_DMX,252 DMX VII Tbx20 Chol,CS20230722_SUBC_252,0.58,DMX
GGTGAAGAGGAATTAC_Hb1,248 MV-SPIV Zic4 Neurod2 Glut,CS20230722_SUBC_248,0.45,Hb1
GGTGAAGTCAGTGTGT_Hyp1,045 OB-STR-CTX Inh IMN,CS20230722_SUBC_045,1.0,Hyp1
GGTGATTGTCCAAGAG_Hyp1,105 TMd-DMH Foxd2 Gaba,CS20230722_SUBC_105,0.3,Hyp1
GGTGGCTGTGCTGATT_vFb.Prog2,231 IPN-LDT Vsx2 Nkx6-1 Glut,CS20230722_SUBC_231,0.29,vFb.Prog2
GGTGGCTGTTGACTAC_Hyp3,045 OB-STR-CTX Inh IMN,CS20230722_SUBC_045,0.28,Hyp3
GGTTAACCACAATCTG_Hb3,243 PGRN-PARN-MDRN Hoxb5 Glut,CS20230722_SUBC_243,0.41,Hb3
GGTTAACTCTTAAGGC_OB,238 NTS Phox2b Glut,CS20230722_SUBC_238,0.51,OB
GGTTCTCCACAACGTT_vFb.Prog1,132 AHN-RCH-LHA Otp Fezf1 Glut,CS20230722_SUBC_132,0.43,vFb.Prog1
GGTTGTACATCGATCA_Hyp2,127 DMH-LHA Vgll2 Glut,CS20230722_SUBC_127,0.33,Hyp2
GGTTGTACATCTAACG_vFb.Prog2,251 NTS Dbh Glut,CS20230722_SUBC_251,0.75,vFb.Prog2
GGTTGTAGTACTAAGA_Hb1,251 NTS Dbh Glut,CS20230722_SUBC_251,0.6,Hb1
GGTTGTAGTGTTCCAA_vFb.Prog1,094 SCH Six6 Cdc14a Gaba,CS20230722_SUBC_094,0.41,vFb.Prog1
GGTTGTAGTTCCGGTG_Hb3,243 PGRN-PARN-MDRN Hoxb5 Glut,CS20230722_SUBC_243,0.44,Hb3
GGTTGTATCGATCCAA_PrT,203 LGv-SPFp-SPFm Nkx2-2 Tcf7l2 Gaba,CS20230722_SUBC_203,0.44,PrT
GTAACACAGGCTTTCA_Hb1,251 NTS Dbh Glut,CS20230722_SUBC_251,0.88,Hb1
GTAACACGTGCAGTGA_Hyp1,045 OB-STR-CTX Inh IMN,CS20230722_SUBC_045,0.97,Hyp1
GTAACCACATAGCTGT_Hyp2,094 SCH Six6 Cdc14a Gaba,CS20230722_SUBC_094,0.2,Hyp2
GTAACCAGTAGCGTCC_PrT,210 PRT Mecom Gaba,CS20230722_SUBC_210,0.21,PrT
GTAACCATCTCGAGTA_Hb1,251 NTS Dbh Glut,CS20230722_SUBC_251,0.76,Hb1
GTAAGTCTCACCTCAC_PrT,107 DMH Hmx2 Gaba,CS20230722_SUBC_107,0.29,PrT
GTAAGTCTCCCAATAG_Hb1,251 NTS Dbh Glut,CS20230722_SUBC_251,0.65,Hb1
GTAATCGGTAGAGGAA_Hyp1,095 DMH Prdm13 Gaba,CS20230722_SUBC_095,0.39,Hyp1
GTAATCGTCATTATCC_Hyp1,104 TU-ARH Otp Six6 Gaba,CS20230722_SUBC_104,0.28,Hyp1
GTAATCGTCGGTTGTA_Hb1,251 NTS Dbh Glut,CS20230722_SUBC_251,0.93,Hb1
GTAATGCAGCTAGAGC_Hb1,251 NTS Dbh Glut,CS20230722_SUBC_251,0.98,Hb1
GTAATGCCAAGCGAAC_vFb.Prog1,099 SBPV-PVa Six6 Satb2 Gaba,CS20230722_SUBC_099,0.33,vFb.Prog1
GTAATGCGTTCCGCGA_Hyp2,108 ARH-PVp Tbx3 Gaba,CS20230722_SUBC_108,0.41,Hyp2
GTAATGCTCTTCGGTC_pTub,132 AHN-RCH-LHA Otp Fezf1 Glut,CS20230722_SUBC_132,0.75,pTub
GTACAGTGTAATTGGA_Hyp3,094 SCH Six6 Cdc14a Gaba,CS20230722_SUBC_094,0.2,Hyp3
GTAGAAAAGGACAGTC_Hyp2,106 PVpo-VMPO-MPN Hmx2 Gaba,CS20230722_SUBC_106,0.27,Hyp2
GTAGAAAGTGTTCCTC_vFb.Prog1,103 PVHd-DMH Lhx6 Gaba,CS20230722_SUBC_103,0.34,vFb.Prog1
GTAGAAATCCACGTAA_vFb.Prog1,093 RT-ZI Gnb3 Gaba,CS20230722_SUBC_093,0.28,vFb.Prog1
GTAGAGGAGTCACGAG_Hyp2,045 OB-STR-CTX Inh IMN,CS20230722_SUBC_045,1.0,Hyp2
GTAGAGGCAAGACGGT_OB,044 OB Dopa-Gaba,CS20230722_SUBC_044,0.84,OB
GTAGAGGCAATTTCGG_Hyp2,103 PVHd-DMH Lhx6 Gaba,CS20230722_SUBC_103,0.29,Hyp2
GTAGAGGGTCTCGCGA_Cb,045 OB-STR-CTX Inh IMN,CS20230722_SUBC_045,1.0,Cb
GTAGATCGTACTCAAC_vFb.Prog2,101 ZI Pax6 Gaba,CS20230722_SUBC_101,0.75,vFb.Prog2
GTAGGAGAGATCACTC_Hb3,243 PGRN-PARN-MDRN Hoxb5 Glut,CS20230722_SUBC_243,0.46,Hb3
GTAGGAGCATGGCGCT_Hyp1,107 DMH Hmx2 Gaba,CS20230722_SUBC_107,0.39,Hyp1
GTAGGAGCATGGTACT_PrT,203 LGv-SPFp-SPFm Nkx2-2 Tcf7l2 Gaba,CS20230722_SUBC_203,0.46,PrT
GTAGTACCATGGCTAT_PrT,202 PRT Tcf7l2 Gaba,CS20230722_SUBC_202,0.42,PrT
GTAGTACGTGCGTTTA_Hyp3,322 Tanycyte NN,CS20230722_SUBC_322,0.62,Hyp3
GTATTGGAGGTGCGAT_Hb2,251 NTS Dbh Glut,CS20230722_SUBC_251,0.95,Hb2
GTATTGGCAATGAGCG_pTub,134 PH-ant-LHA Otp Bsx Glut,CS20230722_SUBC_134,0.57,pTub
GTATTGGCACCCTTAC_Cb,045 OB-STR-CTX Inh IMN,CS20230722_SUBC_045,0.91,Cb
GTATTTCTCGGTTCAA_vFb.Prog2,039 OB Meis2 Thsd7b Gaba,CS20230722_SUBC_039,0.47,vFb.Prog2
GTCAAACAGGCCCGTT_Hb1,251 NTS Dbh Glut,CS20230722_SUBC_251,0.99,Hb1
GTCAAACCAGAGAATT_OB,045 OB-STR-CTX Inh IMN,CS20230722_SUBC_045,0.42,OB
GTCAAACCATGAAAGT_pTub,237 PRP-NI-PRNc-GRN Otp Glut,CS20230722_SUBC_237,0.74,pTub
GTCAAGTAGACTCTTG_vFb.Prog1,045 OB-STR-CTX Inh IMN,CS20230722_SUBC_045,1.0,vFb.Prog1
GTCAAGTCAATGCAGG_vFb.Prog1,133 PVH-SO-PVa Otp Glut,CS20230722_SUBC_133,0.32,vFb.Prog1
GTCACGGAGTACCCTA_Hyp1,091 ARH-PVi Six6 Dopa-Gaba,CS20230722_SUBC_091,0.3,Hyp1
GTCACGGCAAATGATG_PrT,202 PRT Tcf7l2 Gaba,CS20230722_SUBC_202,0.52,PrT
GTCACGGCAGAATCGG_Hb1,251 NTS Dbh Glut,CS20230722_SUBC_251,0.88,Hb1
GTCACTCAGCCAAGTG_OB,044 OB Dopa-Gaba,CS20230722_SUBC_044,0.47,OB
GTCACTCCAACGATCT_vFb.Prog2,168 SPA-SPFm-SPFp-POL-PIL-PoT Sp9 Glut,CS20230722_SUBC_168,0.68,vFb.Prog2
GTCACTCCAGCAGTAG_vFb.Prog2,107 DMH Hmx2 Gaba,CS20230722_SUBC_107,0.49,vFb.Prog2
GTCACTCCATGACAAA_Hb1,251 NTS Dbh Glut,CS20230722_SUBC_251,0.92,Hb1
GTCAGCGAGGCCTAGA_Hyp3,086 MPO-ADP Lhx8 Gaba,CS20230722_SUBC_086,0.55,Hyp3
GTCATCCCAATACGCT_Hb1,251 NTS Dbh Glut,CS20230722_SUBC_251,0.93,Hb1
GTCATGAGTAGCTAAA_Hyp2,095 DMH Prdm13 Gaba,CS20230722_SUBC_095,0.17,Hyp2
GTCATGAGTCTGCATA_vFb.Prog2,247 MV-SPIV Phox2b Ebf3 Lbx1 Glut,CS20230722_SUBC_247,0.42,vFb.Prog2
GTCATTTAGCCTGAAG_Hb2,251 NTS Dbh Glut,CS20230722_SUBC_251,0.88,Hb2
GTCATTTCATCTGTTT_vFb.Prog2,202 PRT Tcf7l2 Gaba,CS20230722_SUBC_202,0.57,vFb.Prog2
GTCATTTTCCGGTAGC_PrT,203 LGv-SPFp-SPFm Nkx2-2 Tcf7l2 Gaba,CS20230722_SUBC_203,0.32,PrT
GTCCACTCAGGTTTAC_vFb.Prog2,181 IC Tfap2d Maf Glut,CS20230722_SUBC_181,0.48,vFb.Prog2
GTCCACTGTGCTCTCT_Hyp3,045 OB-STR-CTX Inh IMN,CS20230722_SUBC_045,0.93,Hyp3
GTCCTCATCCAGTTCC_Hb2,251 NTS Dbh Glut,CS20230722_SUBC_251,0.95,Hb2
GTCGAATAGCCAGAGT_DMX,252 DMX VII Tbx20 Chol,CS20230722_SUBC_252,0.45,DMX
GTCGAATCATACTGAC_pTub,237 PRP-NI-PRNc-GRN Otp Glut,CS20230722_SUBC_237,0.67,pTub
GTCGAATCATCTCGTC_PrT,202 PRT Tcf7l2 Gaba,CS20230722_SUBC_202,0.42,PrT
GTCGTAATCCACCTGT_vFb.Prog1,045 OB-STR-CTX Inh IMN,CS20230722_SUBC_045,0.64,vFb.Prog1
GTCGTAATCTAAACGC_vFb.Prog1,285 MY Lhx1 Gly-Gaba,CS20230722_SUBC_285,0.38,vFb.Prog1
GTCGTTCAGATTGTGA_Hyp3,094 SCH Six6 Cdc14a Gaba,CS20230722_SUBC_094,0.32,Hyp3
GTCGTTCCAATAGAGT_Hb1,251 NTS Dbh Glut,CS20230722_SUBC_251,0.94,Hb1
GTCTACCCATAGAAAC_Hyp1,045 OB-STR-CTX Inh IMN,CS20230722_SUBC_045,0.97,Hyp1
GTCTACCTCGAGATAA_Hyp1,104 TU-ARH Otp Six6 Gaba,CS20230722_SUBC_104,0.18,Hyp1
GTCTAGAAGATGCTTC_vFb.Prog1,207 SCs Dmbx1 Gaba,CS20230722_SUBC_207,0.93,vFb.Prog1
GTCTAGAAGCGCTGAA_DMX,252 DMX VII Tbx20 Chol,CS20230722_SUBC_252,0.44,DMX
GTCTAGACAAGTGGGT_pTub,133 PVH-SO-PVa Otp Glut,CS20230722_SUBC_133,0.66,pTub
GTCTAGAGTCGATGCC_Hb2,238 NTS Phox2b Glut,CS20230722_SUBC_238,0.46,Hb2
GTCTAGAGTTACCCAA_Hyp3,100 AHN Onecut3 Gaba,CS20230722_SUBC_100,0.3,Hyp3
GTCTAGATCCAGTGCG_Hyp2,108 ARH-PVp Tbx3 Gaba,CS20230722_SUBC_108,0.34,Hyp2
GTCTCACAGCGCATCC_Hyp2,108 ARH-PVp Tbx3 Gaba,CS20230722_SUBC_108,0.26,Hyp2
GTCTCACTCCTGGCTT_Hyp1,107 DMH Hmx2 Gaba,CS20230722_SUBC_107,0.28,Hyp1
GTCTGTCAGTCACGAG_OB,039 OB Meis2 Thsd7b Gaba,CS20230722_SUBC_039,0.45,OB
GTCTGTCGTAGTACGG_pTub,237 PRP-NI-PRNc-GRN Otp Glut,CS20230722_SUBC_237,0.78,pTub
GTCTTTAAGAAGTATC_vFb.Prog1,045 OB-STR-CTX Inh IMN,CS20230722_SUBC_045,0.47,vFb.Prog1
GTCTTTAAGCCGCACT_Hyp1,105 TMd-DMH Foxd2 Gaba,CS20230722_SUBC_105,0.39,Hyp1
GTCTTTACACCCTAGG_vFb.Prog1,094 SCH Six6 Cdc14a Gaba,CS20230722_SUBC_094,0.31,vFb.Prog1
GTGACGCCACTACCCT_Hb1,251 NTS Dbh Glut,CS20230722_SUBC_251,0.55,Hb1
GTGAGCCAGATGAATC_vFb.Prog1,094 SCH Six6 Cdc14a Gaba,CS20230722_SUBC_094,0.51,vFb.Prog1
GTGAGTTAGAAGCGAA_vFb.Prog1,089 PVR Six3 Sox3 Gaba,CS20230722_SUBC_089,0.43,vFb.Prog1
GTGAGTTTCTGCGGCA_Hb2,251 NTS Dbh Glut,CS20230722_SUBC_251,0.94,Hb2
GTGATGTAGCTGTTAC_PrT,210 PRT Mecom Gaba,CS20230722_SUBC_210,0.39,PrT
GTGATGTCAAGCACAG_Hyp1,106 PVpo-VMPO-MPN Hmx2 Gaba,CS20230722_SUBC_106,0.18,Hyp1
GTGATGTTCTTCACAT_OB,045 OB-STR-CTX Inh IMN,CS20230722_SUBC_045,0.43,OB
GTGCACGCAGGCTCTG_vFb.Prog1,327 Oligo NN,CS20230722_SUBC_327,0.62,vFb.Prog1
GTGCAGCCAATGTTGC_Hyp1,107 DMH Hmx2 Gaba,CS20230722_SUBC_107,0.38,Hyp1
GTGCAGCGTGTGAATA_PrT,202 PRT Tcf7l2 Gaba,CS20230722_SUBC_202,0.83,PrT
GTGCGTGAGTTTGTCG_Hb2,251 NTS Dbh Glut,CS20230722_SUBC_251,0.95,Hb2
GTGCGTGTCCCATTCG_Hyp1,045 OB-STR-CTX Inh IMN,CS20230722_SUBC_045,0.89,Hyp1
GTGCTGGCAATCACGT_Hyp1,104 TU-ARH Otp Six6 Gaba,CS20230722_SUBC_104,0.22,Hyp1
GTGCTGGGTGACTATC_PrT,202 PRT Tcf7l2 Gaba,CS20230722_SUBC_202,0.52,PrT
GTGCTGGGTGTTGCCG_vFb.Prog1,213 SCsg Gabrr2 Gaba,CS20230722_SUBC_213,0.51,vFb.Prog1
GTGCTTCAGCTCCGAC_vFb.Prog1,101 ZI Pax6 Gaba,CS20230722_SUBC_101,0.53,vFb.Prog1
GTGGAAGAGACGGATC_pTub,134 PH-ant-LHA Otp Bsx Glut,CS20230722_SUBC_134,0.32,pTub
GTGGAAGCACTCCTTG_Hb1,251 NTS Dbh Glut,CS20230722_SUBC_251,0.89,Hb1
GTGGAGAAGAGTGGCT_vFb.Prog1,203 LGv-SPFp-SPFm Nkx2-2 Tcf7l2 Gaba,CS20230722_SUBC_203,0.63,vFb.Prog1
GTGGAGATCTTCTCAA_pTub,131 LHA-AHN-PVH Otp Trh Glut,CS20230722_SUBC_131,0.19,pTub
GTGGCGTTCTAGCCAA_Hyp2,095 DMH Prdm13 Gaba,CS20230722_SUBC_095,0.24,Hyp2
GTGGGAAGTCCGGACT_Hb1,251 NTS Dbh Glut,CS20230722_SUBC_251,0.32,Hb1
GTGGGAATCATCCCGT_Hyp3,094 SCH Six6 Cdc14a Gaba,CS20230722_SUBC_094,0.49,Hyp3
GTGGTTAAGCCTCTGG_vFb.Prog1,043 OB-mi Frmd7 Gaba,CS20230722_SUBC_043,0.39,vFb.Prog1
GTGGTTAGTGCCCACA_Hyp1,105 TMd-DMH Foxd2 Gaba,CS20230722_SUBC_105,0.35,Hyp1
GTGTAACAGTTAGTAG_Hyp1,102 DMH-LHA Gsx1 Gaba,CS20230722_SUBC_102,0.25,Hyp1
GTGTAACTCTTCTGGC_vFb.Prog1,036 HPF CR Glut,CS20230722_SUBC_036,0.81,vFb.Prog1
GTGTCCTAGAACAAGG_Hyp3,091 ARH-PVi Six6 Dopa-Gaba,CS20230722_SUBC_091,0.24,Hyp3
GTGTGATAGGCATCAG_Hb1,251 NTS Dbh Glut,CS20230722_SUBC_251,0.91,Hb1
GTGTGGCGTGAGCGAT_Hyp2,103 PVHd-DMH Lhx6 Gaba,CS20230722_SUBC_103,0.49,Hyp2
GTGTTAGGTTACACTG_DMX,285 MY Lhx1 Gly-Gaba,CS20230722_SUBC_285,0.23,DMX
GTTACAGGTTCTCGTC_pTub,224 PCG-PRNr Vsx2 Nkx6-1 Glut,CS20230722_SUBC_224,0.46,pTub
GTTACAGTCACATACG_vFb.Prog2,099 SBPV-PVa Six6 Satb2 Gaba,CS20230722_SUBC_099,0.56,vFb.Prog2
GTTACCCAGAGATTCA_Hb2,251 NTS Dbh Glut,CS20230722_SUBC_251,0.72,Hb2
GTTACCCAGCAGAAAG_Hyp1,107 DMH Hmx2 Gaba,CS20230722_SUBC_107,0.32,Hyp1
GTTACGAAGTGCTCAT_vFb.Prog1,104 TU-ARH Otp Six6 Gaba,CS20230722_SUBC_104,0.25,vFb.Prog1
GTTACGAGTATGACAA_Hyp3,045 OB-STR-CTX Inh IMN,CS20230722_SUBC_045,0.68,Hyp3
GTTACGAGTTATGGTC_Hb3,238 NTS Phox2b Glut,CS20230722_SUBC_238,0.39,Hb3
GTTAGACCAGCAGACA_vFb.Prog2,038 DG-PIR Ex IMN,CS20230722_SUBC_038,1.0,vFb.Prog2
GTTATGGAGTCAGAGC_Hb1,251 NTS Dbh Glut,CS20230722_SUBC_251,0.79,Hb1
GTTCCGTAGACATAAC_Hb2,251 NTS Dbh Glut,CS20230722_SUBC_251,0.99,Hb2
GTTCCGTCAAGACCTT_vFb.Prog1,091 ARH-PVi Six6 Dopa-Gaba,CS20230722_SUBC_091,0.35,vFb.Prog1
GTTCCGTCACCAAAGG_Hyp1,105 TMd-DMH Foxd2 Gaba,CS20230722_SUBC_105,0.29,Hyp1
GTTCGCTCAAATCCCA_PrT,202 PRT Tcf7l2 Gaba,CS20230722_SUBC_202,0.76,PrT
GTTCGCTGTTCGGGTC_vFb.Prog1,207 SCs Dmbx1 Gaba,CS20230722_SUBC_207,0.24,vFb.Prog1
GTTCTATAGACTCTTG_Hb1,251 NTS Dbh Glut,CS20230722_SUBC_251,0.9,Hb1
GTTCTATTCTGTCTCG_Hb1,251 NTS Dbh Glut,CS20230722_SUBC_251,0.85,Hb1
GTTGCGGAGGGACAGG_Hyp3,327 Oligo NN,CS20230722_SUBC_327,0.91,Hyp3
GTTGCTCCAAGATGTA_Hyp3,044 OB Dopa-Gaba,CS20230722_SUBC_044,0.42,Hyp3
GTTGCTCGTAGTTCCA_Hyp2,102 DMH-LHA Gsx1 Gaba,CS20230722_SUBC_102,0.23,Hyp2
GTTGTAGCAAGAGTTA_Hb2,251 NTS Dbh Glut,CS20230722_SUBC_251,0.67,Hb2
GTTGTAGTCACCATCC_PrT,202 PRT Tcf7l2 Gaba,CS20230722_SUBC_202,0.62,PrT
GTTGTAGTCGCACTCT_Hyp2,322 Tanycyte NN,CS20230722_SUBC_322,0.48,Hyp2
GTTGTCCTCACAACCA_Hyp3,106 PVpo-VMPO-MPN Hmx2 Gaba,CS20230722_SUBC_106,0.15,Hyp3
GTTTACTAGCCTCGTG_vFb.Prog2,101 ZI Pax6 Gaba,CS20230722_SUBC_101,0.82,vFb.Prog2
GTTTACTAGCGTCTCG_vFb.Prog1,094 SCH Six6 Cdc14a Gaba,CS20230722_SUBC_094,0.57,vFb.Prog1
GTTTACTAGTTACTCG_vFb.Prog1,089 PVR Six3 Sox3 Gaba,CS20230722_SUBC_089,0.6,vFb.Prog1
GTTTGGACAGCTAACT_PrT,202 PRT Tcf7l2 Gaba,CS20230722_SUBC_202,0.26,PrT
TAACACGTCCACGAAT_Cb,314 CB Granule Glut,CS20230722_SUBC_314,0.95,Cb
TAACACGTCTCATAGG_vFb.Prog2,251 NTS Dbh Glut,CS20230722_SUBC_251,0.28,vFb.Prog2
TAACCAGCAAGTGGTG_Hyp2,100 AHN Onecut3 Gaba,CS20230722_SUBC_100,0.25,Hyp2
TAACGACAGATCACTC_vFb.Prog1,101 ZI Pax6 Gaba,CS20230722_SUBC_101,0.92,vFb.Prog1
TAACGACAGTCCGCGT_pTub,140 PMd-LHA Foxb1 Glut,CS20230722_SUBC_140,0.4,pTub
TAACGACCACGCCACA_Hyp2,100 AHN Onecut3 Gaba,CS20230722_SUBC_100,0.28,Hyp2
TAACTTCCAGTCAGAG_OB,044 OB Dopa-Gaba,CS20230722_SUBC_044,0.72,OB
TAAGCACAGGGAACAA_vFb.Prog1,045 OB-STR-CTX Inh IMN,CS20230722_SUBC_045,0.72,vFb.Prog1
TAAGCACAGTTGAAAC_PrT,202 PRT Tcf7l2 Gaba,CS20230722_SUBC_202,0.59,PrT
TAAGCACGTAGACGTG_Hyp1,273 PDTg-PCG Pax6 Gaba,CS20230722_SUBC_273,0.17,Hyp1
TAAGCACGTCTGCCTT_vFb.Prog1,103 PVHd-DMH Lhx6 Gaba,CS20230722_SUBC_103,0.23,vFb.Prog1
TAAGCACTCATGGAGG_Hb2,251 NTS Dbh Glut,CS20230722_SUBC_251,0.95,Hb2
TAAGCACTCTTCTGTA_pTub,134 PH-ant-LHA Otp Bsx Glut,CS20230722_SUBC_134,0.54,pTub
TAAGCCAGTGGCGTAA_Hyp3,100 AHN Onecut3 Gaba,CS20230722_SUBC_100,0.45,Hyp3
TAAGCCATCAATCCAG_OB,098 AHN-SBPV-PVHd Pdrm12 Gaba,CS20230722_SUBC_098,0.18,OB
TAAGCGTAGTAAGAGG_pTub,134 PH-ant-LHA Otp Bsx Glut,CS20230722_SUBC_134,0.79,pTub
TAAGCGTCACCAGCGT_OB,045 OB-STR-CTX Inh IMN,CS20230722_SUBC_045,0.27,OB
TAAGTCGCACCCTTAC_vFb.Prog1,101 ZI Pax6 Gaba,CS20230722_SUBC_101,0.19,vFb.Prog1
TAAGTCGGTCGTCGGT_Hb1,251 NTS Dbh Glut,CS20230722_SUBC_251,0.95,Hb1
TAATCTCAGTCAAGCG_vFb.Prog1,097 PVHd-SBPV Six3 Prox1 Gaba,CS20230722_SUBC_097,0.38,vFb.Prog1
TAATCTCAGTTGCTCA_vFb.Prog2,243 PGRN-PARN-MDRN Hoxb5 Glut,CS20230722_SUBC_243,0.55,vFb.Prog2
TAATCTCCAACGTTAC_vFb.Prog1,201 PAG-RN Nkx2-2 Otx1 Gaba,CS20230722_SUBC_201,0.33,vFb.Prog1
TAATCTCTCATTTCGT_Hyp1,094 SCH Six6 Cdc14a Gaba,CS20230722_SUBC_094,0.58,Hyp1
TAATCTCTCATTTGCT_vFb.Prog1,108 ARH-PVp Tbx3 Gaba,CS20230722_SUBC_108,0.91,vFb.Prog1
TAATTCCCAAAGTGTA_Hyp2,045 OB-STR-CTX Inh IMN,CS20230722_SUBC_045,0.78,Hyp2
TAATTCCCAGGTTTAC_Hb1,251 NTS Dbh Glut,CS20230722_SUBC_251,0.94,Hb1
TAATTCCGTGGCACTC_vFb.Prog1,099 SBPV-PVa Six6 Satb2 Gaba,CS20230722_SUBC_099,0.48,vFb.Prog1
TACAACGCACCACTGG_Hb1,251 NTS Dbh Glut,CS20230722_SUBC_251,0.8,Hb1
TACAACGGTGCCCGTA_PrT,101 ZI Pax6 Gaba,CS20230722_SUBC_101,0.26,PrT
TACAACGTCCGCATAA_Hyp1,103 PVHd-DMH Lhx6 Gaba,CS20230722_SUBC_103,0.62,Hyp1
TACACCCAGAGGTTAT_Hyp2,103 PVHd-DMH Lhx6 Gaba,CS20230722_SUBC_103,0.35,Hyp2
TACAGGTAGTCCCTAA_Hyp1,094 SCH Six6 Cdc14a Gaba,CS20230722_SUBC_094,0.28,Hyp1
TACAGGTGTGCACATT_vFb.Prog1,272 LDT-PCG-CS Gata3 Lhx1 Gaba,CS20230722_SUBC_272,0.29,vFb.Prog1
TACATTCAGATGGCAC_Hb2,251 NTS Dbh Glut,CS20230722_SUBC_251,0.9,Hb2
TACCCACAGCGAACTG_Hb2,251 NTS Dbh Glut,CS20230722_SUBC_251,0.78,Hb2
TACCCACCATGTTACG_Hyp2,094 SCH Six6 Cdc14a Gaba,CS20230722_SUBC_094,0.21,Hyp2
TACCCACGTCGGAAAC_vFb.Prog2,101 ZI Pax6 Gaba,CS20230722_SUBC_101,0.41,vFb.Prog2
TACCCACTCCACCTCA_Hyp1,095 DMH Prdm13 Gaba,CS20230722_SUBC_095,0.24,Hyp1
TACCCACTCTGGAAGG_PrT,202 PRT Tcf7l2 Gaba,CS20230722_SUBC_202,0.41,PrT
TACCCGTCAGCTCATA_vFb.Prog1,101 ZI Pax6 Gaba,CS20230722_SUBC_101,0.92,vFb.Prog1
TACCCGTGTAACGTTC_PrT,202 PRT Tcf7l2 Gaba,CS20230722_SUBC_202,0.42,PrT
TACCGGGCAGCCCACA_Hyp2,045 OB-STR-CTX Inh IMN,CS20230722_SUBC_045,1.0,Hyp2
TACCTCGCAAACTAAG_vFb.Prog1,101 ZI Pax6 Gaba,CS20230722_SUBC_101,0.16,vFb.Prog1
TACCTCGCAGAGCCCT_OB,039 OB Meis2 Thsd7b Gaba,CS20230722_SUBC_039,0.35,OB
TACCTCGGTACGTGTT_Hb1,251 NTS Dbh Glut,CS20230722_SUBC_251,0.95,Hb1
TACCTCGTCAGGCGAA_vFb.Prog2,251 NTS Dbh Glut,CS20230722_SUBC_251,0.35,vFb.Prog2
TACCTCGTCGTAACAC_vFb.Prog1,287 MV-SPIV-PRP Dmbx1 Gly-Gaba,CS20230722_SUBC_287,0.36,vFb.Prog1
TACCTGCTCCTCACTG_vFb.Prog1,099 SBPV-PVa Six6 Satb2 Gaba,CS20230722_SUBC_099,0.56,vFb.Prog1
TACGCTCAGCCTCACG_Hyp1,105 TMd-DMH Foxd2 Gaba,CS20230722_SUBC_105,0.34,Hyp1
TACGCTCAGGCATCAG_DMX,285 MY Lhx1 Gly-Gaba,CS20230722_SUBC_285,0.55,DMX
TACGCTCAGGGCAGAG_Hyp2,108 ARH-PVp Tbx3 Gaba,CS20230722_SUBC_108,0.53,Hyp2
TACGCTCGTTGAAGTA_Hyp1,103 PVHd-DMH Lhx6 Gaba,CS20230722_SUBC_103,0.41,Hyp1
TACGGGCCATAGAGGC_Hyp3,092 TMv-PMv Tbx3 Hist-Gaba,CS20230722_SUBC_092,0.31,Hyp3
TACGGGCCATCAACCA_pTub,237 PRP-NI-PRNc-GRN Otp Glut,CS20230722_SUBC_237,0.61,pTub
TACGGGCCATTAGGCT_pTub,251 NTS Dbh Glut,CS20230722_SUBC_251,0.65,pTub
TACGTCCCAAGCTCTA_Hyp1,105 TMd-DMH Foxd2 Gaba,CS20230722_SUBC_105,0.29,Hyp1
TACGTCCTCGCTGTTC_Hb1,251 NTS Dbh Glut,CS20230722_SUBC_251,0.63,Hb1
TACTTCAGTAACAGTA_vFb.Prog1,090 BST-MPN Six3 Nrgn Gaba,CS20230722_SUBC_090,0.33,vFb.Prog1
TACTTCATCCATAGGT_pTub,133 PVH-SO-PVa Otp Glut,CS20230722_SUBC_133,0.28,pTub
TACTTGTAGTGAGTGC_vFb.Prog2,045 OB-STR-CTX Inh IMN,CS20230722_SUBC_045,0.93,vFb.Prog2
TAGACCACAAAGAACT_Hyp3,127 DMH-LHA Vgll2 Glut,CS20230722_SUBC_127,0.53,Hyp3
TAGACCACACAAATAG_Hyp1,200 PAG-ND-PCG Onecut1 Gaba,CS20230722_SUBC_200,0.32,Hyp1
TAGACCACAGCTGTGC_Hyp2,095 DMH Prdm13 Gaba,CS20230722_SUBC_095,0.24,Hyp2
TAGACCAGTTGCACGC_vFb.Prog1,057 NDB-SI-MA-STRv Lhx8 Gaba,CS20230722_SUBC_057,0.93,vFb.Prog1
TAGACCATCTATTGTC_Hyp2,098 AHN-SBPV-PVHd Pdrm12 Gaba,CS20230722_SUBC_098,0.29,Hyp2
TAGACTGAGCGAAACC_vFb.Prog1,116 AVPV-MEPO-SFO Tbr1 Glut,CS20230722_SUBC_116,0.34,vFb.Prog1
TAGACTGAGGTTCTTG_Hb2,251 NTS Dbh Glut,CS20230722_SUBC_251,0.63,Hb2
TAGACTGCACCAAAGG_vFb.Prog2,101 ZI Pax6 Gaba,CS20230722_SUBC_101,0.83,vFb.Prog2
TAGACTGTCGTCCTTG_vFb.Prog1,089 PVR Six3 Sox3 Gaba,CS20230722_SUBC_089,0.26,vFb.Prog1
TAGAGTCTCACCTGTC_Hyp3,098 AHN-SBPV-PVHd Pdrm12 Gaba,CS20230722_SUBC_098,0.2,Hyp3
TAGAGTCTCAGACATC_Hb3,243 PGRN-PARN-MDRN Hoxb5 Glut,CS20230722_SUBC_243,0.4,Hb3
TAGATCGGTGACCGTC_Hb2,251 NTS Dbh Glut,CS20230722_SUBC_251,0.93,Hb2
TAGATCGGTGGTTTAC_vFb.Prog1,116 AVPV-MEPO-SFO Tbr1 Glut,CS20230722_SUBC_116,0.82,vFb.Prog1
TAGATCGGTTGTTGAC_Hyp1,107 DMH Hmx2 Gaba,CS20230722_SUBC_107,0.63,Hyp1
TAGCACACAAATAAGC_PrT,203 LGv-SPFp-SPFm Nkx2-2 Tcf7l2 Gaba,CS20230722_SUBC_203,0.29,PrT
TAGCACATCGAAATCC_Hyp3,296 RPA Pax6 Hoxb5 Gly-Gaba,CS20230722_SUBC_296,0.23,Hyp3
TAGGAGGAGTACGTCT_Hyp2,108 ARH-PVp Tbx3 Gaba,CS20230722_SUBC_108,0.29,Hyp2
TAGGAGGTCTCTTGCG_vFb.Prog2,044 OB Dopa-Gaba,CS20230722_SUBC_044,0.53,vFb.Prog2
TAGGGTTAGACCAAAT_Hb1,251 NTS Dbh Glut,CS20230722_SUBC_251,0.76,Hb1
TAGGGTTAGCAATTCC_vFb.Prog2,204 SC Otx2 Gcnt4 Gaba,CS20230722_SUBC_204,0.31,vFb.Prog2
TAGGGTTAGCGAACTG_vFb.Prog2,101 ZI Pax6 Gaba,CS20230722_SUBC_101,0.45,vFb.Prog2
TAGGGTTGTCAAGTTC_pTub,133 PVH-SO-PVa Otp Glut,CS20230722_SUBC_133,0.39,pTub
TAGGTACGTACTCGAT_Hb1,251 NTS Dbh Glut,CS20230722_SUBC_251,0.96,Hb1
TAGGTTGCACTAGTAC_vFb.Prog1,097 PVHd-SBPV Six3 Prox1 Gaba,CS20230722_SUBC_097,0.28,vFb.Prog1
TAGGTTGTCATTCTTG_Hb1,251 NTS Dbh Glut,CS20230722_SUBC_251,0.87,Hb1
TAGTGCACAATGAAAC_Hb1,251 NTS Dbh Glut,CS20230722_SUBC_251,0.49,Hb1
TAGTGCACAGAGGTAC_pTub,134 PH-ant-LHA Otp Bsx Glut,CS20230722_SUBC_134,0.91,pTub
TAGTGCACAGTGACCC_Hyp1,107 DMH Hmx2 Gaba,CS20230722_SUBC_107,0.48,Hyp1
TAGTGCATCCCTCTTT_Hyp1,105 TMd-DMH Foxd2 Gaba,CS20230722_SUBC_105,0.35,Hyp1
TATACCTCAAATACAG_Hyp1,078 SI-MA-ACB Ebf1 Bnc2 Gaba,CS20230722_SUBC_078,0.34,Hyp1
TATACCTCACGTAACT_pTub,134 PH-ant-LHA Otp Bsx Glut,CS20230722_SUBC_134,0.44,pTub
TATACCTCATACATCG_Hyp2,045 OB-STR-CTX Inh IMN,CS20230722_SUBC_045,1.0,Hyp2
TATATCCAGGGCGAGA_Hyp1,105 TMd-DMH Foxd2 Gaba,CS20230722_SUBC_105,0.51,Hyp1
TATATCCCAGCTCTGG_PrT,202 PRT Tcf7l2 Gaba,CS20230722_SUBC_202,0.39,PrT
TATATCCGTCCGACGT_pTub,132 AHN-RCH-LHA Otp Fezf1 Glut,CS20230722_SUBC_132,0.33,pTub
TATATCCTCACGATAC_Hyp2,108 ARH-PVp Tbx3 Gaba,CS20230722_SUBC_108,0.45,Hyp2
TATATCCTCCATCTAT_pTub,036 HPF CR Glut,CS20230722_SUBC_036,0.81,pTub
TATCAGGGTGAAGCGT_Hyp2,099 SBPV-PVa Six6 Satb2 Gaba,CS20230722_SUBC_099,0.27,Hyp2
TATCAGGTCGAGGCAA_Hyp1,103 PVHd-DMH Lhx6 Gaba,CS20230722_SUBC_103,0.22,Hyp1
TATCCTAAGTCTAACC_Hyp3,326 OPC NN,CS20230722_SUBC_326,0.89,Hyp3
TATCCTATCAGGAACG_Hyp3,102 DMH-LHA Gsx1 Gaba,CS20230722_SUBC_102,0.38,Hyp3
TATCCTATCTTTCCGG_pTub,237 PRP-NI-PRNc-GRN Otp Glut,CS20230722_SUBC_237,0.64,pTub
TATCTGTAGCCTCTCT_vFb.Prog2,100 AHN Onecut3 Gaba,CS20230722_SUBC_100,0.47,vFb.Prog2
TATCTGTAGTTGTAGA_Hb1,251 NTS Dbh Glut,CS20230722_SUBC_251,0.96,Hb1
TATCTGTCATGGCGCT_Hyp3,045 OB-STR-CTX Inh IMN,CS20230722_SUBC_045,0.68,Hyp3
TATCTGTGTCATTCCC_vFb.Prog1,101 ZI Pax6 Gaba,CS20230722_SUBC_101,0.52,vFb.Prog1
TATCTTGAGACAGCGT_vFb.Prog1,099 SBPV-PVa Six6 Satb2 Gaba,CS20230722_SUBC_099,0.33,vFb.Prog1
TATCTTGAGCTGAAAT_vFb.Prog1,089 PVR Six3 Sox3 Gaba,CS20230722_SUBC_089,0.4,vFb.Prog1
TATCTTGCACTTGAAC_Hyp2,106 PVpo-VMPO-MPN Hmx2 Gaba,CS20230722_SUBC_106,0.33,Hyp2
TATCTTGTCGTGGACC_Hb2,251 NTS Dbh Glut,CS20230722_SUBC_251,0.98,Hb2
TATTCCATCAACCCGG_PrT,192 PPN-CUN-PCG Otp En1 Gaba,CS20230722_SUBC_192,0.29,PrT
TATTGCTTCTCCCTAG_OB,045 OB-STR-CTX Inh IMN,CS20230722_SUBC_045,0.39,OB
TATTGGGAGGTGCTGA_vFb.Prog1,094 SCH Six6 Cdc14a Gaba,CS20230722_SUBC_094,0.43,vFb.Prog1
TATTGGGCACGCTTAA_Hyp3,102 DMH-LHA Gsx1 Gaba,CS20230722_SUBC_102,0.23,Hyp3
TATTGGGTCGGAACTT_vFb.Prog1,207 SCs Dmbx1 Gaba,CS20230722_SUBC_207,0.43,vFb.Prog1
TATTTCGGTGACGCCT_Hb1,251 NTS Dbh Glut,CS20230722_SUBC_251,0.98,Hb1
TATTTCGTCTCGTGGG_vFb.Prog1,213 SCsg Gabrr2 Gaba,CS20230722_SUBC_213,0.52,vFb.Prog1
TCAAGACGTTCCACGG_PrT,202 PRT Tcf7l2 Gaba,CS20230722_SUBC_202,0.33,PrT
TCAAGCAAGCGTTAGG_Hb1,251 NTS Dbh Glut,CS20230722_SUBC_251,0.97,Hb1
TCAAGCAGTCCAGCAC_vFb.Prog1,200 PAG-ND-PCG Onecut1 Gaba,CS20230722_SUBC_200,0.54,vFb.Prog1
TCAAGCAGTGACCGAA_Hyp1,095 DMH Prdm13 Gaba,CS20230722_SUBC_095,0.26,Hyp1
TCAAGCAGTGCTAGCC_Hb1,251 NTS Dbh Glut,CS20230722_SUBC_251,0.93,Hb1
TCAAGCATCGATGGAG_Hb2,251 NTS Dbh Glut,CS20230722_SUBC_251,0.8,Hb2
TCAAGTGTCAAGTGGG_vFb.Prog1,201 PAG-RN Nkx2-2 Otx1 Gaba,CS20230722_SUBC_201,0.42,vFb.Prog1
TCAAGTGTCTCTCAAT_Hyp3,092 TMv-PMv Tbx3 Hist-Gaba,CS20230722_SUBC_092,0.25,Hyp3
TCAATCTAGTGCGACA_Hyp1,287 MV-SPIV-PRP Dmbx1 Gly-Gaba,CS20230722_SUBC_287,0.65,Hyp1
TCAATCTGTACTAACC_OB,263 CS-RPO Meis2 Gaba,CS20230722_SUBC_263,0.79,OB
TCACACCAGGTCGTCC_PrT,203 LGv-SPFp-SPFm Nkx2-2 Tcf7l2 Gaba,CS20230722_SUBC_203,0.44,PrT
TCACACCCACATTCTT_Hb1,251 NTS Dbh Glut,CS20230722_SUBC_251,0.66,Hb1
TCACACCGTAGCCAGA_Cb,045 OB-STR-CTX Inh IMN,CS20230722_SUBC_045,0.97,Cb
TCACATTGTCGTTGGC_Hb1,251 NTS Dbh Glut,CS20230722_SUBC_251,0.86,Hb1
TCACGCTCATTCGATG_Hyp1,102 DMH-LHA Gsx1 Gaba,CS20230722_SUBC_102,0.39,Hyp1
TCACGCTTCTAGTACG_OB,042 OB-out Frmd7 Gaba,CS20230722_SUBC_042,0.39,OB
TCACGGGAGAGGATGA_vFb.Prog1,094 SCH Six6 Cdc14a Gaba,CS20230722_SUBC_094,0.37,vFb.Prog1
TCACGGGAGTGGACTG_Hyp1,097 PVHd-SBPV Six3 Prox1 Gaba,CS20230722_SUBC_097,0.3,Hyp1
TCACGGGCACCCTAGG_vFb.Prog1,181 IC Tfap2d Maf Glut,CS20230722_SUBC_181,0.31,vFb.Prog1
TCACGGGCACCGTCGA_PrT,202 PRT Tcf7l2 Gaba,CS20230722_SUBC_202,0.63,PrT
TCACGGGCATCCGTTC_vFb.Prog2,251 NTS Dbh Glut,CS20230722_SUBC_251,0.46,vFb.Prog2
TCACGGGGTAGTATAG_Hb1,251 NTS Dbh Glut,CS20230722_SUBC_251,0.84,Hb1
TCACGGGGTTCAGCTA_Hyp2,105 TMd-DMH Foxd2 Gaba,CS20230722_SUBC_105,0.19,Hyp2
TCACTATAGAGCACTG_Hb2,251 NTS Dbh Glut,CS20230722_SUBC_251,0.49,Hb2
TCACTATCAGATGCGA_PrT,202 PRT Tcf7l2 Gaba,CS20230722_SUBC_202,0.43,PrT
TCACTATTCCGGGACT_Hb2,251 NTS Dbh Glut,CS20230722_SUBC_251,0.92,Hb2
TCACTCGAGGTAAGAG_vFb.Prog2,101 ZI Pax6 Gaba,CS20230722_SUBC_101,0.27,vFb.Prog2
TCAGCCTGTACCGTGC_Hb1,251 NTS Dbh Glut,CS20230722_SUBC_251,0.74,Hb1
TCAGCCTGTCTCGGAC_vFb.Prog1,203 LGv-SPFp-SPFm Nkx2-2 Tcf7l2 Gaba,CS20230722_SUBC_203,0.39,vFb.Prog1
TCAGCCTGTGTTCATG_Hyp2,100 AHN Onecut3 Gaba,CS20230722_SUBC_100,0.15,Hyp2
TCAGGGCCATGCAGGA_Hb1,251 NTS Dbh Glut,CS20230722_SUBC_251,0.84,Hb1
TCAGGTACAACCGGAA_PrT,172 PAG Pou4f1 Ebf2 Glut,CS20230722_SUBC_172,0.47,PrT
TCAGGTACAACTAGAA_Hyp3,134 PH-ant-LHA Otp Bsx Glut,CS20230722_SUBC_134,0.3,Hyp3
TCAGGTAGTCTTCATT_vFb.Prog1,098 AHN-SBPV-PVHd Pdrm12 Gaba,CS20230722_SUBC_098,0.28,vFb.Prog1
TCAGTCCAGAAATCCA_pTub,237 PRP-NI-PRNc-GRN Otp Glut,CS20230722_SUBC_237,0.61,pTub
TCAGTCCTCCGAGAAG_Hb2,251 NTS Dbh Glut,CS20230722_SUBC_251,0.8,Hb2
TCAGTGAAGCCTATCA_PrT,202 PRT Tcf7l2 Gaba,CS20230722_SUBC_202,0.56,PrT
TCAGTTTCAGGGAATC_pTub,134 PH-ant-LHA Otp Bsx Glut,CS20230722_SUBC_134,0.8,pTub
TCAGTTTGTTCTGAGT_Hb1,251 NTS Dbh Glut,CS20230722_SUBC_251,0.88,Hb1
TCATACTAGGCTAACG_vFb.Prog2,115 MS-SF Bsx Glut,CS20230722_SUBC_115,0.43,vFb.Prog2
TCATACTAGTCTGGAG_vFb.Prog2,101 ZI Pax6 Gaba,CS20230722_SUBC_101,0.93,vFb.Prog2
TCATATCGTCGGAAAC_Hb2,251 NTS Dbh Glut,CS20230722_SUBC_251,0.73,Hb2
TCATATCTCGCTGACG_vFb.Prog1,204 SC Otx2 Gcnt4 Gaba,CS20230722_SUBC_204,0.38,vFb.Prog1
TCATATCTCGCTTGAA_vFb.Prog1,202 PRT Tcf7l2 Gaba,CS20230722_SUBC_202,0.23,vFb.Prog1
TCATCATAGGTGCCAA_vFb.Prog1,055 STR Lhx8 Gaba,CS20230722_SUBC_055,0.48,vFb.Prog1
TCATCATGTACATACC_Hyp2,099 SBPV-PVa Six6 Satb2 Gaba,CS20230722_SUBC_099,0.24,Hyp2
TCATCATGTGCTAGCC_Hyp3,045 OB-STR-CTX Inh IMN,CS20230722_SUBC_045,0.41,Hyp3
TCATCATGTTGTAGCT_Hb2,251 NTS Dbh Glut,CS20230722_SUBC_251,0.99,Hb2
TCATCCGAGTAGGCCA_Hb2,251 NTS Dbh Glut,CS20230722_SUBC_251,0.97,Hb2
TCATCCGCAAGCAATA_vFb.Prog2,098 AHN-SBPV-PVHd Pdrm12 Gaba,CS20230722_SUBC_098,0.29,vFb.Prog2
TCATCCGCATTGGCAT_Hb3,238 NTS Phox2b Glut,CS20230722_SUBC_238,0.78,Hb3
TCATGAGCATCGTGCG_Hyp1,094 SCH Six6 Cdc14a Gaba,CS20230722_SUBC_094,0.38,Hyp1
TCATGCCAGAATTGTG_Hb1,251 NTS Dbh Glut,CS20230722_SUBC_251,0.91,Hb1
TCATGCCAGTTGGCGA_vFb.Prog2,045 OB-STR-CTX Inh IMN,CS20230722_SUBC_045,0.88,vFb.Prog2
TCATGCCCACCCTCTA_Hb1,251 NTS Dbh Glut,CS20230722_SUBC_251,0.92,Hb1
TCATGCCCAGGCTACC_Hyp1,076 MEA-BST Lhx6 Nfib Gaba,CS20230722_SUBC_076,0.42,Hyp1
TCATGCCGTCCAACGC_vFb.Prog2,325 CHOR NN,CS20230722_SUBC_325,0.74,vFb.Prog2
TCATGCCTCCTTTAGT_vFb.Prog1,101 ZI Pax6 Gaba,CS20230722_SUBC_101,0.22,vFb.Prog1
TCATGGAAGCCTCAGC_Hyp1,108 ARH-PVp Tbx3 Gaba,CS20230722_SUBC_108,0.44,Hyp1
TCATGGACAAGGTACG_vFb.Prog1,088 BST Tac2 Gaba,CS20230722_SUBC_088,0.2,vFb.Prog1
TCATGGACAGCGCTTG_Hb1,251 NTS Dbh Glut,CS20230722_SUBC_251,0.89,Hb1
TCATGTTTCTACTTCA_Hyp1,103 PVHd-DMH Lhx6 Gaba,CS20230722_SUBC_103,0.25,Hyp1
TCATTACAGGCTTAAA_Hyp1,100 AHN Onecut3 Gaba,CS20230722_SUBC_100,0.23,Hyp1
TCATTACCATGGTGGA_Hb2,251 NTS Dbh Glut,CS20230722_SUBC_251,0.67,Hb2
TCATTGTAGATGCTAA_Hyp1,045 OB-STR-CTX Inh IMN,CS20230722_SUBC_045,0.77,Hyp1
TCATTGTCACGTTCGG_pTub,134 PH-ant-LHA Otp Bsx Glut,CS20230722_SUBC_134,0.78,pTub
TCATTGTTCCCATAAG_vFb.Prog2,108 ARH-PVp Tbx3 Gaba,CS20230722_SUBC_108,0.3,vFb.Prog2
TCATTTGCAAACTCTG_pTub,251 NTS Dbh Glut,CS20230722_SUBC_251,0.44,pTub
TCATTTGCAAGCAGGT_Hb1,251 NTS Dbh Glut,CS20230722_SUBC_251,0.8,Hb1
TCATTTGTCCTACCGT_Hyp1,045 OB-STR-CTX Inh IMN,CS20230722_SUBC_045,0.72,Hyp1
TCCACCAGTTGCTGAT_Hb1,251 NTS Dbh Glut,CS20230722_SUBC_251,0.39,Hb1
TCCACGTCACCAGTTA_Hyp1,103 PVHd-DMH Lhx6 Gaba,CS20230722_SUBC_103,0.4,Hyp1
TCCACGTCATGCGGTC_vFb.Prog1,094 SCH Six6 Cdc14a Gaba,CS20230722_SUBC_094,0.37,vFb.Prog1
TCCACGTTCGAGATGG_Hyp1,086 MPO-ADP Lhx8 Gaba,CS20230722_SUBC_086,0.74,Hyp1
TCCACGTTCGTCAGAT_vFb.Prog2,095 DMH Prdm13 Gaba,CS20230722_SUBC_095,0.3,vFb.Prog2
TCCAGAAGTCTACATG_vFb.Prog1,045 OB-STR-CTX Inh IMN,CS20230722_SUBC_045,0.77,vFb.Prog1
TCCAGAATCATGCTAG_vFb.Prog2,264 PRNc Otp Gly-Gaba,CS20230722_SUBC_264,0.34,vFb.Prog2
TCCAGAATCTTCACAT_Hyp1,107 DMH Hmx2 Gaba,CS20230722_SUBC_107,0.35,Hyp1
TCCATGCGTCATCAGT_Hb1,251 NTS Dbh Glut,CS20230722_SUBC_251,0.67,Hb1
TCCATGCTCACCATCC_OB,044 OB Dopa-Gaba,CS20230722_SUBC_044,0.92,OB
TCCATGCTCCGCACTT_pTub,139 PH-LHA Foxb1 Glut,CS20230722_SUBC_139,0.33,pTub
TCCCACACAACACAGG_vFb.Prog1,095 DMH Prdm13 Gaba,CS20230722_SUBC_095,0.29,vFb.Prog1
TCCCACACAAGCTACT_Hb2,251 NTS Dbh Glut,CS20230722_SUBC_251,0.5,Hb2
TCCCACACATATCTCT_vFb.Prog2,045 OB-STR-CTX Inh IMN,CS20230722_SUBC_045,0.98,vFb.Prog2
TCCCACAGTGTCCGGT_Hb2,251 NTS Dbh Glut,CS20230722_SUBC_251,0.85,Hb2
TCCCAGTGTGATTCAC_vFb.Prog1,045 OB-STR-CTX Inh IMN,CS20230722_SUBC_045,0.87,vFb.Prog1
TCCCAGTGTGATTGGG_Hyp3,207 SCs Dmbx1 Gaba,CS20230722_SUBC_207,0.24,Hyp3
TCCCATGCACACCGAC_pTub,134 PH-ant-LHA Otp Bsx Glut,CS20230722_SUBC_134,0.53,pTub
TCCGAAAGTTAAGGGC_Hyp3,104 TU-ARH Otp Six6 Gaba,CS20230722_SUBC_104,0.44,Hyp3
TCCGAAATCCACACAA_vFb.Prog1,094 SCH Six6 Cdc14a Gaba,CS20230722_SUBC_094,0.33,vFb.Prog1
TCCGGGAAGTCAGCCC_vFb.Prog1,134 PH-ant-LHA Otp Bsx Glut,CS20230722_SUBC_134,0.22,vFb.Prog1
TCCGGGAGTAAGTAGT_DMX,252 DMX VII Tbx20 Chol,CS20230722_SUBC_252,0.56,DMX
TCCGGGATCATTCACT_vFb.Prog1,080 CEA-AAA-BST Six3 Sp9 Gaba,CS20230722_SUBC_080,0.22,vFb.Prog1
TCCGTGTGTTCAGGTT_Hb3,238 NTS Phox2b Glut,CS20230722_SUBC_238,0.42,Hb3
TCCTCCCCAGCAGTGA_vFb.Prog1,243 PGRN-PARN-MDRN Hoxb5 Glut,CS20230722_SUBC_243,0.58,vFb.Prog1
TCCTCGAAGCGCTTCG_OB,045 OB-STR-CTX Inh IMN,CS20230722_SUBC_045,0.53,OB
TCCTCGAAGGAAGAAC_vFb.Prog1,089 PVR Six3 Sox3 Gaba,CS20230722_SUBC_089,0.36,vFb.Prog1
TCCTCGAGTTGCTTGA_vFb.Prog1,101 ZI Pax6 Gaba,CS20230722_SUBC_101,0.6,vFb.Prog1
TCCTCGATCCTCTTTC_PrT,202 PRT Tcf7l2 Gaba,CS20230722_SUBC_202,0.5,PrT
TCCTCGATCGGTTAGT_Hb1,251 NTS Dbh Glut,CS20230722_SUBC_251,0.88,Hb1
TCCTCTTAGCGATGCA_Hyp1,094 SCH Six6 Cdc14a Gaba,CS20230722_SUBC_094,0.37,Hyp1
TCCTGCATCCCAATAG_Hb1,251 NTS Dbh Glut,CS20230722_SUBC_251,0.71,Hb1
TCCTTCTAGTAGAGTT_Hb1,251 NTS Dbh Glut,CS20230722_SUBC_251,0.8,Hb1
TCCTTTCAGAAGGATG_OB,039 OB Meis2 Thsd7b Gaba,CS20230722_SUBC_039,0.48,OB
TCCTTTCAGTCCTACA_vFb.Prog1,099 SBPV-PVa Six6 Satb2 Gaba,CS20230722_SUBC_099,0.41,vFb.Prog1
TCGAAGTAGCAATAGT_Hyp1,107 DMH Hmx2 Gaba,CS20230722_SUBC_107,0.41,Hyp1
TCGAAGTGTAGATCCT_Hb3,238 NTS Phox2b Glut,CS20230722_SUBC_238,0.53,Hb3
TCGACGGTCCTGGTCT_vFb.Prog1,101 ZI Pax6 Gaba,CS20230722_SUBC_101,0.66,vFb.Prog1
TCGATTTCACGACAGA_Hb3,251 NTS Dbh Glut,CS20230722_SUBC_251,0.5,Hb3
TCGATTTGTCAGACGA_Hb2,251 NTS Dbh Glut,CS20230722_SUBC_251,0.82,Hb2
TCGATTTGTCGGTACC_vFb.Prog2,252 DMX VII Tbx20 Chol,CS20230722_SUBC_252,0.47,vFb.Prog2
TCGCACTAGAGTGACC_Hyp3,215 SNc-VTA-RAmb Foxa1 Dopa,CS20230722_SUBC_215,1.0,Hyp3
TCGCACTCACGCTTAA_pTub,133 PVH-SO-PVa Otp Glut,CS20230722_SUBC_133,0.41,pTub
TCGCAGGAGCTGAAGC_Hyp2,103 PVHd-DMH Lhx6 Gaba,CS20230722_SUBC_103,0.21,Hyp2
TCGCAGGTCCCATTTA_Hb2,251 NTS Dbh Glut,CS20230722_SUBC_251,0.71,Hb2
TCGCTCAAGAGACAAG_Hb1,251 NTS Dbh Glut,CS20230722_SUBC_251,0.88,Hb1
TCGCTCAAGCCTAGGA_Hyp1,103 PVHd-DMH Lhx6 Gaba,CS20230722_SUBC_103,0.53,Hyp1
TCGCTCAGTACGGCAA_pTub,251 NTS Dbh Glut,CS20230722_SUBC_251,0.38,pTub
TCGCTCAGTCACTAGT_vFb.Prog1,101 ZI Pax6 Gaba,CS20230722_SUBC_101,0.25,vFb.Prog1
TCGCTTGAGTTCATGC_Hb1,251 NTS Dbh Glut,CS20230722_SUBC_251,0.6,Hb1
TCGCTTGTCGTCGACG_vFb.Prog2,238 NTS Phox2b Glut,CS20230722_SUBC_238,0.53,vFb.Prog2
TCGGATACACTCTAGA_vFb.Prog2,035 OB Eomes Ms4a15 Glut,CS20230722_SUBC_035,0.93,vFb.Prog2
TCGGGACTCAATGTCG_Hb1,251 NTS Dbh Glut,CS20230722_SUBC_251,0.88,Hb1
TCGGGCATCCATAAGC_vFb.Prog1,094 SCH Six6 Cdc14a Gaba,CS20230722_SUBC_094,0.24,vFb.Prog1
TCGGGTGGTTATAGAG_Hyp3,094 SCH Six6 Cdc14a Gaba,CS20230722_SUBC_094,0.25,Hyp3
TCGGGTGTCCTGGGAC_vFb.Prog2,108 ARH-PVp Tbx3 Gaba,CS20230722_SUBC_108,0.28,vFb.Prog2
TCGGTCTAGGCTTCCG_vFb.Prog2,252 DMX VII Tbx20 Chol,CS20230722_SUBC_252,0.72,vFb.Prog2
TCGGTCTCAAAGCTCT_Hyp3,102 DMH-LHA Gsx1 Gaba,CS20230722_SUBC_102,0.39,Hyp3
TCGTAGAGTGGCTTAT_vFb.Prog1,068 LSX Otx2 Gaba,CS20230722_SUBC_068,0.37,vFb.Prog1
TCGTAGATCTTCCCAG_pTub,267 CS-PRNr-PCG Tmem163 Otp Gaba,CS20230722_SUBC_267,0.75,pTub
TCGTCCAGTCCGCAGT_vFb.Prog1,198 IC Six3 En2 Gaba,CS20230722_SUBC_198,0.27,vFb.Prog1
TCGTCCAGTGCGAGTA_Hyp1,094 SCH Six6 Cdc14a Gaba,CS20230722_SUBC_094,0.5,Hyp1
TCGTCCAGTTATGGTC_Hyp2,123 DMH Nkx2-4 Glut,CS20230722_SUBC_123,0.73,Hyp2
TCGTGCTCAATACCCA_Hyp1,095 DMH Prdm13 Gaba,CS20230722_SUBC_095,0.32,Hyp1
TCGTGCTGTAAGTTAG_Hb1,251 NTS Dbh Glut,CS20230722_SUBC_251,0.94,Hb1
TCGTGGGAGTTTCGAC_PrT,202 PRT Tcf7l2 Gaba,CS20230722_SUBC_202,0.33,PrT
TCTAACTAGCATCCCG_vFb.Prog2,094 SCH Six6 Cdc14a Gaba,CS20230722_SUBC_094,0.24,vFb.Prog2
TCTAACTGTTCTCGTC_pTub,263 CS-RPO Meis2 Gaba,CS20230722_SUBC_263,0.51,pTub
TCTAACTTCGGTCTAA_vFb.Prog1,101 ZI Pax6 Gaba,CS20230722_SUBC_101,0.32,vFb.Prog1
TCTACATAGTCGAGGT_Cb,045 OB-STR-CTX Inh IMN,CS20230722_SUBC_045,0.9,Cb
TCTACATGTAACGTTC_Hb2,251 NTS Dbh Glut,CS20230722_SUBC_251,0.86,Hb2
TCTACATTCGTGTTCC_Hb1,251 NTS Dbh Glut,CS20230722_SUBC_251,0.85,Hb1
TCTACCGAGCCTGAAG_pTub,134 PH-ant-LHA Otp Bsx Glut,CS20230722_SUBC_134,0.39,pTub
TCTACCGAGCTGCCTG_Hb1,251 NTS Dbh Glut,CS20230722_SUBC_251,1.0,Hb1
TCTACCGGTCATATGC_vFb.Prog2,229 PB-NTS Phox2b Ebf3 Lmx1b Glut,CS20230722_SUBC_229,0.25,vFb.Prog2
TCTATACCAATTGCTG_Cb,045 OB-STR-CTX Inh IMN,CS20230722_SUBC_045,0.98,Cb
TCTATCATCTCCGAAA_vFb.Prog2,321 Astroependymal NN,CS20230722_SUBC_321,0.71,vFb.Prog2
TCTCACGAGTTACGAA_Hyp3,094 SCH Six6 Cdc14a Gaba,CS20230722_SUBC_094,0.65,Hyp3
TCTCACGCACACCTTC_PrT,202 PRT Tcf7l2 Gaba,CS20230722_SUBC_202,0.31,PrT
TCTCACGGTTGGATCT_vFb.Prog2,207 SCs Dmbx1 Gaba,CS20230722_SUBC_207,0.19,vFb.Prog2
TCTCAGCGTAAGGCTG_PrT,202 PRT Tcf7l2 Gaba,CS20230722_SUBC_202,0.62,PrT
TCTCAGCGTGTGTACT_Hyp1,097 PVHd-SBPV Six3 Prox1 Gaba,CS20230722_SUBC_097,0.28,Hyp1
TCTCCGATCTGTGTGA_vFb.Prog1,101 ZI Pax6 Gaba,CS20230722_SUBC_101,0.57,vFb.Prog1
TCTCTGGAGTCAGCCC_Hyp1,045 OB-STR-CTX Inh IMN,CS20230722_SUBC_045,0.74,Hyp1
TCTCTGGGTGGATCAG_Hb1,251 NTS Dbh Glut,CS20230722_SUBC_251,0.92,Hb1
TCTGCCAAGACCGTTT_Hyp2,105 TMd-DMH Foxd2 Gaba,CS20230722_SUBC_105,0.27,Hyp2
TCTGGCTAGGCTGGAT_Hyp3,103 PVHd-DMH Lhx6 Gaba,CS20230722_SUBC_103,0.45,Hyp3
TCTGGCTCACTTGGCG_vFb.Prog1,213 SCsg Gabrr2 Gaba,CS20230722_SUBC_213,0.29,vFb.Prog1
TCTGTCGGTCCAAAGG_vFb.Prog1,039 OB Meis2 Thsd7b Gaba,CS20230722_SUBC_039,0.54,vFb.Prog1
TCTTCCTAGAACCGCA_Hb2,251 NTS Dbh Glut,CS20230722_SUBC_251,0.98,Hb2
TCTTCCTAGGTAATCA_Hyp1,105 TMd-DMH Foxd2 Gaba,CS20230722_SUBC_105,0.23,Hyp1
TCTTCCTCATACTGAC_Hb2,238 NTS Phox2b Glut,CS20230722_SUBC_238,0.66,Hb2
TCTTCCTGTAATGATG_Hb1,251 NTS Dbh Glut,CS20230722_SUBC_251,0.9,Hb1
TCTTGCGCAGAACTCT_pTub,237 PRP-NI-PRNc-GRN Otp Glut,CS20230722_SUBC_237,0.69,pTub
TCTTGCGGTCCGAAGA_Hb1,251 NTS Dbh Glut,CS20230722_SUBC_251,0.88,Hb1
TCTTTGAGTCTGTCCT_vFb.Prog2,327 Oligo NN,CS20230722_SUBC_327,0.99,vFb.Prog2
TGAACGTGTGGTTCTA_pTub,237 PRP-NI-PRNc-GRN Otp Glut,CS20230722_SUBC_237,0.39,pTub
TGAACGTTCAGTGTCA_Hb2,251 NTS Dbh Glut,CS20230722_SUBC_251,0.81,Hb2
TGAATCGTCACACGAT_Hyp2,097 PVHd-SBPV Six3 Prox1 Gaba,CS20230722_SUBC_097,0.38,Hyp2
TGAATCGTCTTCGTGC_OB,045 OB-STR-CTX Inh IMN,CS20230722_SUBC_045,0.63,OB
TGAATGCGTACGGATG_PrT,203 LGv-SPFp-SPFm Nkx2-2 Tcf7l2 Gaba,CS20230722_SUBC_203,0.38,PrT
TGACAGTAGTCCCAAT_pTub,251 NTS Dbh Glut,CS20230722_SUBC_251,0.51,pTub
TGACAGTGTGCTCTTC_Hyp2,099 SBPV-PVa Six6 Satb2 Gaba,CS20230722_SUBC_099,0.37,Hyp2
TGACCCTAGCCTGAAG_Hyp3,099 SBPV-PVa Six6 Satb2 Gaba,CS20230722_SUBC_099,0.31,Hyp3
TGACCCTCACTCCGGA_Hb2,251 NTS Dbh Glut,CS20230722_SUBC_251,0.92,Hb2
TGACCCTCATTGACCA_vFb.Prog2,103 PVHd-DMH Lhx6 Gaba,CS20230722_SUBC_103,0.76,vFb.Prog2
TGACGCGGTGCTATTG_Hyp3,102 DMH-LHA Gsx1 Gaba,CS20230722_SUBC_102,0.31,Hyp3
TGACTCCAGGACTTCT_Hyp1,102 DMH-LHA Gsx1 Gaba,CS20230722_SUBC_102,0.19,Hyp1
TGACTCCTCGACCTAA_Cb,131 LHA-AHN-PVH Otp Trh Glut,CS20230722_SUBC_131,0.34,Cb
TGAGACTCACGAAAGC_pTub,134 PH-ant-LHA Otp Bsx Glut,CS20230722_SUBC_134,0.48,pTub
TGAGACTGTATGTCAC_Hyp1,101 ZI Pax6 Gaba,CS20230722_SUBC_101,0.19,Hyp1
TGAGACTGTGCCAAGA_Hyp1,105 TMd-DMH Foxd2 Gaba,CS20230722_SUBC_105,0.29,Hyp1
TGAGACTGTTGCATCA_vFb.Prog1,099 SBPV-PVa Six6 Satb2 Gaba,CS20230722_SUBC_099,0.34,vFb.Prog1
TGAGCATGTAGCTGCC_vFb.Prog1,091 ARH-PVi Six6 Dopa-Gaba,CS20230722_SUBC_091,0.33,vFb.Prog1
TGAGCATTCAAGCCTA_Hb2,251 NTS Dbh Glut,CS20230722_SUBC_251,0.87,Hb2
TGAGCATTCATCGCTC_vFb.Prog2,038 DG-PIR Ex IMN,CS20230722_SUBC_038,1.0,vFb.Prog2
TGAGCGCCAAGTCCAT_vFb.Prog1,106 PVpo-VMPO-MPN Hmx2 Gaba,CS20230722_SUBC_106,0.46,vFb.Prog1
TGAGCGCCACCAGGTC_pTub,264 PRNc Otp Gly-Gaba,CS20230722_SUBC_264,0.29,pTub
TGAGGAGAGGAGCTGT_vFb.Prog2,038 DG-PIR Ex IMN,CS20230722_SUBC_038,1.0,vFb.Prog2
TGAGGTTCAAGCACAG_vFb.Prog2,091 ARH-PVi Six6 Dopa-Gaba,CS20230722_SUBC_091,0.55,vFb.Prog2
TGAGTCATCTGACAGT_pTub,237 PRP-NI-PRNc-GRN Otp Glut,CS20230722_SUBC_237,0.66,pTub
TGATCAGAGCGTGAGT_vFb.Prog1,086 MPO-ADP Lhx8 Gaba,CS20230722_SUBC_086,0.65,vFb.Prog1
TGATCAGCATCTTTCA_Hb2,238 NTS Phox2b Glut,CS20230722_SUBC_238,0.72,Hb2
TGATCAGGTGGCTAGA_pTub,134 PH-ant-LHA Otp Bsx Glut,CS20230722_SUBC_134,0.32,pTub
TGATCAGGTTAGCGGA_Hyp3,079 CEA-BST Six3 Cyp26b1 Gaba,CS20230722_SUBC_079,0.28,Hyp3
TGATGCAAGGAAGTCC_vFb.Prog1,045 OB-STR-CTX Inh IMN,CS20230722_SUBC_045,0.57,vFb.Prog1
TGATGCACACTACTTT_vFb.Prog1,101 ZI Pax6 Gaba,CS20230722_SUBC_101,0.59,vFb.Prog1
TGATGGTCAAGGTTGG_Hb3,251 NTS Dbh Glut,CS20230722_SUBC_251,0.9,Hb3
TGATGGTTCCGCTTAC_vFb.Prog2,208 SC Lef1 Otx2 Gaba,CS20230722_SUBC_208,0.17,vFb.Prog2
TGATTCTCACTTCCTG_Hb1,251 NTS Dbh Glut,CS20230722_SUBC_251,0.57,Hb1
TGATTCTTCAAAGCCT_Hb2,251 NTS Dbh Glut,CS20230722_SUBC_251,0.93,Hb2
TGATTCTTCCTGTTGC_vFb.Prog2,252 DMX VII Tbx20 Chol,CS20230722_SUBC_252,0.84,vFb.Prog2
TGATTCTTCGCCTCTA_Hyp3,103 PVHd-DMH Lhx6 Gaba,CS20230722_SUBC_103,0.17,Hyp3
TGATTTCCAGCTATTG_Hyp3,097 PVHd-SBPV Six3 Prox1 Gaba,CS20230722_SUBC_097,0.26,Hyp3
TGCACGGAGATGACCG_vFb.Prog2,231 IPN-LDT Vsx2 Nkx6-1 Glut,CS20230722_SUBC_231,0.7,vFb.Prog2
TGCAGATAGCGTGAGT_Hyp2,102 DMH-LHA Gsx1 Gaba,CS20230722_SUBC_102,0.47,Hyp2
TGCAGATGTGTAACGG_PrT,198 IC Six3 En2 Gaba,CS20230722_SUBC_198,0.27,PrT
TGCAGATTCGTCACCT_Cb,045 OB-STR-CTX Inh IMN,CS20230722_SUBC_045,0.98,Cb
TGCAGATTCTGACGCG_PrT,101 ZI Pax6 Gaba,CS20230722_SUBC_101,0.2,PrT
TGCAGGCGTATACAGA_Hb2,251 NTS Dbh Glut,CS20230722_SUBC_251,0.39,Hb2
TGCAGGCGTGAGGAAA_vFb.Prog1,080 CEA-AAA-BST Six3 Sp9 Gaba,CS20230722_SUBC_080,0.48,vFb.Prog1
TGCAGTAAGCATCCCG_OB,044 OB Dopa-Gaba,CS20230722_SUBC_044,0.65,OB
TGCAGTATCACTTTGT_PrT,202 PRT Tcf7l2 Gaba,CS20230722_SUBC_202,0.46,PrT
TGCATCCAGCCTAACT_Hb2,251 NTS Dbh Glut,CS20230722_SUBC_251,0.87,Hb2
TGCATCCGTCGTTCAA_OB,044 OB Dopa-Gaba,CS20230722_SUBC_044,0.58,OB
TGCATCCGTGGGCTCT_Hyp3,042 OB-out Frmd7 Gaba,CS20230722_SUBC_042,0.61,Hyp3
TGCATGAAGTTCCAGT_pTub,134 PH-ant-LHA Otp Bsx Glut,CS20230722_SUBC_134,0.72,pTub
TGCCGAGGTATACCCA_vFb.Prog2,102 DMH-LHA Gsx1 Gaba,CS20230722_SUBC_102,0.74,vFb.Prog2
TGCCGAGTCAGAATAG_pTub,106 PVpo-VMPO-MPN Hmx2 Gaba,CS20230722_SUBC_106,0.42,pTub
TGCGACGAGCAGCCTC_PrT,192 PPN-CUN-PCG Otp En1 Gaba,CS20230722_SUBC_192,0.24,PrT
TGCGATACATCATTTC_vFb.Prog1,076 MEA-BST Lhx6 Nfib Gaba,CS20230722_SUBC_076,0.27,vFb.Prog1
TGCGATAGTGTACAGG_Hb2,251 NTS Dbh Glut,CS20230722_SUBC_251,0.93,Hb2
TGCGATAGTTGGAGAC_Hyp2,045 OB-STR-CTX Inh IMN,CS20230722_SUBC_045,0.98,Hyp2
TGCGGCAAGCACTCAT_Hb2,238 NTS Phox2b Glut,CS20230722_SUBC_238,0.41,Hb2
TGCGGCAAGGACGGAG_Hyp2,108 ARH-PVp Tbx3 Gaba,CS20230722_SUBC_108,0.3,Hyp2
TGCGGCACACTGTCGG_pTub,134 PH-ant-LHA Otp Bsx Glut,CS20230722_SUBC_134,0.6,pTub
TGCGGCACAGACATCT_vFb.Prog2,324 Hypendymal NN,CS20230722_SUBC_324,0.3,vFb.Prog2
TGCGGCACAGCAATTC_OB,045 OB-STR-CTX Inh IMN,CS20230722_SUBC_045,0.57,OB
TGCGGCACAGTAGTGG_Hyp3,080 CEA-AAA-BST Six3 Sp9 Gaba,CS20230722_SUBC_080,0.37,Hyp3
TGCGGCACATTGGATC_vFb.Prog1,045 OB-STR-CTX Inh IMN,CS20230722_SUBC_045,0.94,vFb.Prog1
TGCGGCAGTTTGGAAA_vFb.Prog1,276 LDT-PCG St18 Gaba,CS20230722_SUBC_276,0.21,vFb.Prog1
TGCGGCATCATCAGTG_pTub,132 AHN-RCH-LHA Otp Fezf1 Glut,CS20230722_SUBC_132,0.22,pTub
TGCGGCATCTGAGCAT_Hyp2,098 AHN-SBPV-PVHd Pdrm12 Gaba,CS20230722_SUBC_098,0.21,Hyp2
TGCGGGTCAGCCGTCA_Hb2,251 NTS Dbh Glut,CS20230722_SUBC_251,1.0,Hb2
TGCGGGTTCTCTCAAT_vFb.Prog1,038 DG-PIR Ex IMN,CS20230722_SUBC_038,1.0,vFb.Prog1
TGCTCCAGTCGCAGTC_Hb1,238 NTS Phox2b Glut,CS20230722_SUBC_238,0.48,Hb1
TGCTCCAGTCGCGGTT_Hyp1,105 TMd-DMH Foxd2 Gaba,CS20230722_SUBC_105,0.23,Hyp1
TGCTCCATCCTCATAT_Hyp1,263 CS-RPO Meis2 Gaba,CS20230722_SUBC_263,0.35,Hyp1
TGCTCCATCTTACGTT_Hb2,251 NTS Dbh Glut,CS20230722_SUBC_251,0.98,Hb2
TGCTCGTTCATTGCGA_Hyp2,095 DMH Prdm13 Gaba,CS20230722_SUBC_095,0.24,Hyp2
TGCTCGTTCCCGTAAA_Hyp1,097 PVHd-SBPV Six3 Prox1 Gaba,CS20230722_SUBC_097,0.25,Hyp1
TGCTGAAAGGCACTCC_pTub,134 PH-ant-LHA Otp Bsx Glut,CS20230722_SUBC_134,0.84,pTub
TGCTTCGAGCGAGGAG_Hb1,251 NTS Dbh Glut,CS20230722_SUBC_251,0.97,Hb1
TGCTTCGGTACAGAGC_Hyp3,045 OB-STR-CTX Inh IMN,CS20230722_SUBC_045,0.88,Hyp3
TGCTTCGTCTCTCCGA_Hb3,243 PGRN-PARN-MDRN Hoxb5 Glut,CS20230722_SUBC_243,0.28,Hb3
TGCTTGCAGACTTGTC_vFb.Prog1,192 PPN-CUN-PCG Otp En1 Gaba,CS20230722_SUBC_192,0.34,vFb.Prog1
TGCTTGCCATTGCAAC_Hyp3,108 ARH-PVp Tbx3 Gaba,CS20230722_SUBC_108,0.42,Hyp3
TGGAACTGTAAGACCG_pTub,238 NTS Phox2b Glut,CS20230722_SUBC_238,0.48,pTub
TGGAACTGTGTGATGG_Hyp1,251 NTS Dbh Glut,CS20230722_SUBC_251,0.78,Hyp1
TGGAGAGGTAGTTAGA_vFb.Prog2,283 PRP Otp Gly-Gaba,CS20230722_SUBC_283,0.38,vFb.Prog2
TGGAGGACAACGACTT_Hyp1,107 DMH Hmx2 Gaba,CS20230722_SUBC_107,0.31,Hyp1
TGGAGGATCCTACGAA_vFb.Prog1,101 ZI Pax6 Gaba,CS20230722_SUBC_101,0.82,vFb.Prog1
TGGATCACAGCACGAA_vFb.Prog2,101 ZI Pax6 Gaba,CS20230722_SUBC_101,0.95,vFb.Prog2
TGGATCAGTTTGGGTT_Hb3,248 MV-SPIV Zic4 Neurod2 Glut,CS20230722_SUBC_248,0.42,Hb3
TGGCGTGAGCCGAATG_vFb.Prog2,237 PRP-NI-PRNc-GRN Otp Glut,CS20230722_SUBC_237,0.34,vFb.Prog2
TGGCGTGAGGTTCCGC_Hyp2,094 SCH Six6 Cdc14a Gaba,CS20230722_SUBC_094,0.34,Hyp2
TGGCGTGCATGTCGTA_pTub,134 PH-ant-LHA Otp Bsx Glut,CS20230722_SUBC_134,0.27,pTub
TGGCGTGGTTCCTAGA_Hyp1,107 DMH Hmx2 Gaba,CS20230722_SUBC_107,0.33,Hyp1
TGGCGTGTCATCACTT_Cb,045 OB-STR-CTX Inh IMN,CS20230722_SUBC_045,0.98,Cb
TGGCGTGTCGCAATTG_OB,044 OB Dopa-Gaba,CS20230722_SUBC_044,0.57,OB
TGGGAGAAGTCACGAG_pTub,134 PH-ant-LHA Otp Bsx Glut,CS20230722_SUBC_134,0.29,pTub
TGGGAGAAGTTTCAGC_pTub,131 LHA-AHN-PVH Otp Trh Glut,CS20230722_SUBC_131,0.47,pTub
TGGGAGACAATACGAA_pTub,237 PRP-NI-PRNc-GRN Otp Glut,CS20230722_SUBC_237,0.43,pTub
TGGGCGTCAACCCGCA_Hb1,251 NTS Dbh Glut,CS20230722_SUBC_251,0.94,Hb1
TGGGCGTCACGGTAGA_vFb.Prog2,045 OB-STR-CTX Inh IMN,CS20230722_SUBC_045,1.0,vFb.Prog2
TGGGTTAAGCCATTGT_vFb.Prog2,043 OB-mi Frmd7 Gaba,CS20230722_SUBC_043,0.36,vFb.Prog2
TGGGTTACATCTAACG_Hyp1,094 SCH Six6 Cdc14a Gaba,CS20230722_SUBC_094,0.18,Hyp1
TGGTACAAGGAATGTT_vFb.Prog1,102 DMH-LHA Gsx1 Gaba,CS20230722_SUBC_102,0.54,vFb.Prog1
TGGTACACAAGTGGCA_Hyp1,107 DMH Hmx2 Gaba,CS20230722_SUBC_107,0.27,Hyp1
TGGTACAGTTACGTAC_Hb3,259 MDRNd Bves Glut,CS20230722_SUBC_259,0.47,Hb3
TGGTACATCGTCAAAC_Hyp3,045 OB-STR-CTX Inh IMN,CS20230722_SUBC_045,0.67,Hyp3
TGGTACATCTTTCCGG_Hyp1,103 PVHd-DMH Lhx6 Gaba,CS20230722_SUBC_103,0.25,Hyp1
TGGTAGTAGTCCTGCG_pTub,237 PRP-NI-PRNc-GRN Otp Glut,CS20230722_SUBC_237,0.31,pTub
TGGTAGTAGTGGTGAC_vFb.Prog2,098 AHN-SBPV-PVHd Pdrm12 Gaba,CS20230722_SUBC_098,0.49,vFb.Prog2
TGGTGATCAATGTCAC_Hb2,238 NTS Phox2b Glut,CS20230722_SUBC_238,0.42,Hb2
TGGTGATGTCAAAGTA_Hyp1,097 PVHd-SBPV Six3 Prox1 Gaba,CS20230722_SUBC_097,0.25,Hyp1
TGGTTAGAGACGCATG_PrT,198 IC Six3 En2 Gaba,CS20230722_SUBC_198,0.21,PrT
TGTAACGAGCCTGAGA_PrT,202 PRT Tcf7l2 Gaba,CS20230722_SUBC_202,0.57,PrT
TGTAACGAGCTAGAGC_Hb1,251 NTS Dbh Glut,CS20230722_SUBC_251,0.51,Hb1
TGTAACGAGGATACAT_vFb.Prog2,045 OB-STR-CTX Inh IMN,CS20230722_SUBC_045,0.75,vFb.Prog2
TGTAACGCATTCATCT_Hyp3,045 OB-STR-CTX Inh IMN,CS20230722_SUBC_045,0.7,Hyp3
TGTAAGCCAAGGTCAG_Hb3,243 PGRN-PARN-MDRN Hoxb5 Glut,CS20230722_SUBC_243,0.41,Hb3
TGTACAGAGAGTTGCG_Hyp1,198 IC Six3 En2 Gaba,CS20230722_SUBC_198,0.19,Hyp1
TGTACAGCATAACGGG_DMX,252 DMX VII Tbx20 Chol,CS20230722_SUBC_252,0.65,DMX
TGTACAGGTCAAGCGA_pTub,134 PH-ant-LHA Otp Bsx Glut,CS20230722_SUBC_134,0.27,pTub
TGTACAGTCGTCCTTG_Hb3,238 NTS Phox2b Glut,CS20230722_SUBC_238,0.74,Hb3
TGTAGACCATTCTTCA_Hb3,243 PGRN-PARN-MDRN Hoxb5 Glut,CS20230722_SUBC_243,0.65,Hb3
TGTAGACGTAGGACCA_DMX,252 DMX VII Tbx20 Chol,CS20230722_SUBC_252,0.64,DMX
TGTCAGACATGCCATA_DMX,285 MY Lhx1 Gly-Gaba,CS20230722_SUBC_285,0.88,DMX
TGTCCACAGAACAGGA_Hyp1,045 OB-STR-CTX Inh IMN,CS20230722_SUBC_045,0.99,Hyp1
TGTCCACGTCCACTTC_Hb2,251 NTS Dbh Glut,CS20230722_SUBC_251,0.75,Hb2
TGTCCACTCTCTCGAC_vFb.Prog1,103 PVHd-DMH Lhx6 Gaba,CS20230722_SUBC_103,0.25,vFb.Prog1
TGTCCCAAGTGGATTA_vFb.Prog2,057 NDB-SI-MA-STRv Lhx8 Gaba,CS20230722_SUBC_057,0.71,vFb.Prog2
TGTCCTGGTTGGACCC_pTub,104 TU-ARH Otp Six6 Gaba,CS20230722_SUBC_104,0.41,pTub
TGTCCTGTCCAACTGA_Hyp3,243 PGRN-PARN-MDRN Hoxb5 Glut,CS20230722_SUBC_243,0.32,Hyp3
TGTGATGTCTTGCGCT_vFb.Prog1,083 CEA-BST Rai14 Pdyn Crh Gaba,CS20230722_SUBC_083,0.31,vFb.Prog1
TGTGCGGTCTCATTGT_PrT,210 PRT Mecom Gaba,CS20230722_SUBC_210,0.26,PrT
TGTGGCGCACCTCTAC_PrT,203 LGv-SPFp-SPFm Nkx2-2 Tcf7l2 Gaba,CS20230722_SUBC_203,0.38,PrT
TGTGTGACAAATGCTC_PrT,202 PRT Tcf7l2 Gaba,CS20230722_SUBC_202,0.71,PrT
TGTTACTAGTAATACG_Hb1,251 NTS Dbh Glut,CS20230722_SUBC_251,0.61,Hb1
TGTTACTCAACAGATA_Hyp3,092 TMv-PMv Tbx3 Hist-Gaba,CS20230722_SUBC_092,0.27,Hyp3
TGTTACTGTTGGAGGT_Hyp3,304 NTS-PARN Neurod2 Gly-Gaba,CS20230722_SUBC_304,0.39,Hyp3
TGTTACTTCGCCTATC_vFb.Prog1,201 PAG-RN Nkx2-2 Otx1 Gaba,CS20230722_SUBC_201,0.51,vFb.Prog1
TGTTCCGAGCTTTCTT_Hyp3,108 ARH-PVp Tbx3 Gaba,CS20230722_SUBC_108,0.41,Hyp3
TGTTCTACAGCAGACA_pTub,134 PH-ant-LHA Otp Bsx Glut,CS20230722_SUBC_134,0.36,pTub
TGTTGAGCATCGTCCT_Hyp2,108 ARH-PVp Tbx3 Gaba,CS20230722_SUBC_108,0.32,Hyp2
TGTTTGTAGCTTTCTT_vFb.Prog1,251 NTS Dbh Glut,CS20230722_SUBC_251,0.46,vFb.Prog1
TGTTTGTAGGCATGGT_vFb.Prog1,243 PGRN-PARN-MDRN Hoxb5 Glut,CS20230722_SUBC_243,0.46,vFb.Prog1
TTACAGGTCAGTGCGC_PrT,202 PRT Tcf7l2 Gaba,CS20230722_SUBC_202,0.49,PrT
TTACCATAGCAGGGAG_OB,101 ZI Pax6 Gaba,CS20230722_SUBC_101,0.39,OB
TTACCATAGTCGGGAT_vFb.Prog1,064 STR-PAL Chst9 Gaba,CS20230722_SUBC_064,0.38,vFb.Prog1
TTACGCCTCTAAGGAA_Hyp1,107 DMH Hmx2 Gaba,CS20230722_SUBC_107,0.3,Hyp1
TTACGCCTCTCAAAGC_Hb1,243 PGRN-PARN-MDRN Hoxb5 Glut,CS20230722_SUBC_243,0.43,Hb1
TTACGTTTCAATCAGC_Hyp2,103 PVHd-DMH Lhx6 Gaba,CS20230722_SUBC_103,0.28,Hyp2
TTACTGTGTACAGTAA_vFb.Prog1,099 SBPV-PVa Six6 Satb2 Gaba,CS20230722_SUBC_099,0.65,vFb.Prog1
TTACTGTGTAGCGATG_pTub,134 PH-ant-LHA Otp Bsx Glut,CS20230722_SUBC_134,0.61,pTub
TTACTGTGTGATGGCA_Hb1,251 NTS Dbh Glut,CS20230722_SUBC_251,0.52,Hb1
TTAGGCAAGCCACAAG_Hb1,251 NTS Dbh Glut,CS20230722_SUBC_251,0.34,Hb1
TTAGGCAAGGGAACAA_Hb1,238 NTS Phox2b Glut,CS20230722_SUBC_238,0.47,Hb1
TTAGGGTCAATGAAAC_vFb.Prog1,101 ZI Pax6 Gaba,CS20230722_SUBC_101,0.7,vFb.Prog1
TTAGGGTTCCCTCTCC_PrT,202 PRT Tcf7l2 Gaba,CS20230722_SUBC_202,0.38,PrT
TTAGTCTGTGGTAATA_Hyp2,092 TMv-PMv Tbx3 Hist-Gaba,CS20230722_SUBC_092,0.33,Hyp2
TTAGTCTTCAGAGCAG_PrT,202 PRT Tcf7l2 Gaba,CS20230722_SUBC_202,0.46,PrT
TTAGTCTTCTACTGCC_vFb.Prog1,101 ZI Pax6 Gaba,CS20230722_SUBC_101,0.5,vFb.Prog1
TTATTGCGTTATCTTC_Hb2,251 NTS Dbh Glut,CS20230722_SUBC_251,0.42,Hb2
TTCAATCGTGGCTGCT_Hyp1,103 PVHd-DMH Lhx6 Gaba,CS20230722_SUBC_103,0.25,Hyp1
TTCACCGTCGCTGACG_PrT,202 PRT Tcf7l2 Gaba,CS20230722_SUBC_202,0.35,PrT
TTCACGCAGGTAAACT_vFb.Prog2,094 SCH Six6 Cdc14a Gaba,CS20230722_SUBC_094,0.51,vFb.Prog2
TTCACGCCACTGTTCC_vFb.Prog1,207 SCs Dmbx1 Gaba,CS20230722_SUBC_207,0.56,vFb.Prog1
TTCACGCCATTGCCGG_Hyp1,105 TMd-DMH Foxd2 Gaba,CS20230722_SUBC_105,0.22,Hyp1
TTCAGGAAGGCTGAAC_Hyp2,101 ZI Pax6 Gaba,CS20230722_SUBC_101,0.22,Hyp2
TTCAGGACACCAGTAT_Hyp1,102 DMH-LHA Gsx1 Gaba,CS20230722_SUBC_102,0.28,Hyp1
TTCAGGACATTCTTCA_Cb,314 CB Granule Glut,CS20230722_SUBC_314,0.97,Cb
TTCAGGAGTGAGTCAG_vFb.Prog1,202 PRT Tcf7l2 Gaba,CS20230722_SUBC_202,0.18,vFb.Prog1
TTCAGGATCACACGAT_Hb2,251 NTS Dbh Glut,CS20230722_SUBC_251,0.8,Hb2
TTCATGTAGTAAGACT_PrT,202 PRT Tcf7l2 Gaba,CS20230722_SUBC_202,0.56,PrT
TTCATGTCAAGCCCAC_vFb.Prog1,134 PH-ant-LHA Otp Bsx Glut,CS20230722_SUBC_134,0.68,vFb.Prog1
TTCATTGCACCCTTAC_Hyp1,105 TMd-DMH Foxd2 Gaba,CS20230722_SUBC_105,0.27,Hyp1
TTCATTGGTTCGTACA_Hyp3,095 DMH Prdm13 Gaba,CS20230722_SUBC_095,0.48,Hyp3
TTCATTGTCGCCGAAC_pTub,237 PRP-NI-PRNc-GRN Otp Glut,CS20230722_SUBC_237,0.61,pTub
TTCCAATTCACTCCGT_vFb.Prog1,285 MY Lhx1 Gly-Gaba,CS20230722_SUBC_285,0.43,vFb.Prog1
TTCCACGTCGCTCTCA_Hb1,251 NTS Dbh Glut,CS20230722_SUBC_251,0.97,Hb1
TTCCACGTCTGTCGTC_PrT,203 LGv-SPFp-SPFm Nkx2-2 Tcf7l2 Gaba,CS20230722_SUBC_203,0.26,PrT
TTCCGGTCAAGGTTGG_Hyp3,094 SCH Six6 Cdc14a Gaba,CS20230722_SUBC_094,0.46,Hyp3
TTCCGGTGTGATCGTT_Hb2,251 NTS Dbh Glut,CS20230722_SUBC_251,0.46,Hb2
TTCCGTGAGGACGCTA_vFb.Prog1,124 MPN-MPO-PVpo Hmx2 Glut,CS20230722_SUBC_124,0.51,vFb.Prog1
TTCCGTGTCCTAGCCT_pTub,134 PH-ant-LHA Otp Bsx Glut,CS20230722_SUBC_134,0.74,pTub
TTCCTAAGTGACGCCT_vFb.Prog1,106 PVpo-VMPO-MPN Hmx2 Gaba,CS20230722_SUBC_106,0.24,vFb.Prog1
TTCCTCTCATTAGGCT_Hb1,251 NTS Dbh Glut,CS20230722_SUBC_251,0.95,Hb1
TTCCTCTGTTGAGGAC_pTub,134 PH-ant-LHA Otp Bsx Glut,CS20230722_SUBC_134,0.58,pTub
TTCCTCTTCGCTGATA_vFb.Prog1,089 PVR Six3 Sox3 Gaba,CS20230722_SUBC_089,0.72,vFb.Prog1
TTCCTTCAGCCAAGTG_Hyp1,105 TMd-DMH Foxd2 Gaba,CS20230722_SUBC_105,0.26,Hyp1
TTCCTTCGTACTAACC_pTub,140 PMd-LHA Foxb1 Glut,CS20230722_SUBC_140,0.53,pTub
TTCGATTAGCTGACAG_pTub,134 PH-ant-LHA Otp Bsx Glut,CS20230722_SUBC_134,0.25,pTub
TTCGATTAGGGTCACA_Hyp1,100 AHN Onecut3 Gaba,CS20230722_SUBC_100,0.28,Hyp1
TTCGCTGCATCGTGCG_Hb1,251 NTS Dbh Glut,CS20230722_SUBC_251,0.94,Hb1
TTCGCTGTCGAGCTGC_Hyp2,108 ARH-PVp Tbx3 Gaba,CS20230722_SUBC_108,0.58,Hyp2
TTCTAACAGTTGGAGC_Hyp1,094 SCH Six6 Cdc14a Gaba,CS20230722_SUBC_094,0.41,Hyp1
TTCTAGTCAGCGACCT_Hyp1,105 TMd-DMH Foxd2 Gaba,CS20230722_SUBC_105,0.38,Hyp1
TTCTAGTCATGCCGGT_vFb.Prog1,083 CEA-BST Rai14 Pdyn Crh Gaba,CS20230722_SUBC_083,0.34,vFb.Prog1
TTCTAGTGTTGAGTCT_vFb.Prog1,099 SBPV-PVa Six6 Satb2 Gaba,CS20230722_SUBC_099,0.29,vFb.Prog1
TTCTCTCAGAGTGTGC_Hb2,251 NTS Dbh Glut,CS20230722_SUBC_251,0.76,Hb2
TTCTCTCGTCGGTACC_Hb1,251 NTS Dbh Glut,CS20230722_SUBC_251,0.4,Hb1
TTCTGTAAGCATATGA_Hb2,251 NTS Dbh Glut,CS20230722_SUBC_251,0.81,Hb2
TTCTGTACATGACTGT_vFb.Prog1,238 NTS Phox2b Glut,CS20230722_SUBC_238,0.39,vFb.Prog1
TTCTTGATCAATGCAC_Hb1,251 NTS Dbh Glut,CS20230722_SUBC_251,0.77,Hb1
TTGAACGCACCGTGGT_OB,045 OB-STR-CTX Inh IMN,CS20230722_SUBC_045,0.46,OB
TTGAACGGTTGTGGAG_Hyp1,108 ARH-PVp Tbx3 Gaba,CS20230722_SUBC_108,0.17,Hyp1
TTGAGTGAGGATCACG_DMX,252 DMX VII Tbx20 Chol,CS20230722_SUBC_252,0.64,DMX
TTGAGTGCACGGTGAA_Hyp1,094 SCH Six6 Cdc14a Gaba,CS20230722_SUBC_094,0.33,Hyp1
TTGATGGCACTCTAGA_Hb3,243 PGRN-PARN-MDRN Hoxb5 Glut,CS20230722_SUBC_243,0.47,Hb3
TTGCATTCAGCGACCT_Hb1,251 NTS Dbh Glut,CS20230722_SUBC_251,0.69,Hb1
TTGCCTGCACTCAGAT_Hyp3,099 SBPV-PVa Six6 Satb2 Gaba,CS20230722_SUBC_099,0.21,Hyp3
TTGCCTGGTCATACCA_vFb.Prog2,103 PVHd-DMH Lhx6 Gaba,CS20230722_SUBC_103,0.86,vFb.Prog2
TTGCCTGGTTTCGTAG_Hb2,251 NTS Dbh Glut,CS20230722_SUBC_251,0.8,Hb2
TTGCGTCAGCCACTCG_Hyp2,098 AHN-SBPV-PVHd Pdrm12 Gaba,CS20230722_SUBC_098,0.22,Hyp2
TTGCGTCCAAACGAGC_Hyp1,103 PVHd-DMH Lhx6 Gaba,CS20230722_SUBC_103,0.21,Hyp1
TTGCTGCAGCATGCGA_Hyp1,102 DMH-LHA Gsx1 Gaba,CS20230722_SUBC_102,0.21,Hyp1
TTGCTGCGTCGCTTAA_PrT,202 PRT Tcf7l2 Gaba,CS20230722_SUBC_202,0.64,PrT
TTGCTGCGTTAAACAG_Hb3,285 MY Lhx1 Gly-Gaba,CS20230722_SUBC_285,0.44,Hb3
TTGGATGAGCAGCACA_Hyp2,095 DMH Prdm13 Gaba,CS20230722_SUBC_095,0.42,Hyp2
TTGGATGCACCCTTAC_DMX,243 PGRN-PARN-MDRN Hoxb5 Glut,CS20230722_SUBC_243,0.68,DMX
TTGGATGCAGTTGAAA_PrT,101 ZI Pax6 Gaba,CS20230722_SUBC_101,0.32,PrT
TTGGGATAGGCATGGT_Hb2,251 NTS Dbh Glut,CS20230722_SUBC_251,0.52,Hb2
TTGGGCGCAGACGCTC_Hb1,251 NTS Dbh Glut,CS20230722_SUBC_251,0.87,Hb1
TTGGGCGCAGGCACAA_Hyp1,102 DMH-LHA Gsx1 Gaba,CS20230722_SUBC_102,0.26,Hyp1
TTGGGCGCATCATTTC_vFb.Prog1,106 PVpo-VMPO-MPN Hmx2 Gaba,CS20230722_SUBC_106,0.43,vFb.Prog1
TTGGGCGTCTCGCTCA_vFb.Prog1,131 LHA-AHN-PVH Otp Trh Glut,CS20230722_SUBC_131,0.38,vFb.Prog1
TTGGGTAAGCTTTGTG_Hyp2,094 SCH Six6 Cdc14a Gaba,CS20230722_SUBC_094,0.27,Hyp2
TTGGGTAGTCATAACC_vFb.Prog1,088 BST Tac2 Gaba,CS20230722_SUBC_088,0.28,vFb.Prog1
TTGGGTAGTTATGACC_Hyp1,045 OB-STR-CTX Inh IMN,CS20230722_SUBC_045,1.0,Hyp1
TTGGGTATCAGTGCGC_Hyp2,095 DMH Prdm13 Gaba,CS20230722_SUBC_095,0.27,Hyp2
TTGGGTATCCATTTCA_vFb.Prog2,101 ZI Pax6 Gaba,CS20230722_SUBC_101,0.49,vFb.Prog2
TTGGTTTGTCTGTTAG_Hb1,251 NTS Dbh Glut,CS20230722_SUBC_251,0.89,Hb1
TTGGTTTGTTTAAGGA_PrT,202 PRT Tcf7l2 Gaba,CS20230722_SUBC_202,0.5,PrT
TTGTGTTTCTTCTGGC_PrT,106 PVpo-VMPO-MPN Hmx2 Gaba,CS20230722_SUBC_106,0.21,PrT
TTGTTCAAGTCATGAA_vFb.Prog1,093 RT-ZI Gnb3 Gaba,CS20230722_SUBC_093,0.24,vFb.Prog1
TTGTTCAAGTGAGTTA_vFb.Prog1,198 IC Six3 En2 Gaba,CS20230722_SUBC_198,0.62,vFb.Prog1
TTGTTCAGTCACAATC_Hb1,251 NTS Dbh Glut,CS20230722_SUBC_251,0.87,Hb1
TTGTTGTAGGCCACCT_Hyp2,094 SCH Six6 Cdc14a Gaba,CS20230722_SUBC_094,0.27,Hyp2
TTGTTGTTCGCCCAGA_Hyp1,263 CS-RPO Meis2 Gaba,CS20230722_SUBC_263,0.35,Hyp1
TTGTTGTTCGGAATGG_vFb.Prog2,101 ZI Pax6 Gaba,CS20230722_SUBC_101,0.33,vFb.Prog2
TTGTTTGCAGTTTCAG_Hyp1,105 TMd-DMH Foxd2 Gaba,CS20230722_SUBC_105,0.42,Hyp1
TTTACCATCTTGCGCT_vFb.Prog1,203 LGv-SPFp-SPFm Nkx2-2 Tcf7l2 Gaba,CS20230722_SUBC_203,0.46,vFb.Prog1
TTTACGTGTGGCTCTG_Hyp3,045 OB-STR-CTX Inh IMN,CS20230722_SUBC_045,0.72,Hyp3
TTTACTGTCCCTTGTG_Hyp1,094 SCH Six6 Cdc14a Gaba,CS20230722_SUBC_094,0.62,Hyp1
TTTAGTCGTATAATGG_vFb.Prog2,202 PRT Tcf7l2 Gaba,CS20230722_SUBC_202,0.62,vFb.Prog2
TTTAGTCGTCGACTGC_Hb1,251 NTS Dbh Glut,CS20230722_SUBC_251,0.87,Hb1
TTTATGCAGCACACCC_Hyp1,094 SCH Six6 Cdc14a Gaba,CS20230722_SUBC_094,0.82,Hyp1
TTTATGCGTGACAACG_Hb1,251 NTS Dbh Glut,CS20230722_SUBC_251,0.83,Hb1
TTTCAGTAGTCTGCGC_vFb.Prog1,084 BST-SI-AAA Six3 Slc22a3 Gaba,CS20230722_SUBC_084,0.25,vFb.Prog1
TTTCAGTTCCCATTTA_vFb.Prog2,243 PGRN-PARN-MDRN Hoxb5 Glut,CS20230722_SUBC_243,0.22,vFb.Prog2
TTTCCTCAGACCGCCT_Hyp1,105 TMd-DMH Foxd2 Gaba,CS20230722_SUBC_105,0.27,Hyp1
TTTCCTCAGTGGAAAG_Hyp3,134 PH-ant-LHA Otp Bsx Glut,CS20230722_SUBC_134,0.59,Hyp3
TTTCGATGTTCGAACT_Hyp2,108 ARH-PVp Tbx3 Gaba,CS20230722_SUBC_108,0.29,Hyp2
TTTCGATTCAAGATAG_vFb.Prog1,106 PVpo-VMPO-MPN Hmx2 Gaba,CS20230722_SUBC_106,0.16,vFb.Prog1
TTTGACTCACCCTCTA_pTub,134 PH-ant-LHA Otp Bsx Glut,CS20230722_SUBC_134,0.43,pTub
TTTGACTCAGCGTAGA_vFb.Prog1,101 ZI Pax6 Gaba,CS20230722_SUBC_101,0.45,vFb.Prog1
TTTGATCAGAGCTGAC_PrT,109 LGv-ZI Otx2 Gaba,CS20230722_SUBC_109,0.55,PrT
TTTGATCAGATCGCTT_vFb.Prog2,045 OB-STR-CTX Inh IMN,CS20230722_SUBC_045,1.0,vFb.Prog2
TTTGATCAGGATCATA_Hyp2,105 TMd-DMH Foxd2 Gaba,CS20230722_SUBC_105,0.2,Hyp2
TTTGATCCACGGTGAA_Hyp3,106 PVpo-VMPO-MPN Hmx2 Gaba,CS20230722_SUBC_106,0.29,Hyp3
TTTGATCTCGCTTGAA_vFb.Prog1,168 SPA-SPFm-SPFp-POL-PIL-PoT Sp9 Glut,CS20230722_SUBC_168,0.28,vFb.Prog1
TTTGATCTCGGCTCTT_Hyp1,102 DMH-LHA Gsx1 Gaba,CS20230722_SUBC_102,0.18,Hyp1
TTTGGAGAGCTGTTAC_Hb2,251 NTS Dbh Glut,CS20230722_SUBC_251,0.57,Hb2
TTTGGTTCATTCTCTA_Hb1,251 NTS Dbh Glut,CS20230722_SUBC_251,0.63,Hb1
TTTGGTTTCTTCACAT_vFb.Prog1,045 OB-STR-CTX Inh IMN,CS20230722_SUBC_045,0.45,vFb.Prog1
TTTGTTGCAACTAGAA_vFb.Prog2,238 NTS Phox2b Glut,CS20230722_SUBC_238,0.66,vFb.Prog2
TTTGTTGCAAGGCGTA_vFb.Prog2,101 ZI Pax6 Gaba,CS20230722_SUBC_101,0.89,vFb.Prog2
TTTGTTGCACTATGTG_vFb.Prog2,045 OB-STR-CTX Inh IMN,CS20230722_SUBC_045,0.88,vFb.Prog2
TTTGTTGGTACCGGAA_Hyp3,108 ARH-PVp Tbx3 Gaba,CS20230722_SUBC_108,0.26,Hyp3
